t,err_weighted
0.000000,0.081334
0.020057,0.074341
0.040207,0.072974
0.060011,0.061462
0.080040,0.053151
0.100051,0.045239
0.120049,0.042172
0.140001,0.043635
0.160095,0.045775
0.180010,0.127996
0.200294,0.165505
0.220063,0.176652
0.240051,0.212170
0.260050,0.210903
0.280275,0.206840
0.300045,0.167857
0.320056,0.175399
0.339996,0.169102
0.360245,0.158282
0.380000,0.155873
0.400038,0.222518
0.420038,0.152339
0.439999,0.147946
0.460046,0.135913
0.480065,0.138927
0.500204,0.082556
0.520047,0.085721
0.540058,0.065166
0.560046,0.059727
0.580047,0.084509
0.600155,0.072228
0.620058,0.080420
0.640082,0.094147
0.660063,0.107850
0.680054,0.115313
0.700060,0.110343
0.720124,0.116521
0.740184,0.099854
0.760004,0.139863
0.780067,0.209626
0.800128,0.171029
0.820280,0.129765
0.840003,0.120619
0.860005,0.092782
0.880040,0.092851
0.900042,0.078056
0.920055,0.063975
0.939998,0.085767
0.960001,0.102535
0.980041,0.111596
1.000074,0.109045
1.020001,0.086324
1.039992,0.148962
1.060040,0.207342
1.080055,0.218088
1.099991,0.158979
1.120042,0.165780
1.140037,0.111299
1.160039,0.076523
1.179992,0.046000
1.200041,0.041761
1.220052,0.052275
1.240299,0.054900
1.260066,0.048770
1.280220,0.068222
1.300275,0.082180
1.320065,0.061677
1.340053,0.129147
1.360042,0.155651
1.380247,0.197349
1.400130,0.115647
1.420101,0.118820
1.440053,0.126532
1.460221,0.110920
1.480185,0.082312
1.499999,0.054783
1.519994,0.059731
1.539999,0.061311
1.560065,0.073237
1.580063,0.081683
1.599990,0.090311
1.620043,0.097796
1.640042,0.101831
1.660045,0.067525
1.680010,0.170060
1.700048,0.239242
1.719991,0.233946
1.739990,0.168527
1.760255,0.173288
1.780042,0.116132
1.800041,0.082421
1.820063,0.067668
1.840043,0.024416
1.860040,0.038251
1.879994,0.031682
1.900216,0.045640
1.920293,0.058103
1.940000,0.067390
1.960040,0.067716
1.980047,0.071869
1.999996,0.080918
2.019990,0.172890
2.039995,0.232013
2.060265,0.226648
2.080053,0.180100
2.100047,0.168705
2.120035,0.111271
2.140041,0.112948
2.160067,0.073037
2.179991,0.036916
2.200055,0.047423
2.220145,0.048141
2.240219,0.057604
2.260051,0.066549
2.280037,0.079598
2.300009,0.096677
2.320076,0.085316
2.340032,0.075725
2.360057,0.123643
2.379994,0.235294
2.400058,0.118644
2.419994,0.173849
2.440017,0.173276
2.460059,0.145185
2.480063,0.072578
2.500035,0.061094
2.520212,0.030151
2.540242,0.039586
2.560053,0.039224
2.580041,0.054629
2.600043,0.070493
2.620107,0.073945
2.640070,0.078823
2.660056,0.063561
2.680323,0.162426
2.700055,0.171810
2.719996,0.127784
2.740071,0.175999
2.760271,0.172337
2.780230,0.112472
2.800056,0.082959
2.820046,0.051325
2.839998,0.038450
2.860073,0.051906
2.880049,0.064005
2.900000,0.073386
2.920030,0.079400
2.940212,0.087840
2.960048,0.081930
2.979996,0.077320
2.999997,0.173683
3.020036,0.223356
3.040034,0.234280
3.060027,0.168830
3.080041,0.126462
3.100038,0.158851
3.120032,0.087704
3.139998,0.067621
3.159991,0.040436
3.179992,0.034330
3.199991,0.035587
3.220048,0.039621
3.240224,0.053326
3.260258,0.068344
3.280197,0.080742
3.300037,0.059736
3.320044,0.120686
3.340038,0.154578
3.359991,0.243417
3.380040,0.201576
3.400080,0.121901
3.420154,0.118177
3.440331,0.108203
3.459999,0.105183
3.479997,0.073126
3.500124,0.058592
3.520036,0.061101
3.540063,0.064239
3.560046,0.070562
3.579996,0.082590
3.600038,0.100639
3.620039,0.091328
3.640039,0.077121
3.660003,0.149690
3.679986,0.226675
3.700063,0.225107
3.720195,0.169519
3.740041,0.123439
3.759996,0.149605
3.780042,0.107706
3.800040,0.059402
3.820034,0.035985
3.839989,0.033565
3.859989,0.042491
3.880076,0.051462
3.900043,0.064123
3.919996,0.075394
3.939991,0.077393
3.959987,0.061445
3.980050,0.144713
4.000351,0.207182
4.020240,0.242762
4.040091,0.167126
4.060010,0.117685
4.079995,0.154761
4.100034,0.133924
4.120040,0.092679
4.140045,0.049417
4.159985,0.040826
4.180028,0.059691
4.200026,0.073912
4.220001,0.082906
4.240041,0.091915
4.259987,0.093145
4.279992,0.083905
4.299990,0.133558
4.320039,0.191428
4.339987,0.219398
4.359992,0.108033
4.379997,0.125074
4.400052,0.178379
4.420035,0.107744
4.440091,0.068196
4.460007,0.031533
4.480000,0.023337
4.500045,0.026635
4.519997,0.036786
4.540042,0.047405
4.560106,0.056803
4.580044,0.068717
4.600039,0.066263
4.620094,0.059909
4.640031,0.158021
4.660007,0.250255
4.680089,0.140159
4.699988,0.178506
4.719990,0.127954
4.739996,0.109160
4.759998,0.118531
4.779998,0.077014
4.800038,0.050641
4.820032,0.047020
4.840044,0.053554
4.859991,0.055619
4.879995,0.066432
4.899986,0.080721
4.919989,0.089127
4.940056,0.093768
4.960042,0.073329
4.980225,0.173087
5.000000,0.214361
5.020031,0.216257
5.040031,0.168263
5.060017,0.170452
5.080041,0.154607
5.100052,0.083437
5.120055,0.040718
5.139987,0.040441
5.160177,0.035941
5.180515,0.033139
5.200540,0.045228
5.220611,0.062567
5.240373,0.076258
5.260204,0.079661
5.280293,0.055222
5.300068,0.091398
5.319995,0.180766
5.339988,0.244388
5.359989,0.121182
5.380229,0.165329
5.400040,0.121973
5.420097,0.098907
5.440032,0.096294
5.460052,0.045249
5.480042,0.036126
5.500055,0.041388
5.520058,0.055394
5.539993,0.066080
5.560017,0.075842
5.580234,0.089525
5.599995,0.089392
5.620044,0.078548
5.640058,0.130347
5.660044,0.191932
5.680042,0.108970
5.700228,0.107273
5.720271,0.120123
5.740211,0.104638
5.760037,0.072121
5.780025,0.064521
5.800031,0.027457
5.819994,0.037551
5.840048,0.039865
5.860082,0.053897
5.880045,0.067609
5.900056,0.072501
5.920255,0.059270
5.940202,0.057358
5.960040,0.124470
5.980172,0.221616
5.999994,0.232621
6.019995,0.175174
6.040255,0.123377
6.060081,0.111800
6.080739,0.086091
6.100807,0.074973
6.120165,0.057419
6.140093,0.056312
6.160059,0.066964
6.180083,0.077255
6.200057,0.086058
6.220009,0.096166
6.240221,0.084648
6.260044,0.075443
6.279990,0.127205
6.299991,0.230030
6.319998,0.245499
6.340037,0.112637
6.360200,0.172910
6.380029,0.122571
6.400045,0.083287
6.419990,0.067078
6.440036,0.025527
6.460034,0.039600
6.480038,0.035429
6.500150,0.041689
6.519990,0.050029
6.540043,0.062948
6.560003,0.074753
6.580073,0.070980
6.600190,0.083039
6.620254,0.152543
6.640220,0.147935
6.660056,0.212892
6.680053,0.123233
6.700047,0.113833
6.720217,0.106431
6.740323,0.076927
6.760291,0.045420
6.780147,0.038131
6.800153,0.040921
6.820228,0.054661
6.839988,0.065477
6.860037,0.075324
6.879989,0.091121
6.899994,0.085094
6.920041,0.080694
6.940038,0.144479
6.959982,0.213577
6.980226,0.222908
7.000263,0.162220
7.020037,0.163886
7.040230,0.153565
7.060041,0.086730
7.080040,0.049228
7.100031,0.026521
7.120033,0.036014
7.140028,0.035331
7.159987,0.045383
7.180033,0.062274
7.200029,0.075082
7.220069,0.073940
7.240205,0.059674
7.260035,0.088501
7.280081,0.195624
7.299993,0.248620
7.320295,0.201194
7.340206,0.174631
7.359987,0.165134
7.380055,0.144042
7.400027,0.074842
7.420037,0.062720
7.440096,0.048949
7.460017,0.038106
7.479998,0.046607
7.500210,0.059895
7.520036,0.070745
7.540061,0.085454
7.560068,0.089500
7.580045,0.077811
7.600043,0.139099
7.620037,0.178667
7.640034,0.117109
7.660039,0.108057
7.680031,0.121544
7.700036,0.110342
7.720110,0.083095
7.740108,0.050910
7.760260,0.028313
7.780254,0.034992
7.800098,0.035758
7.820232,0.046831
7.840101,0.057050
7.860259,0.068598
7.880106,0.070325
7.900112,0.059095
7.920247,0.144963
7.940210,0.188755
7.960044,0.113904
7.980050,0.108181
8.000092,0.165341
8.020030,0.156517
8.039982,0.093759
8.060075,0.062609
8.080035,0.047035
8.100055,0.058085
8.120033,0.055234
8.140027,0.062902
8.159987,0.074490
8.180027,0.087718
8.199986,0.099987
8.219991,0.076225
8.239985,0.157804
8.260040,0.184995
8.280036,0.120002
8.300026,0.117677
8.320056,0.129614
8.340034,0.115767
8.360029,0.116654
8.380247,0.073265
8.400240,0.028404
8.420298,0.032561
8.439988,0.032934
8.460017,0.044637
8.480245,0.059788
8.499991,0.073455
8.520032,0.068956
8.540024,0.056435
8.560025,0.121845
8.580029,0.222128
8.599984,0.144971
8.620029,0.123865
8.640170,0.130387
8.660140,0.166592
8.680107,0.098973
8.700009,0.059996
8.720000,0.055075
8.739996,0.039717
8.759994,0.041689
8.779996,0.054440
8.800052,0.069657
8.819995,0.084105
8.840037,0.085496
8.860032,0.086138
8.880106,0.089139
8.900109,0.155001
8.920259,0.183354
8.939998,0.214533
8.960038,0.116704
8.980061,0.120210
9.000058,0.150489
9.020067,0.104813
9.040028,0.037364
9.060075,0.035389
9.080212,0.036110
9.100315,0.034103
9.120039,0.042835
9.140105,0.054829
9.160030,0.067774
9.180028,0.074655
9.200032,0.071065
9.219992,0.168120
9.240045,0.235947
9.260207,0.247901
9.280004,0.113162
9.300034,0.123126
9.319984,0.119977
9.339984,0.120481
9.360021,0.056153
9.380042,0.032169
9.400216,0.047929
9.419991,0.050319
9.439987,0.058553
9.460168,0.068954
9.480028,0.083769
9.500043,0.099101
9.520083,0.081917
9.540034,0.084494
9.560047,0.172603
9.580040,0.238358
9.600045,0.116431
9.619981,0.179197
9.640034,0.174750
9.660076,0.142348
9.680032,0.095299
9.700038,0.057850
9.720038,0.027712
9.739989,0.037567
9.759978,0.038473
9.779992,0.046291
9.799985,0.056012
9.820054,0.066635
9.840262,0.069123
9.860261,0.060056
9.880032,0.109394
9.900043,0.220529
9.920223,0.226519
9.940302,0.168692
9.960000,0.117584
9.980060,0.109037
10.000042,0.089349
10.019985,0.081845
10.040039,0.038432
10.060003,0.033235
10.080097,0.054271
10.100005,0.061233
10.120037,0.067441
10.139997,0.079361
10.160032,0.086320
10.180210,0.087456
10.200033,0.097836
10.220069,0.167061
10.240497,0.150090
10.260464,0.197890
10.280375,0.174203
10.300344,0.119136
10.320416,0.103635
10.340356,0.104472
10.360068,0.062135
10.380171,0.025780
10.400139,0.034925
10.420099,0.041515
10.440038,0.056032
10.460066,0.063762
10.480007,0.068696
10.499979,0.066745
10.520039,0.063018
10.540028,0.138177
10.560044,0.194253
10.579990,0.231615
10.599983,0.171072
10.619983,0.161930
10.640036,0.111261
10.660001,0.115507
10.680246,0.052339
10.700058,0.031261
10.719989,0.046007
10.739987,0.059685
10.760038,0.062425
10.780009,0.073370
10.799981,0.088725
10.820028,0.090537
10.839980,0.077128
10.860080,0.145864
10.879984,0.219715
10.899989,0.234806
10.920098,0.173844
10.940027,0.171057
10.959992,0.117552
10.979983,0.131964
10.999988,0.059080
11.020208,0.025552
11.039981,0.034486
11.060047,0.033765
11.079995,0.044919
11.100030,0.050542
11.120229,0.059707
11.140193,0.075228
11.160192,0.066440
11.179984,0.083690
11.200028,0.152087
11.219992,0.174250
11.239986,0.226228
11.260071,0.178818
11.279986,0.164381
11.299991,0.148658
11.319998,0.082670
11.340043,0.055560
11.360037,0.033810
11.379982,0.084660
11.399993,0.089681
11.420097,0.070183
11.439986,0.048332
11.459986,0.066607
11.480212,0.077576
11.500105,0.069631
11.520065,0.093943
11.540039,0.207637
11.560045,0.358958
11.579985,0.357053
11.600032,0.241274
11.619992,0.235409
11.640062,0.249772
11.660037,0.195988
11.679985,0.107357
11.699986,0.066948
11.720103,0.063815
11.740104,0.054268
11.760054,0.047685
11.779992,0.044097
11.800053,0.057625
11.820037,0.072807
11.840039,0.085994
11.859990,0.209098
11.879983,0.197841
11.900024,0.077067
11.919982,0.064073
11.939991,0.066829
11.960032,0.066474
11.979997,0.048296
12.000268,0.144207
12.020037,0.268062
12.040036,0.308883
12.060100,0.244145
12.079993,0.159370
12.100030,0.130028
12.120026,0.124706
12.140042,0.126847
12.160247,0.255625
12.180229,0.120266
12.200037,0.110121
12.220043,0.135489
12.239984,0.122347
12.259991,0.136194
12.279980,0.093532
12.300064,0.037292
12.320039,0.037336
12.340063,0.039720
12.360032,0.038439
12.379990,0.047988
12.400027,0.056983
12.420036,0.069955
12.439989,0.067543
12.460058,0.085973
12.479985,0.208154
12.500032,0.147083
12.519986,0.217680
12.539990,0.194234
12.560038,0.114914
12.580007,0.137397
12.600036,0.073343
12.620027,0.063258
12.640052,0.040873
12.660044,0.038587
12.680094,0.046226
12.700035,0.051240
12.720066,0.055140
12.740040,0.069018
12.760049,0.087119
12.779988,0.095095
12.799988,0.085098
12.819989,0.126147
12.840038,0.173328
12.860050,0.112493
12.879981,0.165562
12.899992,0.121523
12.920037,0.101729
12.939983,0.079006
12.959989,0.072048
12.980038,0.029417
12.999988,0.034703
13.020033,0.038183
13.040006,0.047556
13.060039,0.060641
13.080190,0.075961
13.099997,0.079616
13.120047,0.074128
13.140044,0.104222
13.160045,0.188875
13.180054,0.222163
13.200136,0.102847
13.220057,0.111387
13.239988,0.115631
13.260040,0.094831
13.280031,0.063526
13.299991,0.039919
13.320206,0.051089
13.340303,0.053600
13.360281,0.063315
13.379997,0.080621
13.400036,0.098739
13.419992,0.099321
13.440030,0.087106
13.460039,0.103828
13.480075,0.203690
13.500080,0.236745
13.520021,0.111328
13.539992,0.123377
13.560138,0.117368
13.580151,0.085885
13.600210,0.054587
13.620256,0.027909
13.640041,0.016613
13.660000,0.057652
13.680037,0.092789
13.700037,0.015665
13.720058,0.042263
13.740044,0.059927
13.760037,0.103669
13.780044,0.022589
13.800035,0.030420
13.820035,0.027098
13.840060,0.029802
13.860032,0.039113
13.880050,0.058770
13.900051,0.056173
13.920066,0.062715
13.940032,0.066981
13.960034,0.079508
13.980053,0.086483
14.000042,0.089566
14.020113,0.095466
14.040047,0.095934
14.060031,0.094633
14.080047,0.092493
14.100044,0.097353
14.120047,0.097800
14.140032,0.094181
14.160034,0.097945
14.180055,0.096161
14.200033,0.096623
14.220034,0.095678
14.240053,0.102924
14.260036,0.119072
14.280035,0.142235
14.300042,0.248569
14.320053,0.242345
14.340054,0.224044
14.361170,0.211374
14.380097,0.175613
14.400051,0.114859
14.420049,0.107972
14.440980,0.093711
14.460088,0.090224
14.480195,0.096044
14.500163,0.103057
14.520208,0.103180
14.540146,0.103627
14.560165,0.150581
14.580196,0.236144
14.600354,0.107442
14.620282,0.152817
14.640191,0.168991
14.660278,0.155654
14.680213,0.126573
14.700201,0.065684
14.720042,0.045602
14.740092,0.031033
14.760081,0.039356
14.780039,0.035924
14.800035,0.049947
14.820033,0.068242
14.840047,0.085046
14.860034,0.085470
14.880047,0.067035
14.900032,0.088226
14.920034,0.206360
14.940161,0.288179
14.960030,0.251722
14.980034,0.069296
15.000037,0.071591
15.020048,0.079838
15.040065,0.094580
15.060032,0.115069
15.080052,0.129475
15.100048,0.127355
15.120031,0.116501
15.140034,0.105706
15.160029,0.103403
15.180050,0.152145
15.200041,0.061922
15.220093,0.166073
15.240054,0.148923
15.260032,0.118752
15.280091,0.109257
15.300053,0.070453
15.320045,0.082767
15.340048,0.089660
15.360043,0.081478
15.380070,0.084473
15.400079,0.171227
15.420078,0.228756
15.440196,0.243580
15.460174,0.234664
15.480079,0.206868
15.500203,0.157004
15.520048,0.159500
15.540035,0.128800
15.561135,0.127349
15.580164,0.269566
15.600102,0.156034
15.620065,0.110686
15.640075,0.096643
15.660078,0.126664
15.680075,0.111361
15.700228,0.088363
15.720045,0.069164
15.740040,0.063204
15.760055,0.068694
15.780038,0.080884
15.800039,0.108216
15.820035,0.130865
15.840058,0.146600
15.860034,0.149403
15.880030,0.130782
15.900040,0.077355
15.920029,0.181684
15.940026,0.234347
15.960030,0.195805
15.980040,0.183632
16.000056,0.172976
16.020046,0.142683
16.040058,0.100391
16.060031,0.056560
16.080052,0.035602
16.100054,0.035764
16.120131,0.039952
16.140196,0.050513
16.160080,0.062160
16.180103,0.072696
16.200131,0.072776
16.220192,0.075664
16.240180,0.069970
16.260039,0.149878
16.280033,0.229218
16.300030,0.214777
16.320040,0.199246
16.340075,0.211244
16.360198,0.212366
16.381072,0.161117
16.400061,0.118903
16.420971,0.096072
16.440954,0.090044
16.460072,0.113974
16.480083,0.130167
16.500183,0.148034
16.520204,0.294112
16.540126,0.240302
16.560080,0.300164
16.580036,0.237345
16.600033,0.193054
16.620037,0.169546
16.640069,0.131974
16.660035,0.078645
16.680040,0.057855
16.700043,0.089531
16.720037,0.078656
16.740086,0.061534
16.760218,0.048929
16.780086,0.050485
16.800188,0.081959
16.820182,0.053857
16.840068,0.190023
16.860038,0.177991
16.880030,0.160577
16.900039,0.150191
16.920037,0.134422
16.940061,0.086013
16.960051,0.039116
16.980119,0.071778
17.000093,0.089657
17.020039,0.099236
17.040114,0.102891
17.060111,0.104787
17.080089,0.110674
17.100177,0.118527
17.120969,0.134586
17.140180,0.207313
17.160077,0.176807
17.180178,0.148207
17.200093,0.142551
17.220039,0.119460
17.240035,0.105481
17.260029,0.075126
17.280041,0.032676
17.300026,0.033050
17.320047,0.042993
17.340031,0.033870
17.360049,0.042665
17.380049,0.052494
17.400045,0.092617
17.420028,0.152834
17.440039,0.077478
17.460026,0.025729
17.480035,0.104900
17.500036,0.112026
17.520047,0.082107
17.540028,0.048380
17.560071,0.055004
17.580312,0.080390
17.600277,0.093555
17.620100,0.103213
17.640096,0.103788
17.660177,0.106536
17.680096,0.112522
17.700139,0.114601
17.720052,0.270435
17.740051,0.167999
17.760074,0.172901
17.780109,0.184748
17.800089,0.101113
17.820052,0.062931
17.840049,0.084564
17.860046,0.035747
17.880032,0.049715
17.900039,0.109983
17.920030,0.136116
17.940036,0.122941
17.960070,0.183152
17.980082,0.131789
18.000077,0.093578
18.020089,0.090407
18.040181,0.111697
18.060140,0.128848
18.080093,0.066877
18.100200,0.147053
18.120138,0.160568
18.140158,0.083127
18.160080,0.037860
18.180158,0.027509
18.200078,0.022683
18.220129,0.017247
18.240288,0.021885
18.260166,0.038871
18.280080,0.082259
18.300176,0.138285
18.320175,0.172037
18.340122,0.235157
18.360036,0.209217
18.380066,0.187971
18.401072,0.185007
18.420937,0.179552
18.440097,0.187703
18.461556,0.178543
18.481398,0.207733
18.500214,0.225116
18.520507,0.160595
18.540203,0.093488
18.560278,0.099943
18.580087,0.124956
18.600090,0.101601
18.620089,0.076438
18.640151,0.072220
18.660191,0.065233
18.680197,0.058024
18.700180,0.049645
18.720217,0.041271
18.740078,0.041465
18.760095,0.056274
18.780118,0.070076
18.800110,0.087977
18.820085,0.101295
18.840970,0.111520
18.860099,0.118115
18.880104,0.115206
18.900100,0.111179
18.920098,0.090050
18.940099,0.162424
18.960081,0.252772
18.980032,0.118152
19.000038,0.148775
19.020055,0.137437
19.040037,0.115798
19.060124,0.081644
19.080030,0.051679
19.100036,0.040508
19.120036,0.044320
19.140053,0.053408
19.160035,0.061144
19.180036,0.068320
19.200963,0.078572
19.220086,0.069563
19.240186,0.071793
19.260200,0.074791
19.280066,0.153123
19.300086,0.265744
19.320039,0.229546
19.340034,0.176166
19.360041,0.177628
19.380042,0.152747
19.400036,0.097774
19.420055,0.058541
19.440032,0.038997
19.460057,0.037071
19.480128,0.049986
19.500208,0.057956
19.520073,0.062369
19.540083,0.061941
19.560036,0.064172
19.581165,0.073945
19.600075,0.068303
19.620101,0.084099
19.640947,0.177425
19.660076,0.236553
19.680090,0.192942
19.700211,0.163836
19.720067,0.159082
19.740154,0.144620
19.760129,0.110993
19.780041,0.056655
19.800064,0.050025
19.820164,0.047965
19.840064,0.058414
19.860134,0.069903
19.880150,0.077964
19.900114,0.084900
19.920153,0.088239
19.940014,0.067799
19.960122,0.145880
19.980051,0.219480
20.000087,0.112106
20.020040,0.158751
20.040036,0.172788
20.060027,0.150324
20.080050,0.113728
20.100120,0.076916
20.120044,0.048722
20.140027,0.039999
20.160028,0.033631
20.180046,0.047232
20.200038,0.063531
20.220036,0.076138
20.240028,0.076985
20.260158,0.066590
20.280231,0.093654
20.300026,0.225979
20.320042,0.254249
20.340165,0.209570
20.360044,0.184405
20.380026,0.170624
20.401001,0.147188
20.420141,0.115612
20.440030,0.081621
20.460080,0.080779
20.480128,0.093156
20.501046,0.114691
20.520985,0.125877
20.540092,0.144463
20.560193,0.142368
20.580052,0.130826
20.600289,0.135236
20.620129,0.148319
20.640133,0.166497
20.660162,0.218540
20.680011,0.131427
20.700142,0.240255
20.720115,0.245710
20.740024,0.231912
20.761163,0.202938
20.780248,0.129043
20.800202,0.052057
20.820986,0.071573
20.840056,0.084277
20.860081,0.104472
20.880158,0.121231
20.900024,0.130822
20.920022,0.133100
20.940286,0.137369
20.960181,0.137332
20.980031,0.131065
21.000123,0.134654
21.020191,0.151950
21.040028,0.211165
21.060024,0.307092
21.080038,0.201178
21.100031,0.106652
21.120061,0.112777
21.140050,0.106025
21.161253,0.074989
21.181326,0.036654
21.201474,0.020921
21.221508,0.022495
21.241557,0.024600
21.261506,0.021814
21.281565,0.030297
21.300250,0.093925
21.321308,0.181276
21.340136,0.122344
21.361175,0.066602
21.380138,0.068776
21.400078,0.072369
21.420068,0.033370
21.440128,0.070236
21.460074,0.104565
21.480075,0.121798
21.500072,0.117695
21.520035,0.109640
21.540042,0.106881
21.560040,0.116046
21.580048,0.125066
21.601024,0.246729
21.620048,0.161854
21.640276,0.157435
21.660080,0.195381
21.680081,0.106931
21.700119,0.105363
21.720080,0.080779
21.741002,0.021754
21.760118,0.046860
21.780152,0.077766
21.800109,0.106616
21.821247,0.112595
21.841514,0.150006
21.861439,0.199868
21.881540,0.202482
21.901506,0.099058
21.921536,0.091760
21.940137,0.087387
21.960266,0.068059
21.980092,0.045784
22.000085,0.041629
22.020081,0.041779
22.040175,0.056541
22.060117,0.180537
22.080143,0.064006
22.100082,0.026772
22.120080,0.024918
22.140073,0.019183
22.160074,0.012785
22.180074,0.011411
22.200070,0.009802
22.220076,0.006983
22.240074,0.004875
22.260178,0.005026
22.280077,0.005006
22.300072,0.006249
22.320066,0.008058
22.340193,0.017840
22.360173,0.032641
22.380055,0.076816
22.400106,0.109562
22.421091,0.098029
22.440180,0.131107
22.460944,0.155357
22.480088,0.178983
22.500096,0.156556
22.520097,0.114259
22.540093,0.072237
22.560086,0.050137
22.580101,0.031967
22.600096,0.019154
22.620054,0.008485
22.640063,0.032548
22.660043,0.038459
22.680044,0.161637
22.700050,0.130752
22.720046,0.085249
22.740040,0.087643
22.760083,0.100393
22.780143,0.058344
22.800104,0.061641
22.820112,0.102111
22.840129,0.118025
22.860111,0.123045
22.880102,0.117452
22.901273,0.114087
22.920171,0.110566
22.940094,0.114329
22.960093,0.122886
22.980176,0.197265
23.000101,0.173932
23.020084,0.172766
23.040074,0.203056
23.060086,0.102690
23.080093,0.109540
23.100101,0.108099
23.120103,0.040677
23.140083,0.033120
23.160085,0.017717
23.180095,0.021136
23.200052,0.023356
23.220087,0.024217
23.241132,0.033658
23.261171,0.085530
23.281049,0.183587
23.300094,0.170803
23.320089,0.132269
23.340098,0.140402
23.360082,0.151858
23.380086,0.128724
23.400095,0.101908
23.421127,0.108962
23.440091,0.089385
23.460041,0.077264
23.481185,0.072664
23.500084,0.068459
23.520142,0.078889
23.540075,0.091766
23.560097,0.102222
23.580085,0.111195
23.600089,0.115884
23.621245,0.119464
23.640106,0.124785
23.660084,0.129374
23.680101,0.128600
23.700104,0.139778
23.720092,0.138583
23.740073,0.133615
23.760055,0.173897
23.781204,0.119313
23.800092,0.132147
23.820093,0.136929
23.840103,0.092008
23.860097,0.094399
23.880070,0.075173
23.900093,0.068905
23.920054,0.079603
23.940073,0.096985
23.960072,0.111789
23.980089,0.111393
24.000105,0.095793
24.020038,0.070986
24.040112,0.195213
24.060582,0.263236
24.080095,0.199426
24.100131,0.181554
24.120096,0.175923
24.140074,0.131186
24.160072,0.084570
24.180095,0.050382
24.200081,0.037827
24.220073,0.039129
24.240087,0.042604
24.260060,0.048142
24.280070,0.059474
24.300097,0.069883
24.320078,0.066896
24.340047,0.067961
24.360151,0.141668
24.380079,0.253483
24.400080,0.152513
24.420091,0.182089
24.441071,0.136795
24.460099,0.161580
24.480080,0.130444
24.500087,0.088479
24.520080,0.057628
24.540100,0.045895
24.560081,0.050771
24.580091,0.064246
24.600094,0.073582
24.620033,0.086495
24.640077,0.098624
24.660046,0.105957
24.680074,0.117955
24.700045,0.225767
24.720085,0.195939
24.740075,0.238932
24.760098,0.202709
24.780074,0.193708
24.801097,0.175713
24.820935,0.138676
24.840134,0.093962
24.860081,0.104423
24.880066,0.127904
24.900064,0.136223
24.920176,0.137491
24.940117,0.136670
24.960163,0.130235
24.980068,0.116785
25.000072,0.104169
25.020306,0.095450
25.040094,0.095371
25.060061,0.110344
25.080065,0.033189
25.101255,0.181926
25.120116,0.301406
25.141000,0.265550
25.161089,0.231677
25.180141,0.181698
25.200064,0.118779
25.220066,0.063198
25.240050,0.038423
25.260048,0.055632
25.280289,0.073104
25.300113,0.093152
25.321090,0.109098
25.340114,0.117743
25.360102,0.124116
25.380114,0.120578
25.401243,0.113006
25.421310,0.111691
25.441459,0.180674
25.461536,0.168905
25.481474,0.216500
25.501415,0.230473
25.521351,0.118800
25.541251,0.095636
25.560994,0.091146
25.580049,0.065888
25.600096,0.030452
25.620077,0.028081
25.640124,0.027710
25.660113,0.023492
25.680072,0.026697
25.700058,0.066484
25.720055,0.118458
25.740054,0.148180
25.760068,0.103319
25.780077,0.062665
25.800050,0.112179
25.820143,0.097571
25.840060,0.054593
25.860053,0.070476
25.880055,0.093298
25.900043,0.103404
25.920100,0.103483
25.940048,0.105874
25.960055,0.115317
25.980050,0.120573
26.000056,0.255238
26.021071,0.174186
26.040081,0.180233
26.060019,0.206924
26.080072,0.088417
26.100056,0.116538
26.120056,0.072800
26.140153,0.070718
26.160149,0.028295
26.180918,0.036660
26.200151,0.029521
26.220126,0.019547
26.240062,0.026085
26.260127,0.048327
26.280076,0.057909
26.300915,0.221692
26.320976,0.198862
26.340056,0.190521
26.360066,0.195059
26.380064,0.131600
26.400064,0.080835
26.420016,0.076756
26.440289,0.094037
26.461069,0.052131
26.480131,0.067742
26.500031,0.049335
26.520102,0.033111
26.540057,0.025803
26.560058,0.036011
26.580071,0.049161
26.600064,0.059861
26.620294,0.074416
26.640085,0.082203
26.660079,0.103910
26.680012,0.120229
26.700054,0.137626
26.720037,0.158958
26.740044,0.139315
26.760068,0.094938
26.781745,0.127709
26.801770,0.158726
26.821668,0.123746
26.841164,0.123769
26.860195,0.134839
26.880160,0.125245
26.900083,0.095254
26.920070,0.067610
26.940053,0.056290
26.960144,0.059125
26.980938,0.076494
27.000101,0.092860
27.020065,0.101134
27.040908,0.094020
27.060222,0.062947
27.080070,0.174119
27.100049,0.244669
27.120048,0.243757
27.140922,0.172879
27.160079,0.169904
27.180083,0.160331
27.200053,0.122414
27.220056,0.078931
27.240116,0.049499
27.260076,0.047029
27.280126,0.055201
27.300052,0.064074
27.320054,0.073236
27.340008,0.081157
27.360116,0.087687
27.380011,0.081903
27.400056,0.191892
27.420057,0.234266
27.440060,0.233949
27.460058,0.161296
27.480057,0.168599
27.500058,0.156903
27.521072,0.120312
27.541044,0.078905
27.560152,0.049622
27.580124,0.039650
27.601032,0.041519
27.620991,0.049004
27.640133,0.061615
27.660243,0.073211
27.680097,0.070528
27.700057,0.060081
27.720288,0.129588
27.740054,0.239520
27.760085,0.266148
27.780279,0.200722
27.801193,0.215589
27.820970,0.216424
27.840102,0.188371
27.861010,0.145561
27.880028,0.107390
27.900067,0.130844
27.920245,0.142509
27.940082,0.142825
27.960051,0.140124
27.980006,0.133366
28.000059,0.121201
28.020068,0.115568
28.040054,0.105948
28.060064,0.106221
28.080060,0.123271
28.100047,0.105504
28.120050,0.100891
28.140030,0.203369
28.160101,0.231749
28.180062,0.216554
28.200107,0.204759
28.220054,0.142466
28.240299,0.073255
28.260149,0.060024
28.280084,0.075672
28.300047,0.091341
28.320935,0.109437
28.340145,0.121015
28.360089,0.125840
28.380052,0.131705
28.400956,0.132236
28.420067,0.127393
28.440302,0.130937
28.460084,0.150448
28.480304,0.211452
28.500319,0.269331
28.520088,0.226502
28.540090,0.110686
28.560071,0.111153
28.580122,0.108880
28.601133,0.081043
28.620113,0.039899
28.640052,0.034732
28.660041,0.022915
28.680117,0.014917
28.701006,0.017018
28.720119,0.029135
28.740125,0.075650
28.760059,0.169162
28.780088,0.070249
28.800087,0.009822
28.820084,0.074482
28.840285,0.069634
28.861062,0.027115
28.880129,0.075326
28.901009,0.107859
28.920058,0.122149
28.940066,0.122587
28.960005,0.122385
28.980103,0.125364
29.000131,0.130002
29.020100,0.154152
29.040961,0.272421
29.060085,0.172569
29.080079,0.231536
29.100054,0.148954
29.120054,0.070756
29.140126,0.113208
29.160085,0.054600
29.180101,0.043727
29.201063,0.028992
29.220152,0.024749
29.240046,0.025315
29.260276,0.030701
29.280943,0.039698
29.300285,0.049046
29.320156,0.146632
29.340082,0.120066
29.360150,0.011684
29.380082,0.075233
29.400444,0.084119
29.420079,0.041036
29.440138,0.051938
29.460086,0.088003
29.480055,0.112870
29.500051,0.114563
29.520050,0.119004
29.540050,0.109952
29.560058,0.113276
29.580143,0.113841
29.600153,0.116436
29.620093,0.128694
29.640008,0.220900
29.661392,0.178645
29.680184,0.258042
29.700087,0.142256
29.720073,0.086110
29.740095,0.100160
29.760084,0.088088
29.780052,0.045202
29.800061,0.014192
29.820933,0.021531
29.840146,0.031625
29.860137,0.044340
29.880153,0.083951
29.900046,0.120334
29.920045,0.186586
29.940045,0.222100
29.960044,0.121120
29.980067,0.095828
30.000056,0.101848
30.020059,0.126761
30.040046,0.115028
30.060045,0.093464
30.080131,0.072409
30.100012,0.068579
30.120049,0.059664
30.140074,0.061743
30.160077,0.074877
30.180015,0.087632
30.200132,0.096544
30.220005,0.103287
30.240048,0.104899
30.260093,0.110407
30.280145,0.119612
30.300070,0.122553
30.320130,0.114546
30.340249,0.075830
30.360055,0.148595
30.380124,0.147823
30.400106,0.150551
30.421049,0.132548
30.441019,0.141061
30.461214,0.137351
30.481097,0.115814
30.500178,0.087341
30.520107,0.071763
30.540120,0.069418
30.560080,0.087169
30.580112,0.098698
30.600054,0.107501
30.620067,0.103146
30.640046,0.078252
30.661029,0.172686
30.680164,0.279056
30.700110,0.236113
30.720118,0.168621
30.740081,0.130209
30.760158,0.142637
30.780127,0.096901
30.800050,0.056966
30.820050,0.035381
30.840180,0.048561
30.860133,0.045839
30.880045,0.043214
30.900185,0.050372
30.920114,0.061749
30.940256,0.064130
30.960118,0.055136
30.980146,0.087942
31.000124,0.216763
31.020157,0.229177
31.040049,0.205725
31.060146,0.177238
31.080050,0.166922
31.100114,0.148840
31.120051,0.114837
31.140046,0.059564
31.160050,0.033947
31.180000,0.040872
31.200018,0.052525
31.219994,0.061621
31.240041,0.071448
31.260141,0.086128
31.280040,0.097630
31.300042,0.106529
31.320049,0.137176
31.340150,0.192267
31.360082,0.200793
31.380117,0.192097
31.400146,0.189687
31.420072,0.217623
31.441046,0.148531
31.460017,0.135494
31.480047,0.119309
31.499993,0.146973
31.520000,0.166488
31.540130,0.173411
31.560008,0.179925
31.580123,0.183370
31.600073,0.180056
31.620104,0.168965
31.640077,0.155020
31.660091,0.144508
31.681566,0.139572
31.700143,0.142971
31.720083,0.163119
31.740052,0.059157
31.761038,0.245125
31.781462,0.311639
31.801272,0.284723
31.821151,0.246593
31.841755,0.165554
31.861610,0.099141
31.880216,0.056357
31.900126,0.040026
31.921038,0.067507
31.940113,0.096791
31.960146,0.119345
31.979998,0.132418
32.000120,0.143183
32.020021,0.145572
32.040065,0.142859
32.061017,0.140042
32.080100,0.136091
32.101022,0.239258
32.121181,0.280072
32.140044,0.294707
32.160042,0.117416
32.180060,0.086037
32.200003,0.085991
32.220982,0.065509
32.240054,0.022725
32.260986,0.036873
32.280114,0.044785
32.300045,0.037719
32.320044,0.041765
32.340036,0.056208
32.360065,0.057043
32.379999,0.153951
32.400101,0.078933
32.420031,0.092239
32.440075,0.096591
32.460117,0.065438
32.481042,0.056427
32.500159,0.057179
32.520166,0.091135
32.540248,0.107908
32.560048,0.118147
32.580950,0.118707
32.600041,0.120174
32.620038,0.134055
32.640040,0.224519
32.660061,0.204564
32.680041,0.167675
32.700041,0.217254
32.720033,0.125688
32.740069,0.108402
32.760045,0.095855
32.780068,0.059181
32.800245,0.025480
32.820148,0.047084
32.840082,0.044623
32.860091,0.043472
32.880280,0.056472
32.900145,0.073480
32.920048,0.060359
32.940039,0.173563
32.960116,0.065586
32.981018,0.070079
33.001057,0.095190
33.021103,0.101426
33.040144,0.071985
33.060046,0.036148
33.080040,0.069055
33.100025,0.088825
33.120045,0.102183
33.140023,0.111292
33.160041,0.110221
33.180064,0.115691
33.200042,0.122381
33.220033,0.131588
33.240035,0.173687
33.261021,0.181424
33.280073,0.174493
33.300997,0.137933
33.320049,0.125860
33.340974,0.104714
33.361166,0.093534
33.381162,0.062681
33.400963,0.023865
33.420994,0.041048
33.440138,0.037902
33.460080,0.033850
33.480055,0.033969
33.500063,0.049699
33.520033,0.047179
33.540003,0.195762
33.560066,0.060169
33.580053,0.145737
33.600058,0.124258
33.620059,0.122597
33.640129,0.083334
33.660032,0.045167
33.680042,0.052452
33.701057,0.053428
33.720100,0.053987
33.740073,0.042101
33.760086,0.021612
33.780047,0.014085
33.800032,0.020392
33.820054,0.063232
33.840006,0.015512
33.860038,0.048906
33.880075,0.054608
33.900316,0.058278
33.920103,0.058678
33.939996,0.057554
33.960040,0.051559
33.980124,0.045743
34.000181,0.041099
34.021085,0.036486
34.040085,0.032490
34.060071,0.029186
34.080079,0.029256
34.100103,0.023421
34.121013,0.020747
34.140097,0.018900
34.160038,0.017090
34.179999,0.015632
34.200046,0.015504
34.221019,0.013957
34.240183,0.012840
34.260013,0.012337
34.280138,0.011883
34.300276,0.011469
34.320158,0.011111
34.340071,0.010785
34.360075,0.010474
34.381021,0.010179
34.400076,0.010107
34.421153,0.014468
34.440011,0.039820
34.460053,0.087084
34.480156,0.092173
34.500149,0.079814
34.521167,0.085335
34.540927,0.089547
34.560140,0.102238
34.580054,0.107363
34.600057,0.104938
34.620048,0.102296
34.640046,0.107381
34.660960,0.106480
34.680045,0.081239
34.700052,0.077546
34.720108,0.127208
34.740120,0.152670
34.760006,0.128761
34.780294,0.150144
34.801143,0.143101
34.820064,0.115792
34.840152,0.087216
34.860011,0.076111
34.880050,0.075589
34.900122,0.085927
34.920182,0.104244
34.940076,0.125448
34.960052,0.133413
34.979997,0.130825
35.000043,0.126705
35.020116,0.155374
35.040067,0.216468
35.060082,0.221498
35.080072,0.169265
35.100128,0.173092
35.120065,0.156802
35.140935,0.114508
35.160980,0.068177
35.181046,0.040247
35.201129,0.031578
35.220047,0.035391
35.240056,0.042867
35.260048,0.052699
35.280060,0.061883
35.300041,0.063670
35.320127,0.066911
35.340011,0.084976
35.360077,0.164530
35.380108,0.250626
35.400065,0.222034
35.420007,0.129879
35.440113,0.169681
35.460126,0.155921
35.480003,0.112164
35.500968,0.073406
35.520043,0.049982
35.540049,0.052226
35.560043,0.060000
35.580140,0.067200
35.600939,0.075954
35.620073,0.087762
35.640048,0.090821
35.660143,0.072178
35.680045,0.110990
35.700077,0.172787
35.720109,0.232015
35.740039,0.213628
35.760087,0.250010
35.780031,0.267411
35.800062,0.230686
35.820081,0.161644
35.840092,0.108054
35.860107,0.141956
35.880090,0.170630
35.900081,0.191061
35.920066,0.218890
35.940083,0.330022
35.960028,0.360133
35.980058,0.359212
36.000092,0.282959
36.020032,0.232106
36.041013,0.199458
36.060071,0.148910
36.081179,0.085017
36.100074,0.071536
36.120079,0.085187
36.140095,0.086640
36.160066,0.067210
36.181019,0.052843
36.200077,0.055982
36.220073,0.070830
36.240140,0.115354
36.260078,0.138067
36.280166,0.120353
36.300065,0.060139
36.320031,0.071788
36.340077,0.102858
36.360062,0.085453
36.380068,0.038315
36.400088,0.082170
36.420065,0.109993
36.440149,0.117300
36.460076,0.118089
36.480084,0.116652
36.500085,0.120088
36.520040,0.121121
36.540245,0.126337
36.560096,0.139798
36.580090,0.232603
36.600988,0.196316
36.620081,0.263943
36.640111,0.141198
36.660048,0.096459
36.680087,0.106774
36.700096,0.091372
36.720098,0.049428
36.740087,0.024669
36.760145,0.033392
36.780093,0.026218
36.800093,0.023175
36.820065,0.023189
36.840092,0.041003
36.860072,0.051025
36.881419,0.168268
36.901291,0.077063
36.920244,0.063252
36.940080,0.077164
36.960091,0.080442
36.980996,0.041904
37.000082,0.065123
37.021239,0.102553
37.040070,0.120508
37.060075,0.121979
37.080101,0.118924
37.100066,0.120147
37.120106,0.125801
37.140068,0.130113
37.160032,0.129742
37.180029,0.228487
37.200067,0.165253
37.220095,0.256949
37.240063,0.146512
37.260103,0.100224
37.280033,0.106290
37.300069,0.088275
37.320073,0.043496
37.340072,0.014963
37.360314,0.020628
37.380082,0.030014
37.400082,0.033584
37.420030,0.038877
37.440386,0.086780
37.460080,0.155868
37.480065,0.131027
37.500082,0.057834
37.520076,0.053389
37.540062,0.069012
37.560065,0.037590
37.580087,0.060983
37.600070,0.101258
37.620036,0.120404
37.640063,0.123506
37.660067,0.121396
37.680986,0.117725
37.700084,0.120699
37.720559,0.125276
37.740097,0.134424
37.760139,0.233413
37.780034,0.190550
37.800071,0.171704
37.820026,0.216786
37.840081,0.104211
37.860046,0.106662
37.880046,0.105799
37.900097,0.073281
37.920084,0.030881
37.940195,0.016546
37.960118,0.017636
37.981115,0.025799
38.000178,0.030332
38.021532,0.043641
38.040141,0.043313
38.060080,0.173714
38.080094,0.083908
38.100044,0.068144
38.120078,0.077584
38.141034,0.050330
38.160072,0.034778
38.180088,0.063305
38.200090,0.101588
38.220072,0.118652
38.240085,0.120386
38.260097,0.116574
38.280069,0.115438
38.300127,0.120871
38.320031,0.123813
38.340069,0.137765
38.360072,0.249193
38.380079,0.173978
38.400040,0.228409
38.420047,0.176625
38.440075,0.105443
38.460066,0.111315
38.480061,0.098845
38.500080,0.057222
38.520068,0.017614
38.540122,0.026450
38.560996,0.026016
38.580977,0.025848
38.600070,0.033909
38.620173,0.054736
38.640066,0.068090
38.660104,0.110938
38.680052,0.052656
38.700057,0.060948
38.720074,0.077443
38.740055,0.039046
38.760068,0.030190
38.780918,0.066591
38.801123,0.096088
38.820069,0.107889
38.840996,0.112383
38.860078,0.106942
38.880210,0.104356
38.900091,0.086946
38.920099,0.100612
38.940190,0.211480
38.960083,0.157139
38.980081,0.096394
39.000082,0.212883
39.021131,0.124397
39.040085,0.111583
39.060087,0.139939
39.080085,0.136596
39.100174,0.089690
39.120083,0.111821
39.140086,0.137210
39.160086,0.143969
39.180082,0.124194
39.200086,0.179009
39.220157,0.236021
39.240081,0.115033
39.260077,0.171516
39.280081,0.189525
39.300090,0.157566
39.320091,0.102448
39.340085,0.072586
39.360085,0.045562
39.380085,0.039247
39.400081,0.037905
39.420191,0.035172
39.440082,0.043381
39.460081,0.056517
39.480079,0.065279
39.500086,0.062089
39.520081,0.055787
39.540086,0.164528
39.560083,0.236662
39.580081,0.223434
39.600078,0.178861
39.620078,0.179525
39.640081,0.200086
39.660082,0.187839
39.680084,0.161524
39.700194,0.140145
39.720073,0.118220
39.740268,0.119909
39.760221,0.146023
39.780157,0.185494
39.800056,0.325540
39.820064,0.322888
39.840097,0.305730
39.861002,0.253598
39.880106,0.214517
39.900080,0.172689
39.920092,0.112322
39.940073,0.066515
39.960062,0.102414
39.980028,0.111469
40.000068,0.100203
40.020080,0.094271
40.040420,0.084538
40.061200,0.079145
40.080083,0.080266
40.100044,0.116069
40.120082,0.095947
40.140080,0.182916
40.160083,0.108276
40.180142,0.100070
40.200066,0.073185
40.220126,0.101989
40.240066,0.070674
40.260069,0.057549
40.280030,0.086909
40.300971,0.101728
40.320033,0.107407
40.340078,0.110699
40.360068,0.124826
40.380061,0.132254
40.400074,0.135866
40.420079,0.147231
40.440079,0.233233
40.460074,0.206787
40.480071,0.202804
40.500071,0.188807
40.520063,0.099023
40.540066,0.089126
40.560100,0.080800
40.581068,0.046298
40.600086,0.047559
40.620069,0.060913
40.640042,0.050052
40.660052,0.036746
40.680072,0.041906
40.700066,0.053428
40.720095,0.066781
40.740051,0.157908
40.760025,0.100169
40.780061,0.105624
40.800078,0.111585
40.820089,0.107856
40.840121,0.073638
40.861357,0.043739
40.880189,0.084827
40.900091,0.105963
40.920196,0.123485
40.940075,0.123832
40.960107,0.124342
40.980071,0.135115
41.000118,0.148337
41.020282,0.168799
41.040068,0.272682
41.060036,0.212257
41.080084,0.238229
41.100086,0.141563
41.120089,0.102388
41.140083,0.100789
41.160086,0.070498
41.180078,0.025067
41.200081,0.043959
41.220049,0.047549
41.240102,0.044335
41.260032,0.049964
41.280080,0.061434
41.300065,0.067340
41.320033,0.158372
41.340103,0.090555
41.360063,0.081948
41.380069,0.089109
41.400022,0.095956
41.420096,0.070373
41.440066,0.034289
41.460025,0.072823
41.480034,0.103678
41.500079,0.108891
41.520080,0.117335
41.540101,0.117483
41.560072,0.121563
41.580049,0.132188
41.600089,0.141364
41.620075,0.187648
41.640970,0.147375
41.660091,0.126818
41.680086,0.086078
41.700086,0.063056
41.720247,0.074158
41.740097,0.156566
41.760081,0.034960
41.780066,0.043055
41.800468,0.038063
41.820398,0.032919
41.840089,0.046382
41.860121,0.082229
41.880126,0.108751
41.900028,0.123028
41.920207,0.128708
41.940138,0.138721
41.960193,0.149118
41.980081,0.144527
42.000166,0.136087
42.020373,0.119768
42.040230,0.091698
42.060226,0.071080
42.080058,0.085088
42.100132,0.098965
42.120101,0.110932
42.140724,0.142365
42.160096,0.135408
42.180250,0.127893
42.200202,0.131417
42.220256,0.122436
42.240175,0.113389
42.260008,0.108937
42.280119,0.110910
42.300301,0.116651
42.320069,0.106684
42.340216,0.099973
42.360116,0.200640
42.380119,0.278552
42.401046,0.253112
42.419983,0.186903
42.440145,0.192547
42.460209,0.175437
42.480190,0.133036
42.500228,0.089927
42.520083,0.056423
42.540062,0.044866
42.560085,0.048427
42.580050,0.056137
42.600196,0.066799
42.620062,0.078525
42.640180,0.089315
42.660118,0.091530
42.680227,0.074971
42.700128,0.173894
42.720621,0.232333
42.740214,0.240311
42.760159,0.169762
42.780212,0.173146
42.800103,0.162627
42.820227,0.125281
42.840195,0.080464
42.860072,0.051822
42.880072,0.040931
42.900218,0.043382
42.920157,0.045890
42.940109,0.055182
42.960131,0.069640
42.980244,0.079574
43.000228,0.073660
43.020468,0.065835
43.040513,0.181470
43.060275,0.204442
43.080049,0.211749
43.100014,0.170673
43.120113,0.165568
43.140064,0.152969
43.160214,0.118527
43.180251,0.079925
43.200133,0.058574
43.219995,0.053611
43.240095,0.060128
43.260346,0.070864
43.280096,0.083405
43.300048,0.095980
43.320249,0.096310
43.340387,0.084944
43.360296,0.085661
43.380114,0.203715
43.400289,0.237392
43.420266,0.189569
43.440087,0.175283
43.460131,0.166188
43.480043,0.134719
43.500117,0.088253
43.520489,0.048586
43.540093,0.032652
43.560123,0.033405
43.580077,0.042274
43.600156,0.052155
43.620298,0.064119
43.640277,0.073471
43.660225,0.069374
43.680595,0.059614
43.700175,0.135598
43.720221,0.254613
43.740124,0.260813
43.760377,0.178733
43.780071,0.170431
43.800056,0.159107
43.820177,0.124763
43.840260,0.080534
43.860168,0.052331
43.880155,0.050409
43.900077,0.059180
43.920415,0.072480
43.940175,0.085043
43.960060,0.098149
43.980356,0.107565
44.000282,0.097301
44.020366,0.086753
44.040136,0.227687
44.060256,0.237373
44.080486,0.211877
44.100183,0.187053
44.120048,0.171459
44.140204,0.144961
44.160191,0.100877
44.180049,0.051835
44.200164,0.021041
44.220247,0.023195
44.240060,0.017260
44.260188,0.017147
44.280271,0.021911
44.300459,0.030618
44.320209,0.031608
44.340281,0.062126
44.360098,0.085687
44.380175,0.196319
44.400192,0.218947
44.420174,0.169077
44.440709,0.153325
44.460127,0.146579
44.480126,0.134737
44.500133,0.094819
44.520199,0.062743
44.540124,0.038226
44.560137,0.027456
44.580057,0.034363
44.600107,0.046889
44.620195,0.059671
44.640114,0.072582
44.660142,0.090499
44.680256,0.101740
44.700401,0.103048
44.720163,0.105941
44.740232,0.123511
44.760157,0.200387
44.780151,0.222018
44.800268,0.163616
44.820232,0.164134
44.840436,0.151317
44.860364,0.114876
44.880365,0.075934
44.900082,0.049976
44.920244,0.043988
44.940277,0.050280
44.960163,0.062956
44.980184,0.079108
45.000192,0.092916
45.020107,0.093450
45.040290,0.073427
45.060214,0.151000
45.080294,0.270479
45.100244,0.262140
45.120131,0.179616
45.140265,0.178865
45.160338,0.169109
45.180891,0.136063
45.200264,0.092810
45.220060,0.057726
45.240043,0.040071
45.260155,0.043120
45.280251,0.035489
45.300244,0.025664
45.320220,0.016212
45.340235,0.018614
45.360115,0.026905
45.380169,0.030839
45.400111,0.057806
45.420350,0.040272
45.440818,0.153249
45.460201,0.203256
45.480047,0.169541
45.500231,0.175786
45.520076,0.172726
45.540185,0.118419
45.560182,0.064309
45.580217,0.031546
45.600321,0.047404
45.620109,0.059980
45.640096,0.066274
45.660100,0.072618
45.680251,0.075354
45.700187,0.071287
45.720249,0.068068
45.740120,0.080356
45.760486,0.136254
45.780221,0.139022
45.800152,0.221357
45.820212,0.207381
45.840285,0.149600
45.860202,0.134132
45.880033,0.117745
45.900252,0.088780
45.920193,0.054472
45.940297,0.026030
45.960131,0.008021
45.980209,0.020048
46.000106,0.034859
46.020203,0.041264
46.040085,0.041271
46.060358,0.064854
46.080251,0.191810
46.100682,0.132511
46.120295,0.124561
46.140221,0.126761
46.160049,0.129958
46.180181,0.089090
46.200223,0.050635
46.220187,0.056556
46.240302,0.077799
46.260148,0.084033
46.280273,0.077526
46.300258,0.060148
46.320186,0.048399
46.340128,0.058489
46.360132,0.081473
46.380463,0.100792
46.400585,0.109692
46.420198,0.108354
46.440191,0.126936
46.460224,0.098411
46.480139,0.172132
46.500108,0.202448
46.520203,0.142037
46.540145,0.144493
46.560064,0.139716
46.580191,0.124221
46.600148,0.099025
46.620233,0.079514
46.640262,0.073492
46.660073,0.083432
46.680316,0.099565
46.700221,0.112733
46.720369,0.119606
46.740377,0.114322
46.760425,0.079881
46.780149,0.159216
46.800070,0.241518
46.820162,0.231053
46.840123,0.170476
46.860247,0.173635
46.880100,0.155462
46.900296,0.104681
46.920176,0.041808
46.940230,0.067247
46.960154,0.107089
46.980185,0.107060
47.000167,0.101441
47.020129,0.083278
47.040115,0.060768
47.060241,0.044318
47.080283,0.062711
47.100235,0.095779
47.120116,0.134888
47.140058,0.323363
47.160583,0.377478
47.180310,0.318512
47.200670,0.291443
47.220167,0.254872
47.240075,0.206189
47.260048,0.155017
47.280036,0.116741
47.300162,0.081772
47.320166,0.062762
47.340117,0.055369
47.360244,0.054591
47.380296,0.063339
47.400264,0.077960
47.420089,0.093348
47.440192,0.088971
47.460186,0.066950
47.480127,0.240733
47.500276,0.264224
47.520066,0.081026
47.540207,0.057627
47.560243,0.069468
47.580383,0.054499
47.600096,0.047355
47.620245,0.054065
47.640241,0.065564
47.660067,0.077919
47.680081,0.090532
47.700088,0.099744
47.720070,0.090743
47.740173,0.067434
47.760360,0.163379
47.780103,0.351302
47.800523,0.350951
47.820140,0.296774
47.840321,0.299084
47.860209,0.265979
47.880293,0.207638
47.900389,0.139549
47.920301,0.097450
47.940291,0.063913
47.961166,0.047863
47.980472,0.042785
48.000161,0.040227
48.020230,0.046691
48.040140,0.062244
48.060257,0.081161
48.080234,0.069006
48.100222,0.082070
48.120248,0.244426
48.140122,0.239491
48.160159,0.082208
48.180276,0.076284
48.200258,0.074206
48.220233,0.052403
48.240145,0.034848
48.260440,0.039685
48.280268,0.050386
48.300165,0.060945
48.320375,0.076593
48.340403,0.137667
48.360730,0.210406
48.380547,0.227874
48.400264,0.210973
48.420081,0.097884
48.439926,0.206576
48.460115,0.176302
48.480194,0.147035
48.500126,0.156117
48.520075,0.139432
48.540231,0.106648
48.560258,0.070722
48.580069,0.039568
48.600058,0.016830
48.620083,0.016991
48.640119,0.016801
48.660101,0.029729
48.680441,0.059474
48.700364,0.102941
48.720679,0.130875
48.740395,0.157363
48.760278,0.155459
48.780141,0.138603
48.800261,0.175329
48.820275,0.349949
48.840345,0.363478
48.860200,0.291334
48.880193,0.278429
48.900128,0.263396
48.920116,0.206561
48.940090,0.144263
48.960249,0.089543
48.980050,0.066823
49.000178,0.051476
49.020344,0.043607
49.040206,0.053597
49.060261,0.069035
49.080385,0.086170
49.100438,0.098694
49.120241,0.092486
49.140302,0.120141
49.160087,0.312422
49.180070,0.341710
49.200228,0.120520
49.220220,0.066642
49.240028,0.071169
49.259909,0.050231
49.279823,0.031889
49.299880,0.037264
49.320196,0.048085
49.340225,0.055363
49.360180,0.062795
49.380149,0.071211
49.400197,0.073334
49.420552,0.064524
49.440560,0.047829
49.460147,0.104806
49.480212,0.212164
49.500016,0.320420
49.520056,0.307271
49.540363,0.298296
49.560277,0.300386
49.580204,0.249027
49.600069,0.171866
49.619951,0.100010
49.640328,0.057501
49.660184,0.038666
49.680143,0.049700
49.700118,0.055917
49.720268,0.060263
49.740514,0.071345
49.760285,0.079949
49.780188,0.103133
49.799954,0.067041
49.820177,0.266529
49.840262,0.294066
49.860036,0.127741
49.880216,0.082737
49.900258,0.064100
49.920445,0.037151
49.940061,0.038925
49.959826,0.036931
49.979877,0.032238
50.000204,0.026822
50.020115,0.028761
50.040254,0.037260
50.059942,0.054214
50.080315,0.052289
50.100151,0.071834
50.120256,0.160525
50.140158,0.345905
50.160149,0.266442
50.180350,0.185222
50.200283,0.226196
50.220239,0.229267
50.240430,0.183124
50.260403,0.126543
50.280205,0.078014
50.300327,0.046876
50.320126,0.056675
50.340081,0.059781
50.360011,0.069061
50.380185,0.085741
50.400437,0.106597
50.420697,0.121011
50.440017,0.116967
50.460037,0.089184
50.480110,0.198769
50.500158,0.319830
50.520305,0.134554
50.540245,0.059326
50.560050,0.058104
50.580180,0.036921
50.600425,0.047299
50.620096,0.033497
50.640096,0.022143
50.660288,0.007279
50.680246,0.022320
50.700268,0.032293
50.720157,0.047316
50.740237,0.121343
50.760598,0.243258
50.780502,0.280482
50.800132,0.196036
50.820070,0.209680
50.840186,0.209732
50.860261,0.156248
50.880115,0.082357
50.900186,0.043617
50.920229,0.081860
50.940171,0.087117
50.960193,0.098753
50.980061,0.101123
51.000171,0.104042
51.020151,0.100552
51.040446,0.108365
51.060125,0.126734
51.080112,0.289500
51.100208,0.293864
51.120167,0.128674
51.140110,0.100007
51.160564,0.100033
51.180284,0.205171
51.200349,0.353249
51.220631,0.347927
51.240272,0.235885
51.259926,0.169798
51.279781,0.190568
51.300054,0.214818
51.320047,0.167462
51.340006,0.154543
51.360126,0.179347
51.379892,0.181227
51.400182,0.157182
51.419888,0.125163
51.439980,0.093350
51.460182,0.064453
51.480212,0.049618
51.500045,0.052779
51.520075,0.063941
51.540350,0.075406
51.560192,0.082469
51.580441,0.071377
51.600066,0.060944
51.620096,0.209251
51.640347,0.234368
51.660146,0.197357
51.680126,0.180291
51.700151,0.177028
51.720104,0.155692
51.740120,0.120148
51.760218,0.085776
51.780010,0.062747
51.800086,0.057080
51.820126,0.071238
51.840262,0.083919
51.860171,0.094056
51.880337,0.101270
51.900201,0.097143
51.920474,0.090938
51.940221,0.191514
51.960148,0.238455
51.980101,0.205277
52.000127,0.174110
52.020196,0.169864
52.040167,0.147610
52.060099,0.106894
52.080169,0.064185
52.100418,0.038073
52.120236,0.033444
52.140202,0.031432
52.160241,0.028815
52.180166,0.041455
52.200547,0.059738
52.220331,0.076593
52.240648,0.080526
52.260135,0.081441
52.280225,0.165520
52.300162,0.231566
52.320137,0.246680
52.340225,0.167774
52.360017,0.160484
52.380087,0.155964
52.400130,0.127713
52.420463,0.090215
52.440110,0.063512
52.460052,0.051702
52.480009,0.046561
52.500017,0.054269
52.520030,0.066816
52.540221,0.081306
52.560143,0.093203
52.580364,0.093840
52.600081,0.080989
52.620060,0.180250
52.640594,0.212220
52.660228,0.205381
52.680207,0.162426
52.700094,0.163429
52.720211,0.150447
52.740100,0.116505
52.760212,0.072910
52.780158,0.043181
52.800195,0.031259
52.820026,0.030689
52.840063,0.032620
52.860139,0.044050
52.879991,0.055496
52.900106,0.061016
52.920173,0.053889
52.940244,0.074518
52.960419,0.139810
52.980198,0.212885
53.000127,0.225581
53.020095,0.203212
53.040135,0.209178
53.060057,0.203261
53.080184,0.165556
53.100151,0.131055
53.120178,0.122783
53.140132,0.111556
53.160165,0.126205
53.180108,0.141341
53.200221,0.157338
53.220871,0.216415
53.241008,0.329854
53.260245,0.330589
53.280150,0.291442
53.300237,0.223308
53.320108,0.191822
53.339857,0.153092
53.360049,0.093579
53.380136,0.066073
53.400122,0.084962
53.420205,0.085266
53.440174,0.072056
53.460219,0.056294
53.480065,0.054346
53.500102,0.062975
53.520085,0.115399
53.539963,0.141635
53.560218,0.143443
53.580089,0.124921
53.600087,0.111330
53.620226,0.117238
53.640251,0.095897
53.660731,0.054958
53.680126,0.073634
53.700563,0.097271
53.720200,0.109281
53.740067,0.115154
53.760028,0.114887
53.780024,0.117700
53.799979,0.124358
53.820264,0.134487
53.840318,0.180237
53.860095,0.199748
53.880100,0.182429
53.900116,0.256606
53.920070,0.135652
53.940161,0.111284
53.960228,0.101630
53.980192,0.070350
54.000108,0.032239
54.020146,0.054589
54.040247,0.058530
54.060674,0.051283
54.080149,0.046820
54.100537,0.052971
54.120209,0.102170
54.140240,0.148038
54.160190,0.133757
54.180179,0.131350
54.200235,0.115752
54.220096,0.118863
54.240137,0.086038
54.260263,0.038273
54.280152,0.083501
54.300257,0.107003
54.320191,0.119471
54.340073,0.124277
54.360090,0.125897
54.380138,0.138132
54.400248,0.145288
54.420518,0.143566
54.440441,0.211643
54.460823,0.093388
54.480120,0.088592
54.500422,0.150234
54.520421,0.177184
54.540375,0.138758
54.560188,0.115106
54.580143,0.108873
54.600306,0.100110
54.620408,0.075216
54.640181,0.042245
54.659979,0.073311
54.680016,0.110576
54.700091,0.167371
54.720300,0.210897
54.740142,0.409975
54.760337,0.328139
54.780102,0.283728
54.800011,0.284083
54.820013,0.237047
54.840147,0.172995
54.860346,0.128292
54.880094,0.093652
54.900092,0.065852
54.920096,0.050860
54.940145,0.033475
54.960160,0.028815
54.980165,0.017534
55.000221,0.009148
55.020123,0.011075
55.040225,0.016331
55.060137,0.020189
55.080490,0.030753
55.100275,0.044755
55.120128,0.050371
55.140152,0.088689
55.160278,0.163716
55.180197,0.096453
55.200130,0.072227
55.220075,0.125062
55.239965,0.094089
55.260288,0.062523
55.280142,0.057617
55.300186,0.058621
55.319995,0.057726
55.340137,0.054920
55.360164,0.053852
55.380050,0.066839
55.400357,0.083228
55.420394,0.112299
55.440128,0.267057
55.460099,0.277863
55.480062,0.245519
55.500079,0.242432
55.520149,0.209449
55.540059,0.139158
55.560154,0.076667
55.580073,0.035574
55.600080,0.023619
55.620201,0.053315
55.640050,0.083042
55.660053,0.106961
55.680117,0.122651
55.700243,0.144099
55.720399,0.211044
55.740194,0.204494
55.760174,0.131156
55.780153,0.185000
55.800070,0.241069
55.820033,0.159873
55.840270,0.096740
55.860098,0.054935
55.880217,0.045515
55.900309,0.049038
55.920080,0.038717
55.940092,0.091215
55.960219,0.039243
55.980382,0.025021
56.000088,0.027429
56.020526,0.023210
56.040229,0.034598
56.060008,0.076712
56.080097,0.281182
56.100362,0.347272
56.120201,0.308129
56.140019,0.233300
56.160213,0.165968
56.180297,0.128344
56.200226,0.089701
56.220180,0.049195
56.240235,0.074070
56.260140,0.096205
56.280093,0.037270
56.300057,0.079666
56.320191,0.092332
56.340685,0.011472
56.360401,0.039866
56.380256,0.044060
56.400252,0.043967
56.420095,0.053623
56.440176,0.057309
56.460293,0.055182
56.480237,0.058207
56.500183,0.075718
56.520141,0.083852
56.540179,0.286305
56.560302,0.349870
56.580033,0.246003
56.600284,0.225890
56.620194,0.218309
56.640462,0.155518
56.660122,0.089821
56.680243,0.050382
56.700163,0.026951
56.720059,0.018314
56.740145,0.039725
56.760236,0.060492
56.780212,0.076596
56.800119,0.083687
56.820108,0.088790
56.840224,0.107864
56.860234,0.142123
56.880234,0.133092
56.900088,0.117047
56.920186,0.047495
56.940121,0.074200
56.960142,0.053947
56.980258,0.043129
57.000500,0.051165
57.020247,0.061686
57.040112,0.070516
57.060154,0.071718
57.080241,0.068839
57.100326,0.072540
57.120322,0.082416
57.140171,0.117249
57.160301,0.238862
57.180186,0.285495
57.200401,0.223586
57.220037,0.179509
57.240238,0.186997
57.260274,0.135012
57.280393,0.073092
57.300116,0.032506
57.320448,0.015696
57.340678,0.030566
57.360418,0.050688
57.380086,0.067278
57.400100,0.086495
57.420123,0.099745
57.440168,0.119437
57.460030,0.161800
57.480174,0.153999
57.500143,0.130065
57.520051,0.041081
57.540033,0.065241
57.560261,0.047906
57.580012,0.040960
57.599976,0.049062
57.620067,0.060847
57.640336,0.072873
57.660253,0.073029
57.680465,0.070419
57.700334,0.075590
57.720372,0.086577
57.740245,0.124155
57.760300,0.297770
57.780188,0.272223
57.800076,0.224468
57.820202,0.195169
57.840245,0.199648
57.860211,0.145463
57.880285,0.079742
57.900095,0.041453
57.920264,0.023608
57.940121,0.031720
57.960546,0.053337
57.980063,0.075776
58.000292,0.096031
58.020389,0.110165
58.040192,0.131924
58.060220,0.142580
58.080221,0.142320
58.100234,0.132142
58.120231,0.033116
58.140114,0.062619
58.160101,0.046499
58.180132,0.045811
58.200060,0.052565
58.220472,0.062836
58.240329,0.074105
58.260243,0.071430
58.280735,0.071480
58.300158,0.075419
58.320264,0.087980
58.340184,0.130613
58.360205,0.301747
58.380143,0.276635
58.400108,0.217174
58.420135,0.189818
58.440176,0.194512
58.460154,0.136399
58.480259,0.071530
58.500120,0.034051
58.520567,0.017682
58.540350,0.032516
58.560447,0.050786
58.580211,0.071380
58.600247,0.090050
58.620185,0.102609
58.640081,0.122222
58.660107,0.168362
58.680061,0.173250
58.700083,0.127472
58.720077,0.032443
58.740136,0.066527
58.760097,0.047775
58.780044,0.042510
58.800095,0.047345
58.820176,0.057892
58.840097,0.069794
58.860245,0.067818
58.880221,0.066327
58.900330,0.069256
58.920097,0.079618
58.940098,0.119788
58.960130,0.285017
58.980222,0.273862
59.000159,0.218062
59.020220,0.189641
59.040195,0.195359
59.060096,0.139468
59.080182,0.073049
59.100230,0.033878
59.120138,0.015228
59.140062,0.032836
59.160109,0.049932
59.180016,0.069883
59.200309,0.087270
59.220643,0.098669
59.240192,0.117761
59.260281,0.131463
59.280055,0.133038
59.300525,0.134726
59.320118,0.023172
59.340080,0.065769
59.360103,0.057331
59.380071,0.077790
59.400148,0.108676
59.420105,0.107714
59.440199,0.095481
59.460045,0.125948
59.480113,0.141176
59.500266,0.155226
59.520534,0.171431
59.540165,0.178379
59.560136,0.155788
59.580140,0.128371
59.600533,0.382695
59.619986,0.258410
59.640103,0.196777
59.660023,0.236229
59.679996,0.235036
59.700105,0.186616
59.720129,0.148174
59.740161,0.128363
59.760120,0.103859
59.780129,0.078772
59.800586,0.073613
59.820077,0.075002
59.840146,0.085438
59.860052,0.098729
59.880139,0.104532
59.900149,0.109875
59.920262,0.085797
59.940148,0.112568
59.960173,0.307007
59.980038,0.207488
60.000165,0.103573
60.020224,0.092607
60.040068,0.074282
60.060159,0.048895
60.080304,0.051700
60.100382,0.059789
60.120257,0.064439
60.140425,0.076652
60.160739,0.095566
60.180091,0.094356
60.200188,0.092146
60.220247,0.092244
60.240094,0.180219
60.260090,0.366576
60.280150,0.349951
60.300186,0.300247
60.320153,0.291447
60.340238,0.263948
60.360168,0.209387
60.380161,0.154669
60.400186,0.116352
60.420324,0.078149
60.440288,0.057116
60.460372,0.045533
60.480616,0.041524
60.500120,0.044197
60.520254,0.058931
60.539925,0.076696
60.560076,0.089308
60.580360,0.067183
60.600126,0.183078
60.620197,0.197311
60.640166,0.179265
60.660315,0.069337
60.680096,0.074121
60.700136,0.071502
60.720039,0.057436
60.740028,0.050105
60.760473,0.051801
60.780190,0.064956
60.800217,0.082128
60.820629,0.099182
60.840158,0.104325
60.860118,0.093053
60.880155,0.094633
60.900188,0.144785
60.920207,0.384580
60.940189,0.359973
60.960186,0.280647
60.980253,0.280543
61.000126,0.239418
61.020202,0.182431
61.040155,0.126719
61.060119,0.084189
61.080242,0.052458
61.100732,0.037359
61.120608,0.038717
61.140139,0.044616
61.160130,0.056546
61.180148,0.073092
61.200232,0.092249
61.220160,0.078443
61.240193,0.133446
61.260145,0.239335
61.280205,0.243605
61.300066,0.077861
61.320369,0.084895
61.340162,0.082386
61.360202,0.051695
61.380142,0.029800
61.400385,0.029280
61.420163,0.037229
61.440077,0.049096
61.460166,0.069281
61.480225,0.080031
61.500091,0.116399
61.520077,0.202637
61.540095,0.298031
61.560148,0.444241
61.580245,0.395356
61.600080,0.332027
61.620201,0.296735
61.640097,0.237674
61.660032,0.176175
61.680220,0.114289
61.700694,0.090405
61.720119,0.115503
61.740105,0.121567
61.760260,0.108438
61.780188,0.089808
61.800071,0.075770
61.820096,0.060132
61.840067,0.046182
61.860112,0.029239
61.880078,0.043755
61.900086,0.063045
61.920180,0.074693
61.940069,0.065419
61.960134,0.144964
61.980139,0.163100
62.000379,0.197409
62.020266,0.084334
62.040606,0.057636
62.060223,0.058101
62.080214,0.064332
62.100185,0.080953
62.120111,0.090470
62.140078,0.096223
62.160131,0.097985
62.180126,0.095785
62.200037,0.088877
62.220233,0.087444
62.240140,0.087288
62.260197,0.090151
62.280199,0.105592
62.300210,0.151749
62.320269,0.262999
62.340380,0.261466
62.360404,0.285067
62.380132,0.225749
62.400080,0.213154
62.420195,0.151856
62.440212,0.064403
62.460201,0.104823
62.480187,0.144061
62.500356,0.172583
62.520130,0.130066
62.540008,0.191817
62.560032,0.136163
62.580264,0.113699
62.600064,0.040593
62.620519,0.056762
62.640497,0.059883
62.660158,0.065142
62.680134,0.072164
62.700059,0.071115
62.720120,0.073428
62.740166,0.086967
62.760153,0.089646
62.780085,0.069407
62.800151,0.053583
62.820130,0.115476
62.840179,0.175466
62.860023,0.189963
62.880225,0.233341
62.900248,0.212778
62.920189,0.232777
62.940239,0.250083
62.960455,0.198494
62.980197,0.146862
63.000147,0.116277
63.020149,0.090520
63.040115,0.075757
63.060261,0.086953
63.080284,0.090443
63.100216,0.091399
63.120032,0.087302
63.140136,0.082127
63.160181,0.205728
63.180079,0.232763
63.200084,0.152167
63.220159,0.064272
63.240321,0.052286
63.260321,0.048786
63.280311,0.043148
63.300560,0.038524
63.319996,0.037303
63.340348,0.047376
63.360031,0.057041
63.379791,0.054496
63.400071,0.090764
63.420133,0.180179
63.440106,0.390063
63.460093,0.363291
63.480171,0.327315
63.500072,0.328639
63.520184,0.279892
63.540095,0.203894
63.560100,0.140256
63.580536,0.087175
63.600138,0.054918
63.620594,0.035319
63.640439,0.023139
63.660167,0.021160
63.680077,0.029050
63.700090,0.027406
63.720098,0.024772
63.740187,0.030386
63.760077,0.050943
63.780128,0.068964
63.800231,0.070839
63.820189,0.090420
63.840286,0.112038
63.860103,0.167791
63.880117,0.067658
63.900062,0.059751
63.920246,0.057891
63.940485,0.050611
63.960361,0.049630
63.980133,0.058546
64.000087,0.070807
64.020086,0.073105
64.040118,0.065337
64.060185,0.074710
64.080169,0.086891
64.100148,0.123835
64.120100,0.226239
64.140095,0.280280
64.160081,0.254375
64.180081,0.211431
64.200167,0.204166
64.220151,0.150707
64.240362,0.082950
64.260181,0.036497
64.280309,0.012380
64.300466,0.045801
64.320131,0.066560
64.340002,0.093182
64.360016,0.113063
64.380068,0.128805
64.400085,0.154639
64.420476,0.202574
64.440158,0.148468
64.460383,0.122146
64.480095,0.058891
64.500217,0.065891
64.520300,0.048779
64.539941,0.054348
64.560005,0.058164
64.579998,0.066494
64.600083,0.069009
64.620122,0.066410
64.641610,0.066104
64.660178,0.073084
64.680117,0.097232
64.700131,0.136985
64.720165,0.294224
64.740113,0.271163
64.760126,0.201092
64.780142,0.196377
64.800126,0.179355
64.820278,0.114684
64.840278,0.055812
64.860298,0.029960
64.880346,0.015380
64.900221,0.036485
64.920199,0.047901
64.940313,0.069646
64.960469,0.083539
64.980120,0.095619
65.000116,0.119774
65.020185,0.171121
65.040087,0.149787
65.060193,0.130511
65.080305,0.050065
65.100277,0.069525
65.120234,0.048753
65.140108,0.046247
65.160191,0.051628
65.180267,0.061700
65.200276,0.061080
65.220097,0.144995
65.240303,0.148777
65.260480,0.162291
65.280237,0.158436
65.300079,0.134105
65.320303,0.218049
65.340323,0.161172
65.360211,0.101408
65.379925,0.129286
65.399813,0.159023
65.419950,0.148121
65.439804,0.130684
65.459963,0.110804
65.479917,0.100813
65.500000,0.097389
65.519875,0.097486
65.540102,0.107476
65.561245,0.120147
65.580294,0.122944
65.600375,0.112874
65.620040,0.089498
65.640131,0.153927
65.660103,0.163847
65.680174,0.169570
65.700237,0.127900
65.720092,0.141462
65.740184,0.130407
65.760176,0.099947
65.780206,0.058183
65.800025,0.038248
65.820162,0.038738
65.840173,0.054273
65.860290,0.070322
65.880688,0.086067
65.900198,0.094441
65.920085,0.087177
65.940201,0.060822
65.960119,0.183234
65.980102,0.292079
66.000060,0.261526
66.020188,0.188169
66.040176,0.182353
66.060173,0.161151
66.080124,0.116137
66.100244,0.068310
66.120092,0.041176
66.140135,0.037918
66.160140,0.042339
66.180130,0.048755
66.200305,0.056041
66.220742,0.065042
66.240226,0.075076
66.260165,0.079048
66.280150,0.069800
66.300109,0.132324
66.320288,0.200363
66.340108,0.232855
66.360203,0.145369
66.380298,0.084568
66.400156,0.064091
66.420214,0.153286
66.440143,0.176719
66.460192,0.152860
66.480252,0.135454
66.500361,0.132637
66.520703,0.131854
66.540300,0.130083
66.560097,0.122555
66.580169,0.137253
66.600134,0.170507
66.620183,0.219831
66.640277,0.272701
66.660252,0.353110
66.680139,0.307518
66.700386,0.270953
66.720166,0.214403
66.740105,0.144047
66.760159,0.075636
66.780125,0.031936
66.800061,0.061894
66.820183,0.096448
66.840353,0.118610
66.860617,0.134610
66.880378,0.142322
66.900195,0.145641
66.920244,0.160224
66.940125,0.168170
66.960252,0.261007
66.980108,0.143427
67.000089,0.083187
67.020165,0.090361
67.040133,0.060078
67.060216,0.048263
67.080154,0.046218
67.100387,0.048917
67.120192,0.051479
67.140149,0.055528
67.160388,0.054495
67.180241,0.058396
67.200634,0.058457
67.220217,0.072076
67.240158,0.106102
67.260116,0.337456
67.280245,0.250593
67.300231,0.185004
67.320198,0.199128
67.340264,0.183554
67.360341,0.122830
67.380049,0.068734
67.399852,0.042482
67.420033,0.024207
67.440179,0.040638
67.459882,0.053702
67.480124,0.072175
67.500120,0.083857
67.520662,0.097339
67.540419,0.126944
67.560162,0.157394
67.580273,0.113386
67.600125,0.157338
67.620309,0.030208
67.640103,0.058138
67.659981,0.044596
67.680246,0.052001
67.700233,0.059932
67.720090,0.072194
67.740079,0.078500
67.760135,0.075962
67.780138,0.075189
67.800238,0.082771
67.820410,0.108502
67.840240,0.119549
67.860048,0.331692
67.880086,0.263412
67.900176,0.192551
67.920161,0.189887
67.940291,0.174672
67.960089,0.107845
67.980132,0.053509
68.000082,0.029892
68.020062,0.015253
68.040114,0.046259
68.060125,0.060237
68.080248,0.086137
68.100373,0.102518
68.120529,0.116702
68.140697,0.142832
68.160292,0.188948
68.180112,0.141099
68.200347,0.121966
68.220014,0.065282
68.240081,0.072996
68.260141,0.054424
68.280110,0.051964
68.300169,0.057004
68.320178,0.066172
68.340132,0.068617
68.360148,0.067399
68.380085,0.067113
68.400228,0.072678
68.420120,0.090024
68.440304,0.098920
68.460238,0.317877
68.480764,0.272386
68.500097,0.203930
68.520098,0.195539
68.540232,0.190770
68.560206,0.127244
68.580050,0.063881
68.600086,0.034213
68.620034,0.019378
68.639972,0.036536
68.660107,0.052621
68.680101,0.074685
68.700181,0.090599
68.720132,0.103541
68.740192,0.127495
68.761145,0.176870
68.779987,0.147082
68.799914,0.138534
68.820205,0.049080
68.839978,0.067294
68.859995,0.047617
68.879963,0.046453
68.900023,0.051075
68.919944,0.060592
68.939998,0.069495
68.959945,0.066386
68.979880,0.063952
68.999887,0.069252
69.020150,0.088220
69.039864,0.097113
69.060176,0.312807
69.080056,0.266129
69.100510,0.196290
69.119943,0.190922
69.140019,0.181323
69.159996,0.118475
69.180012,0.058242
69.200070,0.029708
69.219980,0.011082
69.239934,0.040241
69.260056,0.051778
69.279970,0.074733
69.300036,0.088145
69.319967,0.100126
69.340096,0.124129
69.359950,0.173127
69.380699,0.121635
69.400416,0.120832
69.419963,0.046984
69.440115,0.066866
69.460128,0.050491
69.480144,0.052919
69.499856,0.058910
69.520090,0.068276
69.539955,0.069443
69.559968,0.065944
69.580052,0.063334
69.600108,0.067593
69.619953,0.086081
69.640149,0.098252
69.659921,0.326021
69.680023,0.256192
69.700008,0.187482
69.720115,0.187517
69.740020,0.175852
69.760145,0.113552
69.779978,0.057645
69.800088,0.030437
69.820076,0.014054
69.840145,0.041336
69.860119,0.053183
69.880056,0.075168
69.900255,0.088809
69.920224,0.101585
69.940217,0.127611
69.960043,0.174219
69.980038,0.145707
69.999907,0.129852
70.020207,0.055405
70.040281,0.073432
70.060286,0.049893
70.079894,0.045886
70.100109,0.052279
70.119940,0.064099
70.140047,0.074307
70.160107,0.070620
70.180055,0.069762
70.200023,0.073861
70.220152,0.088773
70.240132,0.116824
70.260013,0.299940
70.279953,0.254503
70.300140,0.212317
70.319942,0.204204
70.340276,0.190567
70.360151,0.129548
70.380354,0.070126
70.400077,0.038787
70.419935,0.020724
70.440090,0.036885
70.459990,0.053963
70.480043,0.076669
70.500118,0.094116
70.519916,0.107865
70.540144,0.132089
70.560290,0.177177
70.580051,0.146594
70.599927,0.123781
70.620110,0.044297
70.639969,0.066182
70.660040,0.045221
70.680037,0.045994
70.700510,0.052646
70.720124,0.064052
70.740114,0.075327
70.760102,0.072147
70.780054,0.072893
70.800052,0.077304
70.820173,0.092619
70.840262,0.143033
70.860013,0.323580
70.880107,0.273347
70.899999,0.206016
70.919922,0.194893
70.939986,0.187460
70.960042,0.126163
70.979988,0.064713
71.000158,0.032519
71.020242,0.015147
71.040186,0.039931
71.059935,0.056524
71.079918,0.078851
71.100095,0.095863
71.119953,0.108201
71.139954,0.129733
71.159863,0.138218
71.179990,0.142538
71.199971,0.129557
71.220189,0.029648
71.239979,0.064832
71.260033,0.048263
71.280060,0.047193
71.299922,0.051902
71.320172,0.065707
71.339967,0.085708
71.360224,0.162099
71.380081,0.305394
71.400418,0.337693
71.419800,0.263653
71.439827,0.172136
71.459852,0.124758
71.479953,0.224095
71.500028,0.124176
71.520019,0.070944
71.540051,0.116387
71.559884,0.141353
71.579915,0.135512
71.599894,0.115808
71.620113,0.096508
71.640002,0.076557
71.660020,0.069862
71.680032,0.072044
71.700141,0.088785
71.720720,0.109889
71.740345,0.130169
71.760003,0.137531
71.779932,0.130749
71.799946,0.128564
71.820079,0.151609
71.839971,0.233263
71.860073,0.200532
71.879980,0.171935
71.899945,0.162931
71.920174,0.144388
71.940156,0.104456
71.960109,0.060552
71.980144,0.029820
72.000179,0.014996
72.020114,0.011234
72.040064,0.012409
72.060421,0.023570
72.080112,0.036956
72.100182,0.055078
72.120062,0.112603
72.139841,0.179631
72.160107,0.230221
72.180131,0.215000
72.200076,0.162603
72.220186,0.173583
72.239940,0.151557
72.259983,0.101982
72.280158,0.063207
72.300045,0.062856
72.319968,0.083949
72.340122,0.100048
72.360045,0.108535
72.380196,0.115514
72.399948,0.120275
72.419979,0.134021
72.439967,0.245513
72.460139,0.214123
72.480283,0.224728
72.499974,0.220610
72.519990,0.169561
72.539934,0.152218
72.560052,0.131105
72.580310,0.083621
72.600001,0.038665
72.619779,0.063143
72.639948,0.082547
72.659733,0.083393
72.679645,0.078397
72.699784,0.072941
72.719746,0.083535
72.739801,0.135890
72.759994,0.145327
72.780001,0.175262
72.799971,0.184316
72.819912,0.153865
72.840015,0.146305
72.860258,0.107409
72.879934,0.059117
72.899844,0.058447
72.920028,0.085333
72.939947,0.097806
72.959938,0.105304
72.979985,0.115394
72.999921,0.126412
73.019996,0.137985
73.040149,0.143012
73.059908,0.155315
73.079911,0.244135
73.100011,0.210363
73.119923,0.253590
73.139944,0.154294
73.160049,0.106135
73.179941,0.096308
73.199912,0.070791
73.220030,0.026476
73.239949,0.044719
73.259988,0.050001
73.279862,0.046158
73.300032,0.048830
73.319971,0.057740
73.339891,0.103230
73.359968,0.157277
73.379950,0.116950
73.399968,0.070113
73.420290,0.079816
73.440398,0.092573
73.459994,0.067401
73.480268,0.036650
73.499927,0.078323
73.519934,0.099994
73.539803,0.111184
73.559920,0.118726
73.580029,0.120258
73.599868,0.124392
73.620042,0.137615
73.639837,0.148886
73.659899,0.250490
73.679877,0.198671
73.699983,0.183864
73.719901,0.192997
73.739840,0.049637
73.759936,0.097946
73.780102,0.119937
73.799853,0.152512
73.819867,0.168163
73.839933,0.181322
73.859953,0.120432
73.879884,0.082848
73.899958,0.064737
73.919921,0.056446
73.939967,0.051306
73.960034,0.034520
73.979984,0.041124
73.999915,0.046970
74.020052,0.048213
74.039951,0.048341
74.060147,0.043693
74.079922,0.032955
74.100093,0.021118
74.120413,0.012818
74.140272,0.006887
74.159839,0.003744
74.179941,0.004472
74.199874,0.006391
74.220025,0.008727
74.239884,0.010540
74.259991,0.011211
74.280014,0.014871
74.299888,0.017881
74.319990,0.020382
74.339966,0.022415
74.359945,0.024065
74.380086,0.025435
74.400069,0.026631
74.419908,0.027681
74.439910,0.028590
74.460337,0.029349
74.480089,0.030001
74.500132,0.031628
74.519914,0.067921
74.539922,0.129264
74.559960,0.234931
74.580082,0.236410
74.600100,0.183230
74.619907,0.131612
74.639908,0.111300
74.659951,0.102679
74.679877,0.095726
74.699908,0.099834
74.719867,0.106876
74.739887,0.113599
74.759953,0.118673
74.779918,0.139592
74.800019,0.174725
74.820091,0.235483
74.839930,0.252304
74.860189,0.239954
74.879927,0.216251
74.899898,0.223968
74.919912,0.185761
74.939971,0.129150
74.959860,0.088954
74.980010,0.060058
74.999930,0.074006
75.020035,0.128622
75.039964,0.178229
75.059983,0.201827
75.080252,0.277711
75.100107,0.167013
75.120409,0.064356
75.139930,0.091834
75.160029,0.061991
75.179989,0.047235
75.199991,0.051102
75.219956,0.056042
75.239916,0.056036
75.259936,0.053503
75.279921,0.059724
75.299998,0.059660
75.319956,0.054985
75.340001,0.052563
75.359963,0.065632
75.379954,0.072846
75.400357,0.299565
75.420400,0.264462
75.440203,0.207945
75.459842,0.211623
75.479945,0.201819
75.500033,0.143196
75.519691,0.082292
75.539838,0.049753
75.559861,0.028409
75.580033,0.011010
75.599880,0.026992
75.620118,0.039958
75.639969,0.050205
75.659931,0.053353
75.680128,0.054516
75.700018,0.065189
75.720000,0.080810
75.739922,0.087717
75.761246,0.116325
75.779166,0.090575
75.800012,0.055982
75.820036,0.056545
75.840083,0.045454
75.860007,0.049312
75.879924,0.061627
75.899998,0.072336
75.920076,0.071884
75.940063,0.067488
75.960095,0.068245
75.979988,0.079260
75.999866,0.108135
76.020052,0.240232
76.039979,0.288753
76.060082,0.222246
76.080036,0.164895
76.100322,0.181752
76.119904,0.148012
76.140003,0.084020
76.159919,0.042492
76.179935,0.023373
76.199915,0.028119
76.219960,0.051803
76.239923,0.069653
76.259989,0.092531
76.279960,0.108516
76.300071,0.131747
76.319966,0.139332
76.340105,0.142662
76.359918,0.133196
76.379928,0.026564
76.400147,0.068384
76.420293,0.048901
76.439935,0.043995
76.459923,0.052283
76.479962,0.062245
76.500293,0.072469
76.520337,0.070086
76.540126,0.069091
76.560197,0.072105
76.580148,0.081322
76.600279,0.117028
76.620031,0.236620
76.639753,0.283250
76.659784,0.232623
76.679724,0.196886
76.699858,0.199361
76.720787,0.146125
76.740100,0.081427
76.760045,0.039491
76.780142,0.020012
76.800003,0.029436
76.820240,0.050628
76.839992,0.069489
76.860066,0.088261
76.879991,0.100236
76.900141,0.116639
76.919931,0.130274
76.940079,0.136233
76.960180,0.145035
76.980156,0.071261
77.000151,0.065492
77.021113,0.055823
77.040050,0.042915
77.060149,0.051296
77.080129,0.061889
77.100124,0.073397
77.120153,0.074454
77.140164,0.069978
77.160161,0.072772
77.180179,0.172774
77.200181,0.210285
77.220106,0.102690
77.239967,0.169005
77.259969,0.012769
77.280209,0.056547
77.300074,0.076495
77.320080,0.115388
77.340089,0.029012
77.360330,0.039460
77.380165,0.030258
77.400095,0.032741
77.419980,0.044390
77.440095,0.058392
77.459968,0.068947
77.480107,0.074966
77.500112,0.079551
77.520075,0.082753
77.540196,0.084246
77.560009,0.085348
77.579959,0.086024
77.600021,0.082317
77.620050,0.109572
77.640083,0.111684
77.660171,0.118295
77.680219,0.124768
77.700189,0.105644
77.719953,0.074614
77.740069,0.054679
77.760266,0.084689
77.780165,0.130524
77.800076,0.153155
77.820072,0.140417
77.840140,0.110104
77.859995,0.082074
77.880107,0.040986
77.900132,0.044010
77.920144,0.045199
77.940090,0.068292
77.960097,0.080456
77.980126,0.083033
78.001498,0.073916
78.020144,0.070822
78.040086,0.071631
78.060179,0.136450
78.079965,0.108212
78.100340,0.171688
78.120107,0.192710
78.140093,0.156391
78.160064,0.146506
78.180215,0.120094
78.200028,0.073893
78.220104,0.039549
78.240125,0.036391
78.260200,0.062847
78.280110,0.076420
78.300161,0.078758
78.320151,0.081800
78.340219,0.089110
78.360067,0.086066
78.380259,0.168396
78.400115,0.129626
78.420208,0.148884
78.440045,0.105685
78.459945,0.107400
78.480028,0.095290
78.500065,0.050568
78.520063,0.025538
78.540289,0.058870
78.560220,0.075328
78.580148,0.080103
78.600218,0.076022
78.620110,0.073970
78.640282,0.077355
78.660188,0.096756
78.680305,0.183123
78.700083,0.120011
78.720101,0.149348
78.740122,0.109561
78.760270,0.104560
78.780100,0.103192
78.800069,0.069943
78.820104,0.035002
78.840111,0.021297
78.860150,0.041763
78.880087,0.054197
78.900127,0.056358
78.920227,0.058690
78.940096,0.062272
78.960117,0.076171
78.980210,0.129722
79.000247,0.128739
79.020112,0.142801
79.040114,0.156338
79.060113,0.122877
79.080161,0.128084
79.100021,0.107487
79.120105,0.068092
79.140102,0.036415
79.160127,0.057339
79.180126,0.068000
79.200134,0.064980
79.220092,0.057770
79.240096,0.058707
79.260140,0.065907
79.280251,0.066603
79.300300,0.166188
79.320390,0.142133
79.340285,0.185692
79.360186,0.133298
79.380192,0.136312
79.400048,0.132368
79.420068,0.101749
79.440050,0.067848
79.460053,0.048356
79.480113,0.039036
79.500126,0.041506
79.520121,0.055651
79.540104,0.074037
79.560280,0.079906
79.580091,0.074153
79.600030,0.140109
79.619985,0.139034
79.639946,0.164905
79.660000,0.182027
79.680086,0.151149
79.700050,0.151427
79.720102,0.130048
79.740073,0.083812
79.760040,0.040088
79.780132,0.026513
79.800064,0.042250
79.820058,0.043792
79.839962,0.042284
79.860125,0.046370
79.880137,0.052392
79.899942,0.057363
79.920066,0.131540
79.940249,0.120192
79.960089,0.171283
79.980163,0.188366
80.000081,0.153331
80.020091,0.146845
80.040007,0.134056
80.060072,0.099748
80.080132,0.069695
80.100121,0.049855
80.120109,0.041032
80.140125,0.047629
80.160094,0.058085
80.180114,0.073388
80.200128,0.078659
80.220112,0.078511
80.240110,0.114839
80.260179,0.154768
80.280304,0.175770
80.300100,0.184307
80.320041,0.154323
80.340082,0.153547
80.359978,0.133599
80.379966,0.090562
80.400091,0.045240
80.420063,0.023447
80.440303,0.038791
80.460095,0.039411
80.480111,0.037315
80.499916,0.050930
80.520011,0.059944
80.540046,0.060201
80.559926,0.070481
80.580191,0.147481
80.600005,0.190507
80.619997,0.215818
80.639949,0.164640
80.660046,0.155470
80.680155,0.105814
80.700076,0.101944
80.720125,0.063576
80.740086,0.042834
80.760183,0.037617
80.780109,0.045588
80.800070,0.056294
80.820153,0.069046
80.840062,0.078258
80.860138,0.079309
80.880126,0.077598
80.900386,0.181835
80.920264,0.209835
80.940113,0.219215
80.960054,0.159776
80.980147,0.167369
80.999984,0.158044
81.019984,0.119600
81.039986,0.050973
81.059944,0.049028
81.080098,0.053295
81.100103,0.062332
81.120174,0.072076
81.140098,0.079664
81.159962,0.080832
81.180074,0.071171
81.200022,0.063884
81.220387,0.139000
81.240166,0.143685
81.260189,0.136884
81.280057,0.087505
81.299891,0.085793
81.319892,0.073479
81.339969,0.028989
81.360006,0.027401
81.380051,0.024776
81.399992,0.034380
81.420050,0.051975
81.439996,0.072466
81.460089,0.089341
81.479982,0.094103
81.500072,0.068361
81.519999,0.100484
81.540022,0.200141
81.560378,0.328437
81.580194,0.323984
81.600366,0.271867
81.620065,0.280349
81.640030,0.235748
81.660197,0.178407
81.680290,0.111967
81.700473,0.064713
81.720071,0.035228
81.740063,0.029005
81.760092,0.032617
81.779988,0.027760
81.799923,0.043169
81.819902,0.062306
81.839967,0.071294
81.860023,0.082505
81.880044,0.185666
81.899962,0.196868
81.919955,0.108706
81.939965,0.077057
81.959970,0.072501
81.980039,0.050630
82.000045,0.039553
82.019993,0.037676
82.040039,0.039194
82.060111,0.049490
82.080205,0.066816
82.100074,0.088863
82.120073,0.102192
82.140057,0.103551
82.160305,0.093403
82.180258,0.124472
82.200069,0.294952
82.220045,0.319361
82.239961,0.214603
82.260186,0.129335
82.279967,0.090720
82.299968,0.045321
82.320141,0.028103
82.340039,0.064495
82.359978,0.096867
82.380038,0.091658
82.399993,0.067855
82.420088,0.057115
82.440099,0.040302
82.460205,0.027971
82.480102,0.058020
82.500018,0.078369
82.519940,0.093210
82.539995,0.066337
82.560034,0.102864
82.580126,0.259641
82.599919,0.253569
82.620040,0.100178
82.640093,0.138222
82.660264,0.106769
82.680007,0.115590
82.700103,0.076268
82.720017,0.037292
82.740210,0.031862
82.760011,0.044948
82.779938,0.051151
82.800017,0.059170
82.820237,0.071077
82.839945,0.081640
82.860045,0.100406
82.880048,0.109491
82.899998,0.102106
82.920060,0.167147
82.940020,0.191161
82.960326,0.189417
82.980039,0.158381
83.000171,0.154615
83.020203,0.139124
83.040089,0.104179
83.060034,0.064200
83.080157,0.029894
83.100037,0.029899
83.120112,0.035636
83.140253,0.049531
83.160076,0.067777
83.180057,0.083004
83.200100,0.084268
83.220047,0.077224
83.240004,0.183761
83.260278,0.198733
83.280049,0.226322
83.300071,0.160106
83.320106,0.156879
83.340055,0.149032
83.359983,0.117156
83.380013,0.056584
83.399947,0.050680
83.421474,0.041718
83.440200,0.051874
83.460017,0.064337
83.479957,0.075171
83.500014,0.087063
83.520040,0.081855
83.540001,0.085897
83.560039,0.175727
83.580289,0.237887
83.600216,0.226811
83.620060,0.163437
83.640012,0.119909
83.659898,0.106005
83.680009,0.108200
83.700024,0.064470
83.720014,0.035651
83.740029,0.029271
83.760272,0.032667
83.780257,0.041735
83.800238,0.059347
83.820034,0.076555
83.839897,0.081734
83.859938,0.079664
83.880108,0.133132
83.900080,0.199192
83.920063,0.243663
83.940304,0.188226
83.960044,0.164716
83.980047,0.117701
84.000033,0.145226
84.020065,0.110859
84.039978,0.055788
84.059994,0.050528
84.080086,0.045074
84.100267,0.059303
84.120162,0.070563
84.140045,0.080887
84.160275,0.093739
84.180064,0.096821
84.200064,0.092501
84.220025,0.167056
84.240044,0.205136
84.260156,0.114395
84.280066,0.174396
84.300026,0.177421
84.320067,0.154201
84.340114,0.120731
84.360035,0.081618
84.380144,0.050116
84.400058,0.036337
84.420110,0.033036
84.439963,0.038646
84.460116,0.055339
84.479984,0.072149
84.499931,0.072375
84.519906,0.069519
84.540099,0.076004
84.559983,0.212592
84.580036,0.151413
84.600106,0.190146
84.620090,0.170462
84.640128,0.156266
84.660190,0.140870
84.680004,0.107695
84.699985,0.075454
84.720030,0.038843
84.740363,0.039566
84.760390,0.053343
84.780030,0.065802
84.799930,0.076756
84.820037,0.089764
84.839976,0.087408
84.860267,0.088826
84.879895,0.161588
84.899944,0.231756
84.919944,0.229052
84.940171,0.102392
84.960081,0.159636
84.979977,0.153019
85.000039,0.080553
85.020146,0.066360
85.040256,0.040772
85.060060,0.033294
85.079940,0.033729
85.100062,0.040697
85.120102,0.058624
85.139924,0.076749
85.160055,0.081868
85.180080,0.071136
85.200042,0.074407
85.220163,0.218838
85.240058,0.246741
85.260093,0.188255
85.280134,0.163798
85.300040,0.159666
85.320021,0.144122
85.339941,0.108214
85.360025,0.075282
85.380107,0.052798
85.400002,0.043377
85.419919,0.055875
85.439961,0.067860
85.459895,0.080678
85.479935,0.093837
85.500101,0.096614
85.520080,0.084111
85.540090,0.108831
85.560011,0.238727
85.580225,0.228731
85.600063,0.163519
85.619985,0.164683
85.640111,0.147679
85.659896,0.103751
85.680095,0.056452
85.700113,0.015089
85.719997,0.019518
85.739918,0.034695
85.759996,0.046363
85.779968,0.054656
85.799901,0.061623
85.820038,0.076824
85.840043,0.114554
85.860120,0.151222
85.880107,0.208366
85.900171,0.260035
85.920155,0.222308
85.940300,0.184763
85.960160,0.157166
85.980108,0.120076
86.000248,0.034960
86.020066,0.017283
86.040642,0.019888
86.060042,0.039809
86.079832,0.050522
86.099843,0.060886
86.119850,0.068427
86.139904,0.079317
86.159970,0.087231
86.180045,0.114662
86.199931,0.164829
86.219953,0.165249
86.240180,0.197325
86.260046,0.142999
86.279935,0.143023
86.300004,0.090684
86.319943,0.086625
86.340036,0.041500
86.359910,0.036566
86.379920,0.047621
86.399936,0.050551
86.420055,0.043357
86.440028,0.036526
86.459940,0.032793
86.480037,0.042603
86.499972,0.061799
86.520048,0.083147
86.540026,0.120044
86.559987,0.128496
86.579862,0.122847
86.599971,0.114398
86.620043,0.120092
86.639992,0.108979
86.659911,0.074751
86.680193,0.049966
86.700183,0.036692
86.720028,0.054233
86.739941,0.060940
86.759994,0.057411
86.779925,0.080517
86.799913,0.088079
86.819923,0.102288
86.839877,0.125504
86.859991,0.072959
86.879908,0.161883
86.899851,0.196531
86.919991,0.141734
86.940005,0.131808
86.959949,0.113407
86.979946,0.041445
86.999962,0.028228
87.020243,0.030531
87.040216,0.039873
87.060052,0.037098
87.079933,0.035413
87.099927,0.044658
87.120001,0.065413
87.139991,0.081626
87.160048,0.130214
87.179908,0.105044
87.199981,0.085974
87.220101,0.091821
87.240112,0.133577
87.260220,0.112646
87.280056,0.071310
87.300031,0.041819
87.320165,0.045567
87.339989,0.056749
87.360078,0.061852
87.380187,0.068430
87.400527,0.075413
87.419938,0.083379
87.439896,0.094090
87.460157,0.148740
87.479978,0.166178
87.500059,0.109480
87.520056,0.139283
87.540040,0.137632
87.560062,0.118619
87.580082,0.078969
87.600121,0.040499
87.620224,0.022363
87.640078,0.038954
87.660011,0.040719
87.680075,0.040540
87.700023,0.044363
87.720207,0.061763
87.740037,0.101257
87.760023,0.175716
87.780135,0.169101
87.799961,0.183127
87.820049,0.083684
87.839977,0.093379
87.859907,0.116905
87.879951,0.078927
87.899874,0.022871
87.919884,0.039800
87.939875,0.045540
87.959917,0.055499
87.979906,0.059371
87.999974,0.061005
88.019969,0.073281
88.040242,0.072677
88.060279,0.075704
88.079920,0.146934
88.099903,0.146057
88.120048,0.094772
88.140024,0.129675
88.160011,0.134189
88.180064,0.123800
88.200013,0.086980
88.220072,0.045293
88.240076,0.033744
88.260155,0.056662
88.279970,0.061038
88.299919,0.062162
88.319975,0.074996
88.339980,0.112075
88.359917,0.166863
88.380101,0.184451
88.400016,0.106439
88.419922,0.136970
88.440092,0.099388
88.459935,0.126087
88.479899,0.057367
88.500118,0.045171
88.520093,0.021966
88.539901,0.030646
88.559914,0.053094
88.580055,0.056025
88.599858,0.057363
88.619967,0.069569
88.640000,0.093477
88.660034,0.121210
88.679907,0.152262
88.700297,0.133728
88.720059,0.171914
88.740157,0.151927
88.760647,0.081601
88.780284,0.064334
88.800015,0.016839
88.820092,0.038303
88.840166,0.068854
88.860025,0.074020
88.880250,0.070313
88.900128,0.068622
88.920079,0.075744
88.939939,0.095956
88.959922,0.138924
88.979950,0.131001
88.999946,0.142541
89.020019,0.131688
89.039925,0.106680
89.059883,0.066478
89.080183,0.077197
89.100056,0.038308
89.119965,0.033542
89.139975,0.067284
89.159996,0.071102
89.179961,0.062845
89.199990,0.059601
89.219950,0.067843
89.239998,0.074088
89.260000,0.076983
89.280082,0.128485
89.300118,0.141316
89.320044,0.154729
89.339967,0.135373
89.360001,0.107880
89.379976,0.108718
89.399961,0.128455
89.420092,0.054988
89.440140,0.041130
89.459982,0.027220
89.479904,0.043169
89.500001,0.038867
89.519991,0.060005
89.540116,0.070879
89.559970,0.066881
89.580008,0.122069
89.599939,0.115886
89.619965,0.082006
89.640179,0.031720
89.660079,0.049558
89.679874,0.042887
89.699944,0.036214
89.719947,0.043321
89.740247,0.053184
89.760039,0.040250
89.779913,0.036524
89.799957,0.042800
89.819941,0.062556
89.839894,0.072853
89.860009,0.077282
89.879961,0.116178
89.899971,0.210104
89.920007,0.162664
89.939991,0.147535
89.960040,0.172893
89.979966,0.155134
89.999975,0.118322
90.019985,0.075407
90.040044,0.028015
90.060028,0.024324
90.080250,0.043188
90.100455,0.037042
90.120209,0.039714
90.140115,0.043825
90.160143,0.051156
90.180098,0.062643
90.200165,0.096737
90.220045,0.178905
90.239973,0.183106
90.259898,0.087786
90.280152,0.030829
90.299954,0.040147
90.320018,0.029633
90.339946,0.019448
90.359941,0.033531
90.379915,0.034103
90.399943,0.036334
90.419950,0.039225
90.439991,0.066159
90.459960,0.058148
90.479914,0.081115
90.499865,0.075375
90.520052,0.174819
90.539978,0.276037
90.559969,0.118947
90.579911,0.136386
90.599891,0.165745
90.619958,0.199077
90.640009,0.099857
90.659947,0.050538
90.679954,0.044638
90.700057,0.023821
90.720088,0.039151
90.740133,0.035294
90.760060,0.033831
90.780018,0.046568
90.800051,0.050238
90.819983,0.054302
90.839963,0.068868
90.859997,0.148577
90.879981,0.214184
90.899959,0.058499
90.919967,0.015700
90.939910,0.019324
90.959910,0.015326
90.979991,0.025165
90.999981,0.027352
91.019964,0.032832
91.040045,0.040271
91.060051,0.061709
91.080037,0.070630
91.099973,0.083249
91.120043,0.076089
91.139980,0.230443
91.159975,0.202021
91.179978,0.128891
91.199971,0.155705
91.219946,0.229582
91.239960,0.126537
91.260009,0.076278
91.280017,0.036100
91.299963,0.031318
91.320032,0.042240
91.340179,0.041763
91.360105,0.036857
91.380029,0.036773
91.399951,0.054127
91.420004,0.077624
91.439990,0.143561
91.459993,0.185927
91.480022,0.125518
91.499975,0.056270
91.520082,0.019875
91.540014,0.026441
91.560007,0.022665
91.579996,0.020190
91.600110,0.027935
91.619936,0.038283
91.639974,0.049173
91.660158,0.058856
91.680124,0.086389
91.699924,0.100138
91.719932,0.072411
91.739839,0.090558
91.759963,0.254083
91.779855,0.305055
91.800019,0.258030
91.819967,0.201559
91.839921,0.150222
91.859943,0.056937
91.879893,0.011806
91.900003,0.015629
91.920118,0.040648
91.940018,0.044597
91.959951,0.045497
91.979969,0.055442
92.000049,0.042238
92.020045,0.055733
92.040155,0.058589
92.059975,0.083124
92.079943,0.137800
92.100063,0.156030
92.119970,0.194788
92.139967,0.032191
92.159993,0.047905
92.180122,0.061607
92.200064,0.025406
92.219950,0.016571
92.239966,0.031777
92.260063,0.040997
92.280018,0.041557
92.300029,0.062415
92.319994,0.072741
92.339937,0.095598
92.360240,0.086211
92.380118,0.181275
92.399922,0.222328
92.419961,0.110119
92.439966,0.119618
92.459969,0.137631
92.479950,0.118139
92.500038,0.088252
92.520012,0.081249
92.540194,0.035669
92.559922,0.016829
92.579880,0.034123
92.599967,0.038642
92.619997,0.041560
92.639982,0.048729
92.659968,0.060710
92.680184,0.079911
92.699974,0.118419
92.719927,0.108447
92.739910,0.137997
92.760100,0.074837
92.779896,0.087843
92.799989,0.063757
92.819972,0.057708
92.839937,0.023675
92.859958,0.021952
92.879971,0.019700
92.899946,0.029835
92.919972,0.049751
92.939990,0.073016
92.960026,0.081829
92.980016,0.069533
92.999965,0.092676
93.020223,0.188444
93.040106,0.231453
93.059977,0.221006
93.079986,0.194456
93.099999,0.200511
93.119980,0.166747
93.139953,0.075741
93.160058,0.057539
93.180014,0.018248
93.199994,0.034217
93.220019,0.060590
93.240007,0.065332
93.260045,0.053897
93.280084,0.055556
93.299966,0.060888
93.320032,0.084469
93.340159,0.167179
93.360025,0.161902
93.380044,0.126391
93.399950,0.055638
93.419901,0.080654
93.439936,0.070813
93.459968,0.030215
93.479981,0.025085
93.499921,0.023762
93.520003,0.033590
93.539965,0.040732
93.560048,0.050738
93.580104,0.077758
93.599945,0.101162
93.620009,0.086327
93.639946,0.106843
93.660191,0.119406
93.680323,0.134283
93.700097,0.121703
93.720115,0.123485
93.739947,0.064881
93.760051,0.092886
93.779925,0.022897
93.800010,0.043526
93.819998,0.039233
93.840119,0.054253
93.860010,0.046115
93.880118,0.047856
93.899977,0.044475
93.920148,0.079664
93.940165,0.103123
93.959989,0.073669
93.979924,0.093964
94.000004,0.169333
94.020032,0.213761
94.039941,0.124570
94.060178,0.080466
94.080043,0.101481
94.100096,0.067839
94.119938,0.025864
94.139959,0.022476
94.159959,0.038122
94.180064,0.050323
94.200045,0.069319
94.219971,0.117447
94.239974,0.134026
94.259983,0.104369
94.280020,0.091413
94.299987,0.129644
94.320153,0.131045
94.339956,0.071571
94.359964,0.071872
94.379989,0.070879
94.400195,0.038018
94.420313,0.033363
94.439958,0.024844
94.459984,0.018670
94.479973,0.020091
94.499961,0.018152
94.519999,0.013476
94.540058,0.015005
94.560117,0.018938
94.579943,0.030037
94.599990,0.036526
94.620038,0.042179
94.639967,0.049434
94.659948,0.050939
94.680109,0.054306
94.700181,0.053269
94.719986,0.052506
94.739958,0.050846
94.760175,0.048149
94.780019,0.046500
94.800066,0.045446
94.819924,0.044860
94.839913,0.044252
94.859887,0.044488
94.879963,0.043155
94.899979,0.043135
94.919995,0.041175
94.940047,0.040335
94.960055,0.038415
94.979936,0.036907
94.999944,0.035914
95.020062,0.033674
95.040152,0.032267
95.059947,0.029928
95.079970,0.027867
95.099957,0.026298
95.119974,0.023917
95.140044,0.022144
95.159966,0.019777
95.179938,0.017757
95.199996,0.016261
95.219945,0.014356
95.239942,0.012798
95.259980,0.010914
95.280075,0.008007
95.300024,0.007121
95.320066,0.008893
95.339989,0.010035
95.359925,0.010771
95.380312,0.011498
95.400126,0.012202
95.419945,0.012897
95.439939,0.013567
95.460112,0.014091
95.480070,0.012381
95.500082,0.012740
95.519963,0.013163
95.540097,0.013934
95.560088,0.014367
95.580223,0.014769
95.600182,0.014880
95.619974,0.014842
95.640052,0.014874
95.660135,0.014907
95.680298,0.014901
95.700196,0.014841
95.720467,0.014709
95.740151,0.014458
95.759982,0.014108
95.779986,0.013721
95.799945,0.013242
95.819988,0.012651
95.839953,0.012055
95.860129,0.011361
95.880049,0.010632
95.900064,0.009865
95.920185,0.009073
95.940058,0.008268
95.960041,0.007550
95.980100,0.006903
96.000078,0.008324
96.020127,0.008296
96.040210,0.008467
96.060135,0.008868
96.080036,0.011994
96.100090,0.015320
96.120105,0.017884
96.140095,0.024615
96.160007,0.031664
96.180052,0.032366
96.200131,0.040264
96.220002,0.046216
96.240085,0.054783
96.260257,0.054849
96.280002,0.049379
96.300123,0.049754
96.320078,0.062596
96.340109,0.079517
96.360059,0.096670
96.380107,0.109099
96.400145,0.132992
96.420343,0.156878
96.440174,0.192448
96.459971,0.182342
96.480101,0.102109
96.500014,0.096972
96.519995,0.084262
96.540122,0.147196
96.560037,0.136685
96.580187,0.145568
96.600066,0.156096
96.620091,0.171554
96.640011,0.200456
96.659974,0.169206
96.679831,0.263375
96.700105,0.102051
96.720212,0.077307
96.740239,0.086602
96.760246,0.072501
96.780152,0.028964
96.800197,0.051690
96.820194,0.053067
96.840380,0.047175
96.860175,0.049147
96.880364,0.057520
96.900455,0.071151
96.920111,0.081590
96.940217,0.095116
96.960127,0.115522
96.980226,0.147546
97.000124,0.129905
97.020091,0.320229
97.039982,0.197272
97.059969,0.076728
97.080061,0.046152
97.099921,0.078301
97.119924,0.104126
97.139992,0.110115
97.159860,0.077970
97.180048,0.057836
97.200008,0.047650
97.219937,0.062284
97.240121,0.062648
97.260009,0.059475
97.280015,0.070038
97.300160,0.092784
97.320038,0.117586
97.339996,0.149267
97.360137,0.214342
97.380051,0.269421
97.400422,0.174035
97.420011,0.062079
97.440030,0.040180
97.460047,0.022706
97.479979,0.071549
97.499964,0.053221
97.520180,0.069545
97.540073,0.059408
97.560077,0.037679
97.580151,0.044082
97.600184,0.057074
97.620042,0.065264
97.640030,0.083097
97.660035,0.093357
97.680287,0.109861
97.700145,0.117361
97.720054,0.355921
97.740288,0.290395
97.760206,0.040330
97.780350,0.060018
97.799996,0.025989
97.819916,0.041096
97.840095,0.110653
97.860059,0.085605
97.879959,0.066680
97.899914,0.071611
97.919931,0.072369
97.939939,0.064382
97.960167,0.080412
97.979964,0.086491
98.000124,0.108297
98.020126,0.135259
98.040067,0.179597
98.060037,0.318423
98.080123,0.193020
98.100391,0.081856
98.120110,0.092645
98.140030,0.151011
98.160138,0.105031
98.180114,0.102445
98.200053,0.099919
98.220094,0.084295
98.240073,0.101654
98.260067,0.144775
98.280117,0.169112
98.300081,0.183250
98.320066,0.190906
98.340099,0.228057
98.360032,0.174210
98.380045,0.114088
98.400086,0.109703
98.420161,0.113308
98.440034,0.104695
98.459966,0.076385
98.479858,0.055823
98.500010,0.036719
98.519966,0.043821
98.540030,0.047692
98.560025,0.100895
98.580367,0.201332
98.600197,0.223188
98.620263,0.253427
98.640012,0.291828
98.660314,0.277788
98.679995,0.313846
98.700047,0.275278
98.720206,0.230299
98.740256,0.138420
98.760263,0.093096
98.780076,0.054142
98.800007,0.118604
98.820152,0.151052
98.840028,0.163379
98.860090,0.181897
98.880001,0.259889
98.899992,0.480420
98.920008,0.230328
98.940009,0.076214
98.959987,0.029906
98.979916,0.035782
99.000195,0.038554
99.020030,0.054342
99.040110,0.086295
99.060190,0.059561
99.080018,0.043315
99.100036,0.045646
99.120043,0.052026
99.140045,0.050947
99.160153,0.052453
99.180045,0.066999
99.200041,0.089740
99.220101,0.140044
99.240032,0.205167
99.260033,0.226098
99.280041,0.135189
99.300051,0.109235
99.320179,0.043930
99.339991,0.036282
99.359953,0.069929
99.380031,0.111301
99.400006,0.099021
99.420266,0.081248
99.440137,0.052485
99.459979,0.056799
99.480015,0.061834
99.500049,0.069463
99.520050,0.074802
99.539979,0.086485
99.560090,0.109465
99.580100,0.127423
99.600041,0.125114
99.620162,0.277064
99.640081,0.263116
99.660120,0.037108
99.679915,0.043399
99.700041,0.035174
99.720162,0.042152
99.740018,0.079527
99.759949,0.088413
99.780127,0.071440
99.800023,0.061876
99.819961,0.066547
99.839942,0.086628
99.860010,0.088469
99.880052,0.096777
99.900092,0.117782
99.920042,0.149011
99.939928,0.109935
99.960010,0.363411
99.980162,0.255446
100.000029,0.059198
100.020001,0.077833
100.039945,0.080653
100.060040,0.102111
100.080190,0.119357
100.100177,0.130206
100.120307,0.128414
100.139985,0.088764
100.159954,0.128288
100.180056,0.156118
100.200084,0.169827
100.220154,0.211081
100.240028,0.185586
100.260028,0.213639
100.280076,0.160788
100.300027,0.148738
100.320277,0.141161
100.340136,0.110868
100.360069,0.105939
100.380036,0.077450
100.399950,0.055069
100.420412,0.196838
100.440178,0.096701
100.460093,0.074871
100.480098,0.102730
100.500114,0.053132
100.520061,0.032882
100.540096,0.028766
100.560086,0.033133
100.580322,0.038632
100.600216,0.035249
100.620131,0.031577
100.640030,0.022510
100.659958,0.028676
100.679966,0.028526
100.700154,0.027433
100.720111,0.023726
100.740075,0.021667
100.759851,0.017629
100.780017,0.012794
100.799945,0.011003
100.819980,0.009023
100.840067,0.013600
100.859974,0.016796
100.879923,0.018579
100.899979,0.019894
100.919988,0.020023
100.939929,0.023157
100.959947,0.031066
100.980095,0.040062
101.000024,0.049023
101.020026,0.055803
101.041336,0.081094
101.060107,0.094003
101.080074,0.097549
101.100071,0.094492
101.120136,0.095948
101.140059,0.099068
101.160047,0.102655
101.180027,0.100779
101.200063,0.099538
101.220031,0.094005
101.239929,0.087375
101.260033,0.078842
101.280241,0.070268
101.300052,0.055970
101.320158,0.051682
101.340028,0.060917
101.360077,0.093186
101.380015,0.117358
101.400010,0.122401
101.420198,0.132894
101.440014,0.144786
101.460082,0.123929
101.480016,0.114569
101.499941,0.195828
101.519982,0.171724
101.540024,0.241377
101.560084,0.234587
101.580107,0.200728
101.600112,0.143000
101.620174,0.077882
101.640098,0.038959
101.660085,0.075916
101.680063,0.107305
101.700210,0.137040
101.720249,0.175950
101.740330,0.177572
101.760024,0.193933
101.779830,0.131165
101.799835,0.062188
101.819885,0.048072
101.839929,0.036637
101.859908,0.029138
101.879944,0.078560
101.899911,0.089621
101.919876,0.079226
101.939978,0.073911
101.959977,0.070025
101.980001,0.070574
101.999957,0.072890
102.020168,0.086070
102.040061,0.118699
102.060123,0.213748
102.080003,0.188422
102.099959,0.164345
102.119960,0.127438
102.140074,0.131560
102.160003,0.119907
102.179983,0.084725
102.199987,0.016485
102.219942,0.023239
102.239933,0.023091
102.260346,0.027393
102.280180,0.026507
102.299951,0.038111
102.320372,0.056758
102.340158,0.072495
102.359990,0.092430
102.379981,0.106652
102.400153,0.067263
102.420065,0.063873
102.440079,0.095690
102.460066,0.067204
102.480188,0.064272
102.500046,0.046602
102.519962,0.079296
102.539946,0.084095
102.560237,0.076331
102.580025,0.067447
102.600088,0.072474
102.620032,0.079752
102.640411,0.093346
102.660023,0.106818
102.680117,0.129441
102.700094,0.252468
102.720127,0.223405
102.740008,0.197692
102.759970,0.135921
102.779958,0.160285
102.799962,0.069050
102.819988,0.026213
102.839990,0.034588
102.860106,0.035842
102.880019,0.049341
102.900321,0.077891
102.920017,0.082039
102.940036,0.090849
102.960081,0.107652
102.980036,0.102571
103.000141,0.117238
103.020226,0.110117
103.040214,0.064077
103.060071,0.063094
103.080142,0.057224
103.100010,0.048942
103.119885,0.063585
103.140006,0.066790
103.160152,0.072356
103.180063,0.070923
103.200113,0.069291
103.220076,0.068178
103.240079,0.075047
103.260091,0.101220
103.279997,0.214475
103.300058,0.277520
103.320139,0.117040
103.340021,0.188701
103.360494,0.144875
103.380231,0.149844
103.399981,0.090893
103.419936,0.049774
103.439957,0.030390
103.460057,0.030492
103.479967,0.074338
103.500052,0.076180
103.520016,0.105680
103.540130,0.117982
103.559990,0.131631
103.580120,0.172288
103.600093,0.133839
103.620016,0.125870
103.639997,0.033150
103.659992,0.065543
103.680058,0.066786
103.699918,0.034751
103.720086,0.079656
103.740480,0.079887
103.760288,0.087220
103.780054,0.100484
103.799930,0.117602
103.820003,0.130156
103.839948,0.106608
103.860096,0.131202
103.879983,0.259076
103.899994,0.174356
103.920000,0.104993
103.940128,0.072271
103.959961,0.100779
103.979984,0.098509
103.999985,0.120225
104.020000,0.067385
104.040001,0.078335
104.060025,0.059500
104.080005,0.064017
104.100121,0.058613
104.120018,0.086819
104.140088,0.108690
104.160418,0.119070
104.180374,0.124856
104.200404,0.138863
104.220342,0.144209
104.240182,0.193537
104.260037,0.206510
104.280101,0.145613
104.299979,0.153112
104.320018,0.107378
104.339903,0.115853
104.360055,0.054579
104.380032,0.044303
104.400154,0.046969
104.420010,0.045811
104.440125,0.047861
104.459984,0.067018
104.480034,0.081192
104.500110,0.086959
104.520030,0.077676
104.540352,0.070956
104.560111,0.191971
104.580135,0.230831
104.600075,0.203597
104.620399,0.176453
104.640335,0.169458
104.660020,0.149842
104.680206,0.112131
104.699863,0.074811
104.720038,0.033755
104.740063,0.033226
104.760078,0.042717
104.780075,0.042825
104.799982,0.047618
104.820027,0.054102
104.840007,0.060615
104.859978,0.068493
104.879898,0.166884
104.899944,0.160608
104.920103,0.173028
104.940151,0.204903
104.960226,0.180742
104.980070,0.170366
104.999993,0.136011
105.020086,0.080143
105.040234,0.026215
105.060175,0.013847
105.079982,0.035843
105.099995,0.044774
105.119917,0.055205
105.139941,0.063186
105.160001,0.074003
105.179964,0.087880
105.200118,0.110763
105.219921,0.146840
105.239995,0.159152
105.260164,0.179621
105.279987,0.124680
105.299990,0.109914
105.319993,0.088762
105.339920,0.047749
105.360045,0.011969
105.380125,0.027490
105.399941,0.040790
105.419942,0.046836
105.439956,0.055285
105.460161,0.062962
105.479955,0.068403
105.500097,0.080971
105.519997,0.143515
105.539934,0.209973
105.559991,0.173224
105.580028,0.185167
105.599970,0.170552
105.620060,0.168159
105.640055,0.129598
105.659953,0.074342
105.679917,0.023352
105.699966,0.021393
105.719976,0.046519
105.739937,0.044737
105.760175,0.045731
105.779986,0.049203
105.799854,0.060109
105.819809,0.069877
105.839853,0.094205
105.859814,0.056493
105.879974,0.106085
105.900010,0.133931
105.920000,0.060980
105.940098,0.026290
105.960066,0.019984
105.980043,0.023041
105.999968,0.041282
106.019958,0.042165
106.039930,0.047896
106.059979,0.047447
106.080015,0.054013
106.100020,0.059206
106.120148,0.074590
106.139978,0.113672
106.160222,0.218703
106.179933,0.223790
106.200077,0.207830
106.220018,0.207156
106.240031,0.187397
106.260097,0.128956
106.280036,0.076292
106.300022,0.034435
106.320067,0.011444
106.339988,0.030713
106.359984,0.067209
106.379984,0.084359
106.399897,0.071422
106.420019,0.078048
106.440195,0.107029
106.460036,0.130957
106.480082,0.112263
106.500201,0.143750
106.520146,0.032067
106.540082,0.013074
106.560239,0.010290
106.580212,0.020931
106.600108,0.034769
106.620133,0.044958
106.640174,0.053413
106.660296,0.057544
106.679963,0.054134
106.699966,0.062603
106.719978,0.081784
106.739888,0.094813
106.760015,0.262047
106.779990,0.262303
106.800099,0.205174
106.820075,0.138363
106.839952,0.190849
106.859966,0.088720
106.880020,0.038822
106.899963,0.010727
106.920216,0.016592
106.940031,0.038242
106.960222,0.121757
106.980084,0.225230
107.000009,0.257373
107.020049,0.251267
107.040089,0.202490
107.060074,0.177921
107.080084,0.163391
107.100078,0.203886
107.120033,0.050732
107.140083,0.061554
107.160093,0.089330
107.180037,0.086626
107.200079,0.058167
107.220050,0.036481
107.240037,0.067427
107.260078,0.085364
107.280232,0.092691
107.300137,0.088088
107.320137,0.078770
107.340024,0.082402
107.359911,0.141835
107.379980,0.133708
107.399921,0.114828
107.419993,0.138104
107.439922,0.055486
107.460133,0.068959
107.479929,0.077453
107.500160,0.069166
107.520058,0.081476
107.540191,0.076744
107.560105,0.071008
107.580107,0.059702
107.600023,0.054897
107.620041,0.072003
107.640150,0.071412
107.660147,0.081549
107.680099,0.122151
107.700181,0.286012
107.720059,0.315059
107.740076,0.286460
107.760094,0.266468
107.780261,0.239519
107.799972,0.187597
107.819958,0.109932
107.840035,0.071592
107.860062,0.067821
107.879902,0.028868
107.899921,0.022408
107.919979,0.032380
107.939956,0.051078
107.960043,0.074281
107.980073,0.096146
108.000069,0.085457
108.020186,0.111260
108.040270,0.176746
108.060079,0.215042
108.080074,0.055625
108.100160,0.043921
108.119935,0.053421
108.139954,0.038749
108.159912,0.028252
108.180027,0.023764
108.200203,0.034772
108.219913,0.054506
108.239920,0.088008
108.260197,0.077737
108.279974,0.096292
108.300052,0.092054
108.320121,0.244967
108.340149,0.270657
108.360008,0.293420
108.379995,0.174153
108.401443,0.254419
108.420015,0.226633
108.440091,0.175675
108.460174,0.126521
108.480153,0.090044
108.500171,0.054984
108.520156,0.042492
108.540169,0.037552
108.560095,0.047843
108.580122,0.057391
108.600357,0.061390
108.620035,0.076647
108.640079,0.074295
108.660164,0.141215
108.680327,0.251120
108.700074,0.139466
108.720131,0.081776
108.740091,0.041998
108.760037,0.031346
108.780089,0.034636
108.800035,0.031381
108.819875,0.062148
108.840066,0.082195
108.859915,0.065091
108.879987,0.070051
108.900007,0.080045
108.920034,0.138102
108.940047,0.282945
108.960061,0.180793
108.980068,0.239572
109.000058,0.152903
109.020050,0.188901
109.040001,0.148527
109.059975,0.096451
109.079990,0.017914
109.099990,0.051125
109.120090,0.056372
109.140108,0.090570
109.160103,0.092422
109.180153,0.110680
109.199901,0.132777
109.220202,0.133546
109.240185,0.106062
109.260023,0.137762
109.280002,0.085643
109.300045,0.036906
109.320053,0.030790
109.339949,0.018536
109.359965,0.022146
109.380025,0.051168
109.400058,0.125068
109.420066,0.138411
109.440137,0.130744
109.460367,0.113606
109.480034,0.092032
109.500169,0.064958
109.520000,0.056845
109.540057,0.080492
109.560071,0.059288
109.580137,0.038289
109.600063,0.031649
109.620150,0.024292
109.640136,0.021104
109.660043,0.018567
109.680090,0.016820
109.700081,0.016545
109.720159,0.017111
109.740150,0.019050
109.760090,0.019817
109.780090,0.020871
109.800289,0.017355
109.819994,0.020732
109.839964,0.030927
109.860000,0.038275
109.880019,0.151569
109.899953,0.200377
109.920056,0.215879
109.940279,0.249634
109.960039,0.241395
109.980082,0.164629
110.000080,0.119610
110.020000,0.122747
110.040135,0.126998
110.060012,0.141952
110.080046,0.221806
110.100056,0.234961
110.120042,0.213961
110.140041,0.133754
110.159995,0.085370
110.180292,0.122933
110.200024,0.127329
110.219910,0.133280
110.240145,0.123835
110.260163,0.105757
110.280232,0.094835
110.299898,0.096059
110.320001,0.070965
110.340035,0.057739
110.360046,0.070524
110.380234,0.102910
110.400035,0.141020
110.420045,0.067576
110.439952,0.216728
110.460087,0.152067
110.480504,0.062472
110.500043,0.040325
110.520059,0.049674
110.540075,0.033420
110.560135,0.060598
110.580168,0.069357
110.600170,0.077774
110.619924,0.066766
110.640006,0.088203
110.660019,0.089558
110.680068,0.097142
110.700172,0.108687
110.719995,0.123024
110.739995,0.136900
110.759983,0.091493
110.780062,0.445513
110.800048,0.347742
110.820125,0.170031
110.840254,0.076879
110.860072,0.044591
110.880047,0.108901
110.900039,0.148088
110.920059,0.132238
110.939971,0.116849
110.959961,0.160543
110.980145,0.188731
111.000177,0.203501
111.020136,0.360993
111.040090,0.243991
111.060071,0.223502
111.080039,0.145712
111.100079,0.141713
111.120093,0.087412
111.140063,0.104680
111.160100,0.097555
111.180060,0.094722
111.200199,0.096123
111.220109,0.128709
111.240101,0.097036
111.260118,0.086779
111.280042,0.061662
111.300137,0.044174
111.320142,0.037635
111.340078,0.031037
111.360069,0.023474
111.380034,0.024793
111.400079,0.030753
111.420050,0.036266
111.440092,0.039554
111.460091,0.040114
111.480076,0.039204
111.500213,0.037300
111.519944,0.033567
111.540062,0.029533
111.560107,0.025960
111.580131,0.021528
111.599963,0.021764
111.620152,0.022515
111.640192,0.024206
111.660112,0.025963
111.680132,0.027557
111.700140,0.029103
111.720102,0.030628
111.740050,0.032403
111.759987,0.033802
111.780203,0.035211
111.800105,0.036889
111.820114,0.038588
111.840045,0.039963
111.860129,0.041230
111.879909,0.041497
111.899953,0.041970
111.919884,0.041878
111.939962,0.041453
111.959852,0.040363
111.980184,0.040072
112.000126,0.038676
112.020012,0.036449
112.040201,0.034719
112.060084,0.032826
112.080170,0.030529
112.100198,0.027574
112.120059,0.024717
112.140017,0.021780
112.159985,0.019607
112.180117,0.017101
112.199943,0.014335
112.219930,0.011800
112.239934,0.010422
112.259972,0.009137
112.280129,0.007552
112.300160,0.005973
112.320175,0.005214
112.340097,0.006490
112.360088,0.008490
112.380027,0.010402
112.400071,0.012088
112.420057,0.013437
112.440109,0.014814
112.460141,0.015873
112.480132,0.016928
112.500132,0.017830
112.520149,0.018594
112.540084,0.019201
112.560138,0.019720
112.580177,0.020109
112.600110,0.020029
112.620156,0.019679
112.640146,0.019133
112.660175,0.018418
112.680195,0.017552
112.700158,0.016742
112.720405,0.015903
112.740014,0.014985
112.760064,0.013987
112.780091,0.012920
112.799834,0.011794
112.820102,0.010620
112.840046,0.009406
112.860036,0.008170
112.879983,0.006929
112.900116,0.005932
112.919982,0.004838
112.940128,0.003801
112.960317,0.002763
112.980013,0.002070
112.999983,0.001568
113.020127,0.001055
113.040178,0.001892
113.060123,0.002679
113.080170,0.003402
113.100033,0.004067
113.120159,0.004679
113.140225,0.005235
113.160145,0.005735
113.180150,0.006176
113.200087,0.006612
113.220056,0.006987
113.240187,0.007274
113.260096,0.007557
113.280000,0.007761
113.300177,0.007884
113.320433,0.007972
113.340106,0.008012
113.360135,0.007995
113.380094,0.007915
113.400108,0.007768
113.420076,0.007556
113.440195,0.007268
113.460131,0.006896
113.480021,0.006468
113.500112,0.006005
113.520116,0.005492
113.540453,0.004966
113.560106,0.004428
113.580000,0.003883
113.600123,0.003327
113.620148,0.002784
113.640092,0.002325
113.660107,0.001845
113.680250,0.001965
113.700139,0.002436
113.720288,0.003362
113.740134,0.004317
113.760211,0.004488
113.780193,0.004593
113.800001,0.004759
113.820328,0.005026
113.840231,0.005337
113.860125,0.005623
113.880106,0.005881
113.900100,0.006111
113.920230,0.006311
113.940042,0.006457
113.960000,0.006552
113.980110,0.006622
114.000091,0.006680
114.020171,0.003458
114.040117,0.003241
114.060160,0.003501
114.080125,0.003448
114.100070,0.003413
114.120170,0.003350
114.140019,0.003266
114.160039,0.003157
114.180131,0.003020
114.200106,0.002861
114.220309,0.002692
114.240123,0.002506
114.260319,0.002315
114.280317,0.002121
114.300147,0.001923
114.320167,0.001724
114.340174,0.001524
114.360138,0.001327
114.380251,0.001208
114.400134,0.001094
114.420066,0.001128
114.440219,0.001306
114.460179,0.001473
114.480193,0.001627
114.500100,0.001769
114.520122,0.001898
114.540147,0.002014
114.560164,0.002116
114.580112,0.002203
114.600195,0.002276
114.620113,0.002334
114.640458,0.002378
114.660281,0.002408
114.680389,0.002424
114.700368,0.002424
114.720339,0.002413
114.740500,0.002390
114.760143,0.002356
114.780185,0.002311
114.800138,0.002255
114.821597,0.002191
114.840124,0.002118
114.860057,0.002037
114.880072,0.001949
114.899933,0.001856
114.920186,0.001759
114.940155,0.001656
114.960139,0.001551
114.980152,0.001445
115.000093,0.001339
115.020028,0.001234
115.040108,0.001131
115.060045,0.001028
115.080092,0.000928
115.100007,0.000832
115.120089,0.000858
115.140051,0.000942
115.160045,0.001026
115.180224,0.001107
115.200152,0.001179
115.220199,0.001246
115.240092,0.001308
115.260128,0.001363
115.280054,0.001411
115.300157,0.001452
115.320125,0.001486
115.340173,0.001513
115.360211,0.001533
115.380180,0.001546
115.400028,0.001553
115.420118,0.001554
115.440179,0.001545
115.460138,0.001533
115.480146,0.001515
115.500332,0.001493
115.520266,0.001465
115.540180,0.001434
115.560156,0.001398
115.580159,0.001362
115.600032,0.001317
115.620072,0.001273
115.640021,0.001226
115.660144,0.001182
115.680140,0.001130
115.700142,0.001082
115.720111,0.001053
115.740179,0.001023
115.760213,0.000994
115.780259,0.000965
115.800127,0.000940
115.820062,0.000983
115.840349,0.001026
115.860025,0.001061
115.880130,0.001096
115.899959,0.001127
115.920029,0.001158
115.940261,0.001181
115.960021,0.001203
115.980071,0.001221
116.000160,0.001236
116.020081,0.001247
116.040126,0.001254
116.060025,0.001259
116.080052,0.001260
116.100091,0.001260
116.120288,0.001252
116.140135,0.001244
116.160016,0.001233
116.180161,0.001222
116.200150,0.001204
116.220166,0.001187
116.240041,0.001167
116.260151,0.001146
116.280089,0.001123
116.300032,0.001099
116.321287,0.001075
116.340003,0.001050
116.360094,0.001024
116.380191,0.000998
116.400090,0.000972
116.420036,0.000946
116.440269,0.000924
116.460164,0.000897
116.480167,0.000873
116.500178,0.000864
116.520122,0.000877
116.540140,0.000889
116.560135,0.000901
116.580129,0.000912
116.600119,0.000923
116.620088,0.000932
116.640153,0.000941
116.660185,0.000949
116.680113,0.000955
116.700150,0.000961
116.720066,0.000966
116.740268,0.000971
116.760137,0.000974
116.780041,0.000976
116.799971,0.000976
116.819963,0.000975
116.839995,0.000977
116.859997,0.000975
116.880011,0.000973
116.900097,0.000966
116.919985,0.000962
116.940017,0.000957
116.960109,0.000955
116.980364,0.000946
117.000171,0.000940
117.020029,0.000933
117.040143,0.000927
117.060121,0.000919
117.080180,0.000911
117.100214,0.000904
117.120198,0.000896
117.140170,0.000889
117.160028,0.000881
117.180195,0.000874
117.200053,0.000867
117.220213,0.000877
117.240210,0.000883
117.260349,0.000891
117.280038,0.000899
117.300030,0.000905
117.320072,0.000914
117.340088,0.000917
117.360037,0.000923
117.380080,0.000924
117.399994,0.000927
117.420013,0.000929
117.440076,0.000932
117.460128,0.000930
117.480303,0.000929
117.499943,0.000928
117.520135,0.000926
117.540040,0.000923
117.560193,0.000920
117.580204,0.000916
117.600385,0.000911
117.620470,0.000906
117.640056,0.000903
117.660223,0.000896
117.680087,0.000889
117.700060,0.000886
117.720140,0.000878
117.740247,0.000870
117.760130,0.000863
117.780197,0.000857
117.799958,0.000850
117.820005,0.000844
117.840220,0.000837
117.860304,0.000832
117.879981,0.000834
117.900039,0.000837
117.920036,0.000839
117.940126,0.000844
117.960224,0.000845
117.980212,0.000846
118.000127,0.000848
118.020091,0.000850
118.040021,0.000852
118.060123,0.000853
118.080069,0.000854
118.100020,0.000854
118.120155,0.000857
118.140138,0.000856
118.160158,0.000856
118.180193,0.000855
118.200281,0.000855
118.220179,0.000855
118.240186,0.000854
118.260160,0.000853
118.280024,0.000852
118.300148,0.000853
118.320132,0.000849
118.340236,0.000848
118.360431,0.000846
118.380132,0.000844
118.400095,0.000842
118.420073,0.000840
118.440235,0.000839
118.460131,0.000836
118.480175,0.000833
118.500175,0.000831
118.520032,0.000829
118.540054,0.000829
118.560175,0.000825
118.580213,0.000822
118.600240,0.000820
118.620381,0.000818
118.640084,0.000816
118.660103,0.000814
118.680194,0.000812
118.700332,0.000813
118.720264,0.000816
118.740017,0.000815
118.760400,0.000816
118.780192,0.000816
118.800009,0.000816
118.820032,0.000817
118.840011,0.000818
118.860209,0.000815
118.879985,0.000814
118.900017,0.000813
118.920062,0.000814
118.940095,0.000813
118.960096,0.000810
118.980096,0.000811
119.000140,0.000807
119.020032,0.000805
119.040165,0.000805
119.060012,0.000802
119.080148,0.000802
119.100228,0.000798
119.120265,0.000796
119.140295,0.000797
119.159952,0.000796
119.180013,0.000797
119.200091,0.000797
119.220106,0.000797
119.240189,0.000797
119.260198,0.000797
119.280259,0.000842
119.300149,0.003842
119.320217,0.012468
119.340021,0.021732
119.360140,0.037689
119.380162,0.061335
119.400186,0.073619
119.420144,0.079224
119.440179,0.074334
119.460118,0.069206
119.480242,0.064896
119.500108,0.068401
119.520185,0.090513
119.540198,0.099314
119.560014,0.116045
119.580127,0.134553
119.600170,0.106452
119.620072,0.150351
119.640080,0.154551
119.660245,0.159056
119.680050,0.169446
119.700192,0.156845
119.720157,0.129410
119.740193,0.106136
119.760184,0.089354
119.780176,0.087128
119.800213,0.102271
119.820147,0.100244
119.840118,0.074624
119.860272,0.134240
119.880328,0.194216
119.899971,0.202199
119.920084,0.153155
119.939960,0.163195
119.960014,0.128365
119.980018,0.104934
120.000014,0.102175
120.020115,0.071974
120.040094,0.048867
120.060034,0.048410
120.080001,0.056318
120.100008,0.068872
120.120057,0.086644
120.140103,0.107363
120.160080,0.101729
120.180112,0.080663
120.200058,0.107067
120.220137,0.191833
120.240207,0.232355
120.260364,0.196860
120.280009,0.183665
120.299954,0.118039
120.320217,0.088992
120.340012,0.053762
120.360194,0.027839
120.380159,0.033940
120.400035,0.035880
120.420170,0.036046
120.440082,0.039195
120.460148,0.051847
120.480228,0.063352
120.500137,0.068621
120.520151,0.067954
120.540094,0.088656
120.560220,0.188334
120.580269,0.239568
120.600099,0.232689
120.620229,0.175563
120.640040,0.167301
120.660116,0.153090
120.680165,0.085120
120.700184,0.053784
120.720160,0.033215
120.740140,0.028917
120.760157,0.045242
120.780392,0.055310
120.800106,0.062234
120.819985,0.073092
120.839908,0.086163
120.860051,0.093895
120.880145,0.094426
120.899959,0.131929
120.919988,0.187474
120.940002,0.130467
120.960146,0.178487
120.980181,0.171808
121.000189,0.155666
121.020148,0.128431
121.040164,0.090399
121.060127,0.056568
121.079996,0.037316
121.100021,0.034755
121.120175,0.032509
121.140165,0.046647
121.160177,0.063831
121.180179,0.072785
121.200158,0.068291
121.220145,0.092666
121.240195,0.167535
121.260132,0.222259
121.280166,0.217396
121.300182,0.175513
121.320168,0.168473
121.340056,0.152527
121.359966,0.085043
121.379965,0.053684
121.400120,0.050733
121.420190,0.056653
121.440202,0.069653
121.460153,0.120483
121.480081,0.147238
121.500129,0.137672
121.520132,0.081912
121.540353,0.055602
121.560289,0.045285
121.580266,0.063397
121.600477,0.088816
121.620252,0.271992
121.640154,0.134349
121.660202,0.085451
121.680219,0.062839
121.700290,0.043484
121.720336,0.038869
121.740318,0.028871
121.760301,0.019922
121.780191,0.024143
121.800281,0.030736
121.820186,0.029220
121.840190,0.028208
121.860274,0.030997
121.880179,0.034459
121.900213,0.039033
121.920155,0.044419
121.940318,0.048924
121.960183,0.052547
121.980425,0.055104
122.000454,0.062345
122.020147,0.048740
122.040297,0.040743
122.060325,0.030983
122.080293,0.031734
122.100400,0.023783
122.120269,0.023978
122.140155,0.039691
122.160309,0.063849
122.180218,0.077700
122.200289,0.081875
122.220203,0.102388
122.240333,0.103330
122.260409,0.099482
122.280641,0.079825
122.300517,0.125927
122.320287,0.098694
122.340537,0.079648
122.360351,0.070859
122.380195,0.081896
122.400200,0.222759
122.420197,0.102508
122.440149,0.155205
122.460254,0.202296
122.480175,0.162337
122.500160,0.142497
122.520257,0.117687
122.540375,0.089797
122.560370,0.067615
122.580340,0.053741
122.600486,0.055285
122.620190,0.057965
122.640329,0.078704
122.660261,0.093501
122.680323,0.210428
122.700197,0.172615
122.720310,0.090346
122.740422,0.128688
122.760367,0.141536
122.780293,0.110067
122.800436,0.066306
122.820318,0.022222
122.840370,0.043827
122.860398,0.060635
122.880326,0.066721
122.900393,0.065417
122.920520,0.057657
122.940446,0.054622
122.960471,0.057102
122.980234,0.069214
123.000228,0.095149
123.020284,0.081214
123.040222,0.162660
123.060276,0.103475
123.080245,0.133296
123.100702,0.099934
123.120700,0.116226
123.140219,0.079468
123.160145,0.052556
123.180128,0.030704
123.200156,0.039709
123.220102,0.043298
123.240110,0.045029
123.260162,0.054742
123.280248,0.062283
123.300428,0.063961
123.320372,0.091123
123.340261,0.124150
123.360300,0.134118
123.380238,0.168375
123.400361,0.125095
123.420221,0.130852
123.440560,0.118227
123.460250,0.076440
123.480341,0.030011
123.500199,0.032488
123.520311,0.051713
123.540211,0.054844
123.560397,0.052518
123.580483,0.047679
123.600319,0.054165
123.620373,0.069974
123.640477,0.124852
123.660374,0.141911
123.680354,0.179707
123.700184,0.164868
123.720309,0.098616
123.740352,0.131159
123.760256,0.111713
123.780476,0.076081
123.800364,0.048486
123.820240,0.034375
123.840374,0.035415
123.860383,0.037697
123.880386,0.048195
123.900197,0.057950
123.920175,0.059737
123.940213,0.057382
123.960215,0.140945
123.980356,0.155286
124.000245,0.197390
124.020328,0.143415
124.040199,0.142220
124.060199,0.130142
124.080357,0.059444
124.100192,0.035734
124.120181,0.026684
124.140464,0.056303
124.160314,0.055467
124.180387,0.052138
124.200236,0.044554
124.220054,0.050567
124.240221,0.065064
124.260222,0.121661
124.280321,0.141434
124.300176,0.162138
124.320170,0.105860
124.340226,0.103480
124.360370,0.148883
124.380359,0.129597
124.400143,0.088969
124.420090,0.039765
124.440279,0.023100
124.460193,0.027939
124.480195,0.036224
124.500184,0.039236
124.520161,0.053726
124.540228,0.059422
124.560565,0.064757
124.580335,0.106473
124.600228,0.153225
124.620220,0.159028
124.640180,0.168450
124.660134,0.095942
124.680223,0.140934
124.700172,0.124028
124.720175,0.052222
124.740248,0.029202
124.760290,0.031047
124.780267,0.046124
124.800104,0.049157
124.820342,0.049908
124.840321,0.050722
124.860159,0.059609
124.880231,0.062002
124.900330,0.122528
124.920349,0.151178
124.940174,0.130938
124.960192,0.105994
124.980292,0.153657
125.000217,0.152050
125.020359,0.133525
125.040256,0.097645
125.060207,0.070157
125.080226,0.049243
125.100244,0.038672
125.120193,0.043570
125.140328,0.053172
125.160207,0.067798
125.180205,0.072575
125.200610,0.064476
125.220292,0.105536
125.240219,0.142610
125.260220,0.171581
125.280262,0.184558
125.300275,0.153877
125.320339,0.153748
125.340226,0.134907
125.360245,0.092137
125.380223,0.023520
125.400291,0.023388
125.420237,0.037626
125.440243,0.044667
125.460338,0.044922
125.480329,0.053207
125.500095,0.064664
125.520242,0.061319
125.540192,0.073413
125.560172,0.158962
125.580492,0.198704
125.600177,0.220065
125.620119,0.171694
125.640221,0.160106
125.660134,0.143940
125.680265,0.104475
125.700173,0.061964
125.720254,0.039095
125.740244,0.031112
125.760293,0.034697
125.780482,0.043213
125.800310,0.053034
125.820179,0.063225
125.840135,0.065870
125.860208,0.062782
125.880440,0.114148
125.900323,0.142834
125.920406,0.175655
125.940276,0.168988
125.960171,0.152093
125.980339,0.145831
126.000138,0.118097
126.020293,0.072451
126.040261,0.037463
126.060252,0.035319
126.080317,0.049503
126.100256,0.051712
126.120307,0.050320
126.140093,0.061020
126.160278,0.069045
126.180297,0.065410
126.200255,0.128315
126.220206,0.160310
126.240207,0.182341
126.260242,0.192651
126.280300,0.158572
126.300184,0.150839
126.320178,0.136525
126.340126,0.099681
126.360192,0.063848
126.380563,0.042870
126.400191,0.034060
126.420161,0.041261
126.440109,0.051590
126.460404,0.063564
126.480287,0.067003
126.500146,0.064198
126.520279,0.057054
126.540228,0.153451
126.560294,0.192330
126.580365,0.196630
126.600185,0.161745
126.620268,0.159740
126.640207,0.134503
126.660240,0.086081
126.680225,0.039829
126.700292,0.028727
126.720346,0.043824
126.740265,0.046945
126.760252,0.049081
126.780296,0.051201
126.800225,0.063928
126.820303,0.065219
126.840254,0.082378
126.860306,0.141942
126.880288,0.179507
126.900314,0.224278
126.920237,0.159256
126.940206,0.150969
126.960445,0.101948
126.980365,0.100863
127.000362,0.064343
127.020219,0.042207
127.040172,0.033353
127.060277,0.040244
127.080221,0.047558
127.100264,0.064896
127.120196,0.066264
127.140303,0.062080
127.160221,0.121208
127.180228,0.129347
127.200211,0.188241
127.220196,0.206900
127.240214,0.181258
127.260260,0.134816
127.280215,0.150971
127.300242,0.105403
127.320503,0.059100
127.340308,0.032820
127.360278,0.042454
127.380243,0.053731
127.400221,0.046622
127.420260,0.064238
127.440214,0.067396
127.460589,0.068950
127.480286,0.127662
127.500149,0.175970
127.520271,0.231253
127.540189,0.145517
127.560318,0.100410
127.580462,0.125602
127.600212,0.096156
127.620165,0.051938
127.640166,0.024810
127.660373,0.035784
127.680164,0.044763
127.700254,0.054477
127.720119,0.061026
127.740155,0.077355
127.760165,0.067131
127.780208,0.061027
127.800212,0.162671
127.820164,0.212366
127.840376,0.212548
127.860334,0.185581
127.880220,0.177650
127.900180,0.149353
127.920302,0.064142
127.940244,0.048040
127.960334,0.045061
127.980556,0.050143
128.000331,0.050085
128.020413,0.046550
128.040400,0.051415
128.060436,0.066697
128.080474,0.071652
128.100440,0.062651
128.120486,0.145582
128.140399,0.182102
128.160303,0.212330
128.180277,0.122826
128.200198,0.112359
128.220190,0.108671
128.240149,0.078543
128.260436,0.040509
128.280295,0.024329
128.300187,0.030724
128.320191,0.044619
128.340242,0.057754
128.360260,0.072548
128.380148,0.083760
128.400347,0.090821
128.420245,0.082384
128.440106,0.200652
128.460247,0.235561
128.480316,0.224459
128.500225,0.181005
128.520251,0.192189
128.540215,0.117063
128.560244,0.077814
128.580344,0.030624
128.600250,0.025019
128.620295,0.048938
128.640272,0.050147
128.660237,0.042660
128.680318,0.039683
128.700183,0.041825
128.720345,0.051304
128.740392,0.055225
128.760302,0.090871
128.780358,0.113449
128.800213,0.166178
128.820212,0.100699
128.840494,0.109942
128.860257,0.120357
128.880326,0.108528
128.900179,0.077340
128.920385,0.032101
128.940313,0.037388
128.960233,0.047419
128.980267,0.055432
129.000487,0.066285
129.020212,0.085293
129.040186,0.090512
129.060292,0.081099
129.080288,0.110290
129.100191,0.162773
129.120275,0.228504
129.140445,0.215761
129.160323,0.205115
129.180306,0.187355
129.200170,0.105948
129.220267,0.059855
129.240353,0.022829
129.260377,0.027734
129.280315,0.042024
129.300231,0.041813
129.320342,0.039719
129.340212,0.035512
129.360286,0.050550
129.380295,0.059893
129.400363,0.077069
129.420274,0.094874
129.440281,0.148971
129.460317,0.194826
129.480528,0.105969
129.500250,0.107025
129.520293,0.111911
129.540052,0.061646
129.560075,0.032834
129.580118,0.037048
129.600220,0.038633
129.620137,0.056811
129.640034,0.075197
129.660171,0.094580
129.680219,0.087178
129.700153,0.082342
129.720268,0.109710
129.740205,0.179020
129.760404,0.204769
129.780350,0.173487
129.800204,0.175256
129.820118,0.157445
129.840259,0.121156
129.860147,0.039446
129.880388,0.043172
129.900303,0.046196
129.920414,0.055117
129.940150,0.051853
129.960187,0.051337
129.980132,0.051808
130.000205,0.050507
130.020134,0.057942
130.040097,0.077025
130.060351,0.080947
130.080241,0.165565
130.100463,0.171358
130.120235,0.173033
130.140565,0.145198
130.160141,0.140185
130.180242,0.127158
130.200144,0.065481
130.220255,0.054104
130.240132,0.025564
130.260356,0.034523
130.280288,0.047830
130.300294,0.063497
130.320141,0.073298
130.340307,0.087940
130.360251,0.090935
130.380271,0.176511
130.400254,0.174691
130.420597,0.095460
130.440202,0.141850
130.460178,0.105632
130.480057,0.086159
130.500076,0.061153
130.520225,0.049223
130.540190,0.040530
130.560222,0.041024
130.580246,0.034664
130.600285,0.038411
130.620229,0.050421
130.640283,0.070589
130.660157,0.065026
130.680177,0.091945
130.700284,0.126032
130.720312,0.139421
130.740428,0.194028
130.760401,0.159025
130.780293,0.145513
130.800362,0.131368
130.820325,0.096970
130.840227,0.061590
130.860221,0.040950
130.880252,0.027300
130.900297,0.037174
130.920438,0.061087
130.940167,0.080765
130.960296,0.086859
130.980315,0.081804
131.000281,0.136212
131.020376,0.182591
131.040376,0.214545
131.060505,0.152637
131.080431,0.150149
131.100363,0.142423
131.120191,0.112978
131.140200,0.046073
131.160191,0.032376
131.180307,0.044818
131.200317,0.039256
131.220294,0.036475
131.240353,0.043023
131.260325,0.061528
131.280270,0.068887
131.300324,0.070917
131.320280,0.114000
131.340241,0.185735
131.360252,0.250109
131.380339,0.113754
131.400371,0.159635
131.420295,0.160584
131.440338,0.133931
131.460295,0.088449
131.480318,0.039618
131.500450,0.035591
131.520371,0.036060
131.540133,0.046146
131.560185,0.058228
131.580109,0.072310
131.600587,0.074700
131.620552,0.078226
131.639841,0.145652
131.660026,0.135980
131.680500,0.100389
131.700595,0.142141
131.720549,0.138639
131.740677,0.124209
131.760702,0.090791
131.780186,0.052355
131.800281,0.046978
131.820029,0.051493
131.840602,0.053831
131.860438,0.044840
131.880708,0.046561
131.900045,0.066734
131.919857,0.079187
131.940281,0.071514
131.960636,0.163461
131.980130,0.214117
132.000528,0.142914
132.020560,0.182893
132.040688,0.183841
132.059749,0.163007
132.080276,0.095564
132.100587,0.091210
132.120677,0.057944
132.140599,0.036187
132.160067,0.034313
132.180542,0.045219
132.199916,0.059710
132.220296,0.070158
132.240284,0.070218
132.260146,0.085931
132.280231,0.127897
132.300143,0.164236
132.320182,0.102954
132.340162,0.118475
132.360229,0.123325
132.380014,0.096742
132.400001,0.043914
132.420389,0.034023
132.440636,0.036623
132.459819,0.038395
132.479759,0.036261
132.500318,0.041290
132.520639,0.063600
132.540612,0.072411
132.561694,0.069155
132.580713,0.150192
132.599856,0.193920
132.620081,0.133208
132.640064,0.201801
132.660296,0.190730
132.680590,0.170606
132.700792,0.146072
132.720551,0.111039
132.740022,0.073054
132.759888,0.041374
132.780450,0.030269
132.799847,0.036314
132.820294,0.041479
132.840694,0.058446
132.860511,0.068330
132.880658,0.071284
132.900067,0.108862
132.920457,0.140038
132.940621,0.168832
132.960502,0.164221
132.980125,0.123687
133.000583,0.124934
133.020555,0.105075
133.039901,0.072403
133.060310,0.023344
133.080624,0.029601
133.100603,0.031690
133.120585,0.032843
133.140595,0.042036
133.160071,0.057086
133.179857,0.071682
133.199917,0.082305
133.220031,0.086693
133.240609,0.127713
133.260521,0.213910
133.280537,0.241167
133.300600,0.195394
133.319926,0.183114
133.339963,0.160027
133.360299,0.124692
133.380745,0.080329
133.400593,0.044171
133.420590,0.031130
133.440544,0.032690
133.460556,0.040878
133.479836,0.052034
133.499790,0.061150
133.520422,0.066612
133.540530,0.085247
133.560446,0.174433
133.580402,0.185015
133.601635,0.192754
133.619856,0.113067
133.640319,0.089867
133.660172,0.103460
133.679972,0.077093
133.700371,0.041603
133.720604,0.034575
133.740693,0.041474
133.759762,0.039553
133.780295,0.042614
133.800592,0.057296
133.820257,0.068238
133.840445,0.074519
133.860699,0.073416
133.880829,0.183237
133.900040,0.209340
133.920326,0.233088
133.940291,0.189790
133.960455,0.185626
133.979986,0.163908
133.999998,0.130613
134.019945,0.060970
134.040054,0.026203
134.060366,0.034508
134.082051,0.027082
134.100023,0.041653
134.120371,0.050959
134.140673,0.059142
134.160208,0.068972
134.179979,0.060358
134.200289,0.132229
134.220553,0.158916
134.240545,0.199180
134.260564,0.116872
134.280735,0.111475
134.300433,0.107751
134.319995,0.047213
134.339924,0.012312
134.360368,0.031292
134.380585,0.033512
134.400512,0.044512
134.420517,0.053953
134.440391,0.062855
134.460010,0.070131
134.480058,0.084041
134.499855,0.120352
134.520294,0.154335
134.539902,0.242626
134.559927,0.161917
134.579944,0.212697
134.600077,0.199288
134.620229,0.157569
134.640072,0.109944
134.660488,0.057471
134.680574,0.048076
134.700542,0.070486
134.720117,0.089032
134.740135,0.100902
134.760483,0.102217
134.780169,0.108429
134.800621,0.121988
134.820043,0.152311
134.840599,0.087321
134.860514,0.103555
134.879895,0.170109
134.900424,0.095453
134.920576,0.083297
134.942097,0.052422
134.960542,0.018655
134.980037,0.055511
135.000516,0.078844
135.019873,0.080521
135.040166,0.076017
135.060586,0.075707
135.080569,0.082312
135.100568,0.093565
135.120475,0.092503
135.140524,0.200655
135.160497,0.154448
135.180545,0.137209
135.200538,0.103445
135.220541,0.107040
135.240565,0.082381
135.260497,0.038716
135.281745,0.009620
135.300651,0.039363
135.319986,0.058907
135.339919,0.062252
135.360131,0.083480
135.380564,0.086958
135.400622,0.093837
135.419876,0.105317
135.439804,0.115178
135.459959,0.076115
135.480425,0.043555
135.499843,0.054842
135.520315,0.044825
135.540748,0.020395
135.560693,0.020339
135.580240,0.054263
135.599699,0.067071
135.620404,0.067706
135.640537,0.076083
135.659868,0.074211
135.680580,0.072217
135.700605,0.082355
135.720140,0.125419
135.740020,0.152520
135.760373,0.104070
135.780446,0.150607
135.799953,0.120848
135.820363,0.119963
135.840023,0.099483
135.859824,0.026812
135.879932,0.031728
135.900391,0.039942
135.920437,0.062504
135.940551,0.072503
135.960500,0.092644
135.980356,0.109469
135.999941,0.087665
136.019989,0.163800
136.040139,0.082883
136.060577,0.110810
136.080727,0.047479
136.100693,0.033373
136.120368,0.013727
136.140512,0.026999
136.160046,0.063651
136.180010,0.090236
136.200351,0.088932
136.220518,0.082984
136.240117,0.079784
136.260585,0.088616
136.280399,0.106862
136.299792,0.207786
136.320213,0.168138
136.340138,0.157058
136.360516,0.072157
136.380470,0.121617
136.400632,0.109416
136.420563,0.065664
136.439782,0.026564
136.460381,0.021429
136.480459,0.059430
136.499926,0.061617
136.520324,0.077952
136.540509,0.083955
136.560681,0.092799
136.579903,0.115014
136.600292,0.134851
136.620386,0.078464
136.640640,0.096165
136.660642,0.058922
136.679804,0.021192
136.700002,0.046173
136.719827,0.061060
136.740232,0.078060
136.760564,0.079811
136.780344,0.082254
136.800464,0.076279
136.820404,0.076618
136.839977,0.077910
136.859836,0.082674
136.880020,0.081842
136.900539,0.213517
136.920686,0.171395
136.942235,0.161829
136.960694,0.129839
136.980686,0.136474
137.000030,0.111375
137.019966,0.029391
137.040133,0.012220
137.059902,0.015933
137.080509,0.045429
137.100542,0.059104
137.120504,0.078588
137.139733,0.089624
137.160284,0.101856
137.180087,0.122933
137.200474,0.133613
137.220569,0.071597
137.240494,0.099272
137.260659,0.042379
137.280459,0.020199
137.299828,0.012978
137.320109,0.052966
137.340603,0.059849
137.360128,0.076980
137.380300,0.082500
137.400696,0.078151
137.420419,0.080141
137.439827,0.085032
137.460320,0.093093
137.480581,0.183610
137.500466,0.222662
137.520011,0.158415
137.540781,0.073265
137.560501,0.135338
137.579804,0.145284
137.599781,0.062786
137.620051,0.029074
137.639874,0.014900
137.659944,0.037034
137.680185,0.055130
137.699807,0.052055
137.720015,0.077066
137.740383,0.082335
137.760564,0.101026
137.780422,0.083878
137.800363,0.141863
137.820682,0.083511
137.841638,0.114179
137.859774,0.040061
137.880050,0.033827
137.900389,0.019592
137.920501,0.036544
137.940476,0.059250
137.960581,0.070755
137.980436,0.072080
137.999804,0.068113
138.019848,0.066568
138.040208,0.074640
138.060488,0.093977
138.080544,0.128302
138.101563,0.224055
138.119769,0.169959
138.139779,0.088233
138.159993,0.155296
138.179913,0.161147
138.200344,0.116545
138.220599,0.075501
138.240672,0.045043
138.260596,0.018803
138.279770,0.040573
138.300079,0.058893
138.320408,0.080708
138.340548,0.082336
138.360022,0.093980
138.380393,0.091952
138.400709,0.140526
138.419796,0.084664
138.440057,0.068744
138.460623,0.030432
138.480471,0.037095
138.500475,0.030094
138.520466,0.024150
138.539937,0.046451
138.560398,0.061739
138.579861,0.059101
138.599778,0.057591
138.620189,0.059098
138.640558,0.066110
138.660622,0.072460
138.680633,0.073951
138.699951,0.228547
138.719792,0.183413
138.740118,0.184276
138.760541,0.121149
138.780717,0.180462
138.800367,0.175840
138.820477,0.142118
138.840578,0.109466
138.859876,0.082997
138.880014,0.058015
138.900442,0.063419
138.920695,0.049154
138.940505,0.057297
138.961690,0.066448
138.980698,0.069735
139.000001,0.141603
139.020159,0.136506
139.039830,0.134635
139.060278,0.061058
139.080499,0.079825
139.100571,0.102869
139.120519,0.094262
139.140006,0.082861
139.159988,0.056427
139.180400,0.059482
139.200504,0.109855
139.220033,0.144562
139.240510,0.144348
139.260499,0.132441
139.280539,0.130039
139.299807,0.084488
139.320072,0.192765
139.340490,0.080352
139.360627,0.154523
139.380503,0.175232
139.400019,0.156779
139.420413,0.090164
139.439811,0.089150
139.460271,0.041337
139.480704,0.038967
139.501875,0.035581
139.520064,0.042520
139.540647,0.050288
139.560273,0.060521
139.579912,0.080228
139.600134,0.086295
139.620501,0.082702
139.640472,0.082758
139.660450,0.189767
139.680514,0.276200
139.700691,0.219325
139.719814,0.164316
139.739820,0.158826
139.760213,0.086875
139.780602,0.087145
139.800517,0.048332
139.820576,0.035825
139.840521,0.044410
139.859739,0.049242
139.880057,0.047890
139.899948,0.044470
139.920402,0.045901
139.940665,0.045948
139.960487,0.068742
139.980193,0.074282
140.000778,0.084709
140.019962,0.190180
140.040355,0.238208
140.060453,0.239182
140.080313,0.188602
140.100548,0.193696
140.120489,0.183839
140.140599,0.157719
140.159790,0.119927
140.180272,0.060191
140.200490,0.057232
140.220678,0.055347
140.240023,0.061023
140.260382,0.067637
140.281608,0.078871
140.299888,0.091326
140.320207,0.103052
140.340503,0.075910
140.360476,0.172305
140.380494,0.204233
140.400517,0.212039
140.419921,0.122678
140.439811,0.092823
140.460081,0.071870
140.480425,0.047259
140.501819,0.035414
140.520428,0.038921
140.540443,0.036113
140.560628,0.032939
140.580393,0.037272
140.599755,0.044749
140.620112,0.061929
140.640400,0.067295
140.660585,0.076493
140.680375,0.163051
140.700548,0.300337
140.720551,0.296560
140.739828,0.222701
140.760128,0.228153
140.780055,0.151614
140.800555,0.165445
140.820641,0.116680
140.840441,0.069772
140.860580,0.044319
140.879807,0.044136
140.900083,0.040306
140.920578,0.055443
140.939956,0.070047
140.960446,0.080527
140.980527,0.091525
141.000494,0.073297
141.019828,0.113286
141.039979,0.204858
141.060373,0.129507
141.080731,0.117482
141.100700,0.115943
141.120291,0.095538
141.140758,0.070502
141.160517,0.050879
141.179890,0.045574
141.200329,0.048157
141.220596,0.053065
141.240453,0.067301
141.260770,0.079507
141.280021,0.085283
141.300435,0.062075
141.319826,0.092635
141.340292,0.203282
141.360565,0.281440
141.380747,0.281001
141.400517,0.239013
141.420593,0.230802
141.440503,0.200255
141.459893,0.157916
141.480039,0.081478
141.500393,0.062274
141.520647,0.054290
141.540482,0.055047
141.560584,0.059081
141.580619,0.065489
141.599806,0.074270
141.619760,0.077918
141.640147,0.077063
141.660405,0.072823
141.680506,0.192424
141.700265,0.243074
141.720554,0.152601
141.739798,0.109586
141.760113,0.110867
141.780521,0.070946
141.799903,0.055474
141.820311,0.044916
141.840522,0.049828
141.860544,0.056608
141.880587,0.068176
141.899971,0.081904
141.920602,0.093878
141.939895,0.092567
141.960006,0.080389
141.980384,0.090821
142.000540,0.276987
142.019951,0.290230
142.040106,0.270397
142.060467,0.184845
142.080523,0.223835
142.100448,0.194433
142.120748,0.144894
142.140276,0.091625
142.160484,0.047271
142.179845,0.047780
142.200107,0.053561
142.220173,0.055101
142.241119,0.058333
142.260567,0.064697
142.280710,0.069494
142.300059,0.075593
142.319937,0.060545
142.340355,0.173542
142.360500,0.219674
142.379902,0.163525
142.400426,0.078011
142.420644,0.104911
142.440468,0.091591
142.460113,0.061217
142.480092,0.029991
142.500665,0.037721
142.520758,0.052337
142.540529,0.071097
142.560546,0.086613
142.580605,0.098342
142.599740,0.098899
142.620197,0.085890
142.639972,0.102005
142.660553,0.266782
142.680652,0.244940
142.700619,0.223359
142.720389,0.215307
142.739789,0.202432
142.760056,0.167074
142.780647,0.124007
142.800661,0.081176
142.820306,0.054068
142.840181,0.041514
142.860462,0.032566
142.879906,0.039997
142.900209,0.042987
142.920585,0.053197
142.940550,0.071111
142.960580,0.086535
142.979987,0.073821
143.000430,0.141668
143.020064,0.230158
143.039904,0.193975
143.060328,0.122736
143.080564,0.126456
143.100658,0.109102
143.120640,0.079174
143.140419,0.048246
143.159767,0.037634
143.179812,0.042585
143.200101,0.055316
143.220697,0.070588
143.239932,0.087261
143.260444,0.106898
143.280702,0.081228
143.300448,0.103942
143.319866,0.232610
143.340139,0.270858
143.360408,0.149521
143.380674,0.202714
143.400468,0.179412
143.420707,0.129570
143.440629,0.078847
143.459895,0.044534
143.480380,0.035125
143.499920,0.024441
143.520465,0.031467
143.540490,0.026988
143.560593,0.032656
143.580612,0.043551
143.599963,0.061721
143.619896,0.077828
143.640240,0.074863
143.659953,0.124395
143.680584,0.175798
143.699916,0.234257
143.720662,0.176949
143.739834,0.168057
143.760204,0.121185
143.780653,0.142435
143.801849,0.102356
143.819794,0.046606
143.840345,0.016146
143.860503,0.022611
143.879839,0.033142
143.900018,0.038662
143.920386,0.045139
143.940520,0.054017
143.960510,0.069119
143.980605,0.130909
144.000124,0.213097
144.019898,0.208252
144.039927,0.138774
144.060470,0.178815
144.080571,0.163923
144.100466,0.130817
144.120468,0.075653
144.140508,0.028018
144.159921,0.008779
144.180453,0.032262
144.200625,0.042801
144.220483,0.049501
144.240654,0.054271
144.260632,0.061394
144.280557,0.073180
144.300512,0.111764
144.319842,0.180297
144.340155,0.175151
144.360404,0.199602
144.380546,0.140756
144.400592,0.139865
144.420601,0.126216
144.440584,0.085992
144.459828,0.095598
144.479958,0.108270
144.500435,0.103237
144.520010,0.092257
144.540573,0.066765
