real_set,distribution,method,bank,final_width,mean_width,final_coverage,anytime_coverage,width_10,width_20,width_50,width_100,width_200,n_runs
Real_100,Beta_tight_0_080,e_value_constant_0.25,none,0.14000000000000007,0.33019999999999994,1.0,1.0,0.96,0.88,0.37,0.22,0.14000000000000007,100
Real_100,Beta_tight_0_080,e_value_constant_0.5,none,0.08499999999999998,0.22687500000000005,1.0,1.0,0.9549999999999998,0.475,0.22,0.14000000000000007,0.08499999999999998,100
Real_100,Beta_tight_0_080,e_value_wsr,none,0.040000000000000015,0.11385000000000005,1.0,1.0,0.3400000000000001,0.18999999999999997,0.08500000000000002,0.06,0.040000000000000015,100
Real_100,Beta_tight_0_080,empirical_bernstein,none,0.09835100924771374,0.2583761016730588,1.0,1.0,1.0,0.5504393773137767,0.26703149314077435,0.17472165100270826,0.09835100924771374,100
Real_100,Beta_tight_0_080,hoeffding,none,0.17593968258722406,0.26008856696434557,1.0,1.0,0.5085241409731895,0.38187384330022334,0.2719151254477886,0.21624342378980269,0.17593968258722406,100
Real_100,Beta_tight_0_080,sequential_t_test,none,0.02246600303563091,0.04924335880294094,1.0,1.0,0.09762342389275162,0.0662357591013202,0.04044532003252376,0.029969891832614098,0.02246600303563091,100
Real_100,Beta_tight_0_080,sim2real,Sim_252,0.02171874999999999,0.08917382812499997,1.0,1.0,0.40953125,0.21437500000000004,0.07328125,0.0384375,0.02171874999999999,100
Real_100,Beta_tight_0_080,sim2real,Sim_35,0.06,0.11062500000000001,1.0,1.0,0.35,0.18999999999999997,0.095,0.06,0.06,100
Real_100,Beta_tight_0_080,sim2real,Sim_504,0.02171874999999999,0.08865898437499999,1.0,1.0,0.4092187500000001,0.20796875,0.07265624999999999,0.038437499999999986,0.02171874999999999,100
Real_100,Beta_tight_0_080,sim2real,Sim_756,0.0228125,0.08881601562500001,1.0,1.0,0.40375000000000005,0.2009375,0.07312500000000002,0.03937499999999998,0.0228125,100
Real_100,Beta_tight_0_080,sim2real,Sim_7_biased,0.09999999999999998,0.13817500000000005,1.0,1.0,0.31499999999999995,0.18499999999999997,0.11,0.09999999999999998,0.09999999999999998,100
Real_100,Beta_tight_0_080,t_test,none,0.008564504344725873,0.02235183042666837,1.0,0.5,0.04203067703807331,0.028315554189439984,0.016353654107409042,0.011810792170622857,0.008564504344725873,100
Real_100,Beta_tight_0_080,vincent,gap_0.05,0.1661711425466531,0.25421159330591864,0.0,0.0,0.5117668614911517,0.3849511627662156,0.268969423914871,0.209011926918067,0.1661711425466531,100
Real_100,Beta_tight_0_080,vincent,gap_0.1,0.22038607429861995,0.3067956854136412,0.0,0.0,0.5616723537369205,0.43629001878494067,0.321694431733116,0.26254848169119827,0.22038607429861995,100
Real_100,Beta_tight_0_080,vincent,gap_0.2,0.32653789560855956,0.4099935515672204,0.0,0.0,0.6599607720793955,0.537304689111087,0.4253352476328845,0.3676115178009816,0.32653789560855956,100
Real_100,Beta_tight_0_080,vincent,gap_0.3,0.43011377102173676,0.5104008373125793,0.0,0.0,0.7559312585557467,0.6361272164797079,0.5266492963664472,0.4702305218714818,0.43011377102173676,100
Real_100,Beta_tight_0_080,z_test,none,0.008429543358973349,0.021054778261209182,1.0,0.5,0.0439839049973425,0.0280045234704536,0.01676322725388186,0.012030593255377822,0.008429543358973349,100
Real_100,Beta_tight_0_102,e_value_constant_0.25,none,0.15999999999999998,0.34895,1.0,1.0,0.96,0.9050000000000005,0.39,0.24,0.15999999999999998,100
Real_100,Beta_tight_0_102,e_value_constant_0.5,none,0.08000000000000003,0.2405750000000001,1.0,1.0,0.96,0.5,0.245,0.15999999999999998,0.08000000000000003,100
Real_100,Beta_tight_0_102,e_value_wsr,none,0.04499999999999999,0.11532500000000001,1.0,1.0,0.34,0.18999999999999997,0.08999999999999998,0.06,0.04499999999999999,100
Real_100,Beta_tight_0_102,empirical_bernstein,none,0.09956432442690677,0.2708480175195791,1.0,1.0,1.0,0.574896764422034,0.2910216645586418,0.19224529658173561,0.09956432442690677,100
Real_100,Beta_tight_0_102,hoeffding,none,0.19206455826398408,0.2820674999748197,1.0,1.0,0.5356176100129195,0.40657434146568056,0.29322272512494996,0.23880718166111214,0.19206455826398408,100
Real_100,Beta_tight_0_102,sequential_t_test,none,0.024248382610663876,0.05268354747492452,1.0,1.0,0.10309657486753196,0.07873292807049888,0.04496638238560527,0.033120353713678524,0.024248382610663876,100
Real_100,Beta_tight_0_102,sim2real,Sim_252,0.022499999999999992,0.0884171875,1.0,1.0,0.39578124999999986,0.20421874999999998,0.0734375,0.03875000000000002,0.022499999999999992,100
Real_100,Beta_tight_0_102,sim2real,Sim_35,0.03999999999999999,0.10725000000000001,1.0,1.0,0.345,0.19999999999999996,0.09999999999999998,0.06,0.03999999999999999,100
Real_100,Beta_tight_0_102,sim2real,Sim_504,0.0228125,0.09023710937499999,1.0,1.0,0.4015625,0.2121875,0.07515624999999998,0.03984375000000001,0.0228125,100
Real_100,Beta_tight_0_102,sim2real,Sim_756,0.02421874999999999,0.08904843750000001,1.0,1.0,0.37859375,0.18765625,0.0740625,0.04281250000000002,0.02421874999999999,100
Real_100,Beta_tight_0_102,sim2real,Sim_7_biased,0.07999999999999999,0.12295,1.0,1.0,0.33,0.17999999999999997,0.09999999999999998,0.07999999999999999,0.07999999999999999,100
Real_100,Beta_tight_0_102,t_test,none,0.009747505653212182,0.026770864516471163,1.0,0.25,0.05705084447543619,0.03494336248386589,0.018941506171551867,0.013467977918907338,0.009747505653212182,100
Real_100,Beta_tight_0_102,vincent,gap_0.05,0.16693423240279037,0.25513500081305646,0.0,0.0,0.5129773131220927,0.3861804885261324,0.27000025912877407,0.2099195400417681,0.16693423240279037,100
Real_100,Beta_tight_0_102,vincent,gap_0.1,0.2213095676169613,0.3078377494494388,0.0,0.0,0.5628811900796865,0.43756296578016746,0.32282979959860614,0.26359412544036204,0.2213095676169613,100
Real_100,Beta_tight_0_102,vincent,gap_0.2,0.3276984340802525,0.4111949481255055,0.0,0.0,0.6611232693888475,0.5386021262960792,0.4266031046876054,0.368845647085909,0.3276984340802525,100
Real_100,Beta_tight_0_102,vincent,gap_0.3,0.4314175864770361,0.5116760825975739,0.0,0.0,0.7569498976158777,0.6373955165751247,0.527966526732295,0.4715687092628385,0.4314175864770361,100
Real_100,Beta_tight_0_102,z_test,none,0.009443542497870952,0.022370671910637335,1.0,0.25,0.04910504797274462,0.03124225740988624,0.018408754660733766,0.012971577433565862,0.009443542497870952,100
Real_100,Beta_tight_0_123,e_value_constant_0.25,none,0.15999999999999998,0.36657500000000004,1.0,1.0,0.96,0.9249999999999998,0.41,0.26,0.15999999999999998,100
Real_100,Beta_tight_0_123,e_value_constant_0.5,none,0.08999999999999998,0.24995,1.0,1.0,0.96,0.525,0.265,0.17499999999999996,0.08999999999999998,100
Real_100,Beta_tight_0_123,e_value_wsr,none,0.04500000000000002,0.11592500000000001,1.0,1.0,0.3350000000000001,0.18999999999999997,0.08499999999999998,0.06,0.04500000000000002,100
Real_100,Beta_tight_0_123,empirical_bernstein,none,0.10074209749155083,0.2798307497865087,1.0,1.0,1.0,0.5983329263892619,0.3133481088618881,0.1937686712561189,0.10074209749155083,100
Real_100,Beta_tight_0_123,hoeffding,none,0.19206455826398408,0.2975239498895441,1.0,1.0,0.557119710547134,0.4288783729335502,0.3149452326356457,0.2608879244657098,0.19206455826398408,100
Real_100,Beta_tight_0_123,sequential_t_test,none,0.026320295926663625,0.057067183848490945,1.0,1.0,0.12572433543979872,0.0833210341889446,0.04844972274390741,0.03582063900896848,0.026320295926663625,100
Real_100,Beta_tight_0_123,sim2real,Sim_252,0.02390625000000003,0.08693085937500002,1.0,1.0,0.3726562499999999,0.18875000000000003,0.07140625,0.03890625000000003,0.02390625000000003,100
Real_100,Beta_tight_0_123,sim2real,Sim_35,0.06,0.12700000000000003,1.0,1.0,0.345,0.20999999999999994,0.12,0.07999999999999999,0.06,100
Real_100,Beta_tight_0_123,sim2real,Sim_504,0.024218750000000008,0.08961875,1.0,1.0,0.3796875,0.19921874999999997,0.07453124999999997,0.04062500000000003,0.024218750000000008,100
Real_100,Beta_tight_0_123,sim2real,Sim_756,0.02468750000000002,0.08830078125,1.0,1.0,0.36687499999999995,0.18546875,0.07328124999999999,0.04265625000000004,0.02468750000000002,100
Real_100,Beta_tight_0_123,sim2real,Sim_7_biased,0.055,0.11067500000000002,1.0,1.0,0.31999999999999995,0.17999999999999997,0.07999999999999997,0.07999999999999997,0.055,100
Real_100,Beta_tight_0_123,t_test,none,0.010600986469922712,0.029004673019770135,1.0,0.75,0.06203739585117087,0.03695924937922783,0.021591189850860937,0.015200594103926365,0.010600986469922712,100
Real_100,Beta_tight_0_123,vincent,gap_0.05,0.16760126664438668,0.2559615901245551,0.0,0.0,0.5140466681861842,0.3872428971455666,0.27092843206750783,0.21074006148775642,0.16760126664438668,100
Real_100,Beta_tight_0_123,vincent,gap_0.1,0.222112629412944,0.30876668680819835,0.0,0.0,0.5639501234815519,0.4386657633432614,0.3238424099363836,0.26453470427912235,0.222112629412944,100
Real_100,Beta_tight_0_123,vincent,gap_0.2,0.3286883130181457,0.4122600016621143,0.0,0.0,0.6621592862544365,0.5397252340392699,0.4277299402672247,0.36995277212823835,0.3286883130181457,100
Real_100,Beta_tight_0_123,vincent,gap_0.3,0.4325235734740172,0.5128020646853299,0.0,0.0,0.7578587926774061,0.6384932050430785,0.5291337930209188,0.4727657065982859,0.4325235734740172,100
Real_100,Beta_tight_0_123,z_test,none,0.010424921233726119,0.026067287195208746,1.0,0.5,0.05740479740856173,0.04017588321735591,0.021586479742195262,0.014585635745678917,0.010424921233726119,100
Real_100,Beta_tight_0_145,e_value_constant_0.25,none,0.16499999999999995,0.38077500000000003,1.0,1.0,0.96,0.9449999999999996,0.435,0.27999999999999997,0.16499999999999995,100
Real_100,Beta_tight_0_145,e_value_constant_0.5,none,0.08999999999999998,0.256675,1.0,1.0,0.96,0.545,0.285,0.16999999999999996,0.08999999999999998,100
Real_100,Beta_tight_0_145,e_value_wsr,none,0.055,0.12035000000000005,1.0,1.0,0.3550000000000001,0.18499999999999997,0.09999999999999998,0.06,0.055,100
Real_100,Beta_tight_0_145,empirical_bernstein,none,0.10164118991669557,0.287026724216804,1.0,1.0,1.0,0.6213969258969464,0.33502409943775546,0.19522036055133732,0.10164118991669557,100
Real_100,Beta_tight_0_145,hoeffding,none,0.19206455826398408,0.30630918646180355,1.0,1.0,0.5701059432700499,0.4467792406061045,0.33350930357080566,0.27162030314812385,0.19206455826398408,100
Real_100,Beta_tight_0_145,sequential_t_test,none,0.028883381271002713,0.06452238566172652,1.0,1.0,0.14645971437805455,0.09700312070252388,0.056100697539652626,0.04010492775908234,0.028883381271002713,100
Real_100,Beta_tight_0_145,sim2real,Sim_252,0.02328124999999999,0.08864335937499998,1.0,1.0,0.37031249999999993,0.19562500000000005,0.0740625,0.03984374999999998,0.02328124999999999,100
Real_100,Beta_tight_0_145,sim2real,Sim_35,0.08499999999999998,0.14090000000000005,1.0,1.0,0.345,0.21499999999999997,0.12000000000000002,0.095,0.08499999999999998,100
Real_100,Beta_tight_0_145,sim2real,Sim_504,0.024062499999999987,0.088583984375,1.0,1.0,0.36625,0.19359375000000004,0.07453125,0.04031249999999997,0.024062499999999987,100
Real_100,Beta_tight_0_145,sim2real,Sim_756,0.02515624999999996,0.09015195312499998,1.0,1.0,0.3681249999999999,0.19703125,0.07578124999999998,0.041562499999999974,0.02515624999999996,100
Real_100,Beta_tight_0_145,sim2real,Sim_7_biased,0.055,0.10635,1.0,1.0,0.31999999999999995,0.17999999999999997,0.08000000000000003,0.06,0.055,100
Real_100,Beta_tight_0_145,t_test,none,0.011332326951827842,0.030202834230491495,1.0,0.5,0.06613988635984795,0.04119838686336299,0.02340185800367231,0.015809956789450158,0.011332326951827842,100
Real_100,Beta_tight_0_145,vincent,gap_0.05,0.1682161462329365,0.2566970189053656,0.0,0.0,0.5149984940652297,0.3881881828795588,0.27176240071997204,0.2114530421852339,0.1682161462329365,100
Real_100,Beta_tight_0_145,vincent,gap_0.1,0.22285260073522578,0.30959651737010274,0.0,0.0,0.5649010555613573,0.43965056069691544,0.324764519601271,0.2653554419890889,0.22285260073522578,100
Real_100,Beta_tight_0_145,vincent,gap_0.2,0.32960376738289454,0.41321385765726537,0.0,0.0,0.6630769559522699,0.5407332711765757,0.42875261005151716,0.370925401679534,0.32960376738289454,100
Real_100,Beta_tight_0_145,vincent,gap_0.3,0.43354294507221786,0.5138093637603864,0.98,0.95,0.7586643630792347,0.639473486289137,0.5301939082174271,0.47381609712694284,0.43354294507221786,100
Real_100,Beta_tight_0_145,z_test,none,0.011165622924511035,0.02794750002492847,1.0,0.75,0.06354467595137579,0.04539538525886335,0.02386839299970883,0.015857401434597046,0.011165622924511035,100
Real_100,Beta_tight_0_166,e_value_constant_0.25,none,0.16499999999999995,0.39190000000000014,1.0,1.0,0.96,0.96,0.455,0.3,0.16499999999999995,100
Real_100,Beta_tight_0_166,e_value_constant_0.5,none,0.09,0.262425,1.0,1.0,0.96,0.565,0.30499999999999994,0.16999999999999996,0.09,100
Real_100,Beta_tight_0_166,e_value_wsr,none,0.06,0.12057500000000003,1.0,1.0,0.36,0.18499999999999997,0.09999999999999996,0.06,0.06,100
Real_100,Beta_tight_0_166,empirical_bernstein,none,0.1024925486607098,0.2933666132521035,1.0,1.0,1.0,0.644292834383062,0.3573373511736842,0.19643926909729978,0.1024925486607098,100
Real_100,Beta_tight_0_166,hoeffding,none,0.19206455826398408,0.31432709759699917,1.0,1.0,0.591242114406173,0.468197464750755,0.3548965794104484,0.27162030314812385,0.19206455826398408,100
Real_100,Beta_tight_0_166,sequential_t_test,none,0.030688178254374296,0.0676341040569283,1.0,1.0,0.1546721931835001,0.10204704865878059,0.059175136790819295,0.04231832083302169,0.030688178254374296,100
Real_100,Beta_tight_0_166,sim2real,Sim_252,0.023281249999999972,0.08817812499999998,1.0,1.0,0.3564062499999999,0.19,0.07499999999999994,0.03999999999999998,0.023281249999999972,100
Real_100,Beta_tight_0_166,sim2real,Sim_35,0.07499999999999997,0.12337499999999998,1.0,1.0,0.35,0.20499999999999996,0.09999999999999996,0.07499999999999997,0.07499999999999997,100
Real_100,Beta_tight_0_166,sim2real,Sim_504,0.024531249999999973,0.08772187499999999,1.0,1.0,0.353125,0.1875,0.07359374999999999,0.04015624999999995,0.024531249999999973,100
Real_100,Beta_tight_0_166,sim2real,Sim_756,0.025781249999999995,0.090128125,1.0,1.0,0.35765625,0.1925,0.07578124999999997,0.04171875,0.025781249999999995,100
Real_100,Beta_tight_0_166,sim2real,Sim_7_biased,0.04999999999999999,0.10897500000000003,1.0,1.0,0.31499999999999995,0.17999999999999997,0.08999999999999998,0.06,0.04999999999999999,100
Real_100,Beta_tight_0_166,t_test,none,0.012005337309754106,0.03169271315304197,1.0,0.5,0.06976622191152265,0.04351718350611427,0.024788739972947983,0.016770474128709828,0.012005337309754106,100
Real_100,Beta_tight_0_166,vincent,gap_0.05,0.16875594054639614,0.25736190421956406,0.0,0.0,0.515841564313694,0.38902463043560226,0.27255451773632794,0.21210485715842306,0.16875594054639614,100
Real_100,Beta_tight_0_166,vincent,gap_0.1,0.22350013196736054,0.3103407566164868,0.0,0.0,0.5657429694109577,0.4405225820548099,0.3256324838543459,0.266097768816331,0.22350013196736054,100
Real_100,Beta_tight_0_166,vincent,gap_0.2,0.3304080155683517,0.41405677365358146,0.0,0.0,0.6638851181050204,0.5416240866907045,0.4296997268605795,0.37178850680171566,0.3304080155683517,100
Real_100,Beta_tight_0_166,vincent,gap_0.3,0.43443311277035707,0.5146949765724096,1.0,1.0,0.7593698840422117,0.6403419852020776,0.531183853079608,0.47474304903140185,0.43443311277035707,100
Real_100,Beta_tight_0_166,z_test,none,0.011834956467247415,0.029268030031180427,1.0,0.75,0.06706457392270398,0.04787433431529528,0.025243093587006576,0.016795900385348842,0.011834956467247415,100
Real_100,Beta_tight_0_188,e_value_constant_0.25,none,0.16499999999999995,0.40130000000000016,1.0,1.0,0.96,0.96,0.48,0.31999999999999995,0.16499999999999995,100
Real_100,Beta_tight_0_188,e_value_constant_0.5,none,0.09999999999999996,0.26699999999999996,1.0,1.0,0.96,0.585,0.31999999999999995,0.16999999999999996,0.09999999999999996,100
Real_100,Beta_tight_0_188,e_value_wsr,none,0.055,0.12017500000000002,1.0,1.0,0.3550000000000001,0.18499999999999997,0.09999999999999998,0.06499999999999999,0.055,100
Real_100,Beta_tight_0_188,empirical_bernstein,none,0.10324828746594543,0.2988373238782898,1.0,1.0,1.0,0.6670248057081607,0.3795448151531502,0.19752170427577195,0.10324828746594543,100
Real_100,Beta_tight_0_188,hoeffding,none,0.19206455826398408,0.32057630600876713,1.0,1.0,0.6124073903016222,0.4896248205313317,0.37630980869822495,0.27162030314812385,0.19206455826398408,100
Real_100,Beta_tight_0_188,sequential_t_test,none,0.03214671279760929,0.07034930492822972,1.0,1.0,0.1619270457070875,0.10646451885669218,0.061882890659180824,0.04427136397275768,0.03214671279760929,100
Real_100,Beta_tight_0_188,sim2real,Sim_252,0.024218750000000025,0.08831640625000002,1.0,1.0,0.3410937500000001,0.1875,0.07578125,0.040468750000000046,0.024218750000000025,100
Real_100,Beta_tight_0_188,sim2real,Sim_35,0.05000000000000001,0.11205000000000007,1.0,1.0,0.3400000000000001,0.19499999999999995,0.09999999999999998,0.06,0.05000000000000001,100
Real_100,Beta_tight_0_188,sim2real,Sim_504,0.024062500000000014,0.08722890625000002,1.0,1.0,0.3410937499999999,0.18453125000000004,0.07406250000000003,0.04031250000000006,0.024062500000000014,100
Real_100,Beta_tight_0_188,sim2real,Sim_756,0.025781250000000023,0.08995000000000002,1.0,1.0,0.3446874999999999,0.18890625,0.07640625000000001,0.04265625,0.025781250000000023,100
Real_100,Beta_tight_0_188,sim2real,Sim_7_biased,0.07499999999999997,0.125075,1.0,1.0,0.30499999999999994,0.18999999999999997,0.10499999999999997,0.07999999999999997,0.07499999999999997,100
Real_100,Beta_tight_0_188,t_test,none,0.012522857876365881,0.03298272853797561,1.0,0.5,0.07298467122724843,0.04558580871804677,0.02602506384397107,0.017560139000703606,0.012522857876365881,100
Real_100,Beta_tight_0_188,vincent,gap_0.05,0.16923933598503849,0.2579360520539502,0.0,0.0,0.516589625462147,0.3897944272140599,0.2732092733267826,0.21266072249837922,0.16923933598503849,100
Real_100,Beta_tight_0_188,vincent,gap_0.1,0.22408940241226588,0.31099294950663814,0.0,0.0,0.566489956442898,0.44132091726741535,0.32635131194499273,0.2667450789339684,0.22408940241226588,100
Real_100,Beta_tight_0_188,vincent,gap_0.2,0.3311426870165595,0.4148040341117673,0.0,0.0,0.6646028670062786,0.5424336195355969,0.4304899497776555,0.37255595849717804,0.3311426870165595,100
Real_100,Beta_tight_0_188,vincent,gap_0.3,0.4352522211517993,0.5154868540258464,1.0,1.0,0.7600022839978646,0.6411371807136359,0.5319995245923225,0.4755746117199642,0.4352522211517993,100
Real_100,Beta_tight_0_188,z_test,none,0.0121411224100246,0.02893948428124674,0.75,0.5,0.06689077157425456,0.04501925376150472,0.024927418739110693,0.016718705283454594,0.0121411224100246,100
Real_100,Beta_tight_0_209,e_value_constant_0.25,none,0.17,0.40885,1.0,1.0,0.96,0.96,0.505,0.31999999999999995,0.17,100
Real_100,Beta_tight_0_209,e_value_constant_0.5,none,0.09999999999999998,0.270425,1.0,1.0,0.96,0.605,0.325,0.17499999999999996,0.09999999999999998,100
Real_100,Beta_tight_0_209,e_value_wsr,none,0.044999999999999984,0.11947500000000004,1.0,1.0,0.355,0.17999999999999997,0.09500000000000003,0.06,0.044999999999999984,100
Real_100,Beta_tight_0_209,empirical_bernstein,none,0.1039143652164926,0.30361013881138266,1.0,1.0,1.0,0.6909681102665819,0.3850797403678937,0.19850388206009983,0.1039143652164926,100
Real_100,Beta_tight_0_209,hoeffding,none,0.19206455826398408,0.325349983156447,1.0,1.0,0.6333648516364496,0.5115465595787534,0.38412911652796816,0.2716203031481238,0.19206455826398408,100
Real_100,Beta_tight_0_209,sequential_t_test,none,0.03340589660594827,0.07180969346013355,1.0,1.0,0.1694025611045295,0.11008153816340364,0.06448498675689679,0.04592941758876107,0.03340589660594827,100
Real_100,Beta_tight_0_209,sim2real,Sim_252,0.024062500000000004,0.08612539062499998,1.0,1.0,0.32531249999999995,0.1746875,0.07203125000000003,0.039999999999999994,0.024062500000000004,100
Real_100,Beta_tight_0_209,sim2real,Sim_35,0.06,0.11442500000000001,1.0,1.0,0.33,0.19999999999999996,0.10000000000000005,0.06,0.06,100
Real_100,Beta_tight_0_209,sim2real,Sim_504,0.024531249999999963,0.08611171874999998,1.0,1.0,0.32921874999999995,0.17765625,0.07421875000000001,0.04046874999999997,0.024531249999999963,100
Real_100,Beta_tight_0_209,sim2real,Sim_756,0.024843749999999987,0.08706132812499998,1.0,1.0,0.32546875,0.17921875,0.0728125,0.03999999999999998,0.024843749999999987,100
Real_100,Beta_tight_0_209,sim2real,Sim_7_biased,0.08499999999999998,0.13967500000000002,1.0,1.0,0.31499999999999995,0.19499999999999995,0.12000000000000002,0.10499999999999998,0.08499999999999998,100
Real_100,Beta_tight_0_209,t_test,none,0.013054673168964234,0.035121050557221964,1.0,1.0,0.07756304463258283,0.04724934182224269,0.02695730288798499,0.018212615555581887,0.013054673168964234,100
Real_100,Beta_tight_0_209,vincent,gap_0.05,0.16967152694929,0.2584535586982325,0.0,0.0,0.5174500090452758,0.39050507698847603,0.27378243988993844,0.21316295522613568,0.16967152694929,100
Real_100,Beta_tight_0_209,vincent,gap_0.1,0.22460801071589806,0.311578251216154,0.0,0.0,0.5673440220540342,0.4420685727059378,0.3269904869389711,0.2673274476236176,0.22460801071589806,100
Real_100,Beta_tight_0_209,vincent,gap_0.2,0.33178336951343357,0.4154713420888644,0.09,0.08,0.6653663739446333,0.5432068762184876,0.4311885870010934,0.37324576449912406,0.33178336951343357,100
Real_100,Beta_tight_0_209,vincent,gap_0.3,0.4359551995646975,0.5161859224940698,1.0,1.0,0.7606073738576612,0.6418804265517492,0.532720924604241,0.4763177731162157,0.4359551995646975,100
Real_100,Beta_tight_0_209,z_test,none,0.012672852227768523,0.029903032351074433,1.0,0.5,0.06934337220545983,0.0470588080619975,0.025867288479348428,0.017447510048599,0.012672852227768523,100
Real_100,Beta_tight_0_231,e_value_constant_0.25,none,0.16999999999999996,0.4155250000000001,1.0,1.0,0.96,0.96,0.525,0.31999999999999995,0.16999999999999996,100
Real_100,Beta_tight_0_231,e_value_constant_0.5,none,0.10000000000000005,0.2738,1.0,1.0,0.96,0.6249999999999999,0.33,0.16999999999999996,0.10000000000000005,100
Real_100,Beta_tight_0_231,e_value_wsr,none,0.04500000000000002,0.11670000000000005,1.0,1.0,0.35,0.17999999999999997,0.09499999999999999,0.06,0.04500000000000002,100
Real_100,Beta_tight_0_231,empirical_bernstein,none,0.1045138428669354,0.3077692483485087,1.0,1.0,1.0,0.7135100338589474,0.386381978021332,0.19936720919799147,0.1045138428669354,100
Real_100,Beta_tight_0_231,hoeffding,none,0.19206455826398408,0.32927065186905113,1.0,1.0,0.6546805476106202,0.5330589722275869,0.38412911652796816,0.27162030314812385,0.19206455826398408,100
Real_100,Beta_tight_0_231,sequential_t_test,none,0.03415343800542394,0.07254997032447479,1.0,1.0,0.17137406744190756,0.1084034170282727,0.06447790411628389,0.04641868442777744,0.03415343800542394,100
Real_100,Beta_tight_0_231,sim2real,Sim_252,0.024375000000000008,0.08561367187499998,1.0,1.0,0.3140625,0.17171875,0.07171875,0.03921874999999999,0.024375000000000008,100
Real_100,Beta_tight_0_231,sim2real,Sim_35,0.07500000000000002,0.13082500000000008,1.0,1.0,0.3400000000000001,0.21,0.12,0.08500000000000003,0.07500000000000002,100
Real_100,Beta_tight_0_231,sim2real,Sim_504,0.024218750000000015,0.08630351562499998,1.0,1.0,0.3209375,0.1728125,0.07296875000000001,0.039999999999999994,0.024218750000000015,100
Real_100,Beta_tight_0_231,sim2real,Sim_756,0.02531250000000003,0.08711210937500001,1.0,1.0,0.3140625,0.17703124999999992,0.07312500000000004,0.04046875000000002,0.02531250000000003,100
Real_100,Beta_tight_0_231,sim2real,Sim_7_biased,0.04500000000000002,0.11000000000000004,1.0,1.0,0.30999999999999994,0.17499999999999996,0.09000000000000002,0.07500000000000004,0.04500000000000002,100
Real_100,Beta_tight_0_231,t_test,none,0.013524879762805047,0.03606755247587826,1.0,1.0,0.08015847748434207,0.048903262264914725,0.027949336952345548,0.01890408326083942,0.013524879762805047,100
Real_100,Beta_tight_0_231,vincent,gap_0.05,0.17007712370510528,0.25890327589649276,0.0,0.0,0.5180290741771769,0.3910720407556679,0.2742772429890362,0.21357562775659317,0.17007712370510528,100
Real_100,Beta_tight_0_231,vincent,gap_0.1,0.2251016963723696,0.312090561955331,0.0,0.0,0.5679219198654555,0.44266036795351077,0.32754907027782676,0.2678049077485247,0.2251016963723696,100
Real_100,Beta_tight_0_231,vincent,gap_0.2,0.33239840906988255,0.41605768231595236,0.78,0.75,0.665914270110559,0.5437967455399239,0.4318047107852948,0.3738072455254436,0.33239840906988255,100
Real_100,Beta_tight_0_231,vincent,gap_0.3,0.4366292517410251,0.516802268584629,1.0,1.0,0.7610783368270553,0.6424700875683641,0.5333619649181732,0.47691951073839994,0.4366292517410251,100
Real_100,Beta_tight_0_231,z_test,none,0.013190092322310944,0.030862155513658146,1.0,0.5,0.07166758307098496,0.048835696437919934,0.026893720932285564,0.018137548968972808,0.013190092322310944,100
Real_100,Beta_tight_0_252,e_value_constant_0.25,none,0.16999999999999996,0.42107500000000003,1.0,1.0,0.96,0.96,0.55,0.33,0.16999999999999996,100
Real_100,Beta_tight_0_252,e_value_constant_0.5,none,0.09999999999999996,0.27635000000000004,1.0,1.0,0.96,0.655,0.3350000000000001,0.17,0.09999999999999996,100
Real_100,Beta_tight_0_252,e_value_wsr,none,0.04500000000000003,0.11467500000000001,1.0,1.0,0.3499999999999999,0.17999999999999997,0.09499999999999999,0.06000000000000002,0.04500000000000003,100
Real_100,Beta_tight_0_252,empirical_bernstein,none,0.10504733587147008,0.31139526860427,1.0,1.0,1.0,0.7359308895833834,0.38755249426280136,0.20013592655406484,0.10504733587147008,100
Real_100,Beta_tight_0_252,hoeffding,none,0.19206455826398408,0.33237537098751196,1.0,1.0,0.6760234351924389,0.554578008561458,0.38412911652796816,0.27162030314812385,0.19206455826398408,100
Real_100,Beta_tight_0_252,sequential_t_test,none,0.035185776735597966,0.07434229626974218,1.0,0.75,0.17606018890756128,0.11138032365188724,0.06632643935141518,0.047777307787720824,0.035185776735597966,100
Real_100,Beta_tight_0_252,sim2real,Sim_252,0.023906250000000014,0.08431015625000002,0.75,0.75,0.30390625,0.16890625,0.07015625,0.038437500000000055,0.023906250000000014,100
Real_100,Beta_tight_0_252,sim2real,Sim_35,0.08000000000000003,0.14280000000000004,1.0,1.0,0.33,0.215,0.14000000000000007,0.11000000000000004,0.08000000000000003,100
Real_100,Beta_tight_0_252,sim2real,Sim_504,0.024062500000000004,0.08585546875000004,1.0,1.0,0.31078125000000006,0.17046875000000003,0.07171875000000005,0.04015625000000005,0.024062500000000004,100
Real_100,Beta_tight_0_252,sim2real,Sim_756,0.024531250000000022,0.08568515625000002,1.0,1.0,0.3046875,0.17250000000000004,0.0728125,0.03984375000000005,0.024531250000000022,100
Real_100,Beta_tight_0_252,sim2real,Sim_7_biased,0.055000000000000035,0.10910000000000006,1.0,1.0,0.31,0.17999999999999997,0.08999999999999997,0.065,0.055000000000000035,100
Real_100,Beta_tight_0_252,t_test,none,0.013944982218095536,0.03690582454419719,1.0,1.0,0.08246241169849214,0.05038647870196261,0.028837388999373905,0.019524562875788617,0.013944982218095536,100
Real_100,Beta_tight_0_252,vincent,gap_0.05,0.1703841983059198,0.2592727388421218,0.0,0.0,0.5185194602797171,0.39155792640430076,0.27467353388422866,0.21392847653295097,0.1703841983059198,100
Real_100,Beta_tight_0_252,vincent,gap_0.1,0.22548261969043498,0.31251017194785047,0.0,0.0,0.5684111817516763,0.4431671388767726,0.32799588123807594,0.2682107121135523,0.22548261969043498,100
Real_100,Beta_tight_0_252,vincent,gap_0.2,0.33288238542831317,0.41653731732556565,1.0,1.0,0.6663771576949195,0.5442970955684597,0.4323019084704167,0.3742810555088106,0.33288238542831317,100
Real_100,Beta_tight_0_252,vincent,gap_0.3,0.4371778247050661,0.5173111030754862,1.0,1.0,0.7614753952845654,0.6429751832521987,0.5338717279418431,0.4774320249078707,0.4371778247050661,100
Real_100,Beta_tight_0_252,z_test,none,0.01362977603844491,0.03172113736164632,1.0,0.5,0.07370824148048723,0.05042898926274945,0.027820023042409613,0.0187611714294251,0.01362977603844491,100
Real_100,Beta_tight_0_274,e_value_constant_0.25,none,0.165,0.4252000000000002,1.0,1.0,0.96,0.96,0.565,0.31999999999999995,0.165,100
Real_100,Beta_tight_0_274,e_value_constant_0.5,none,0.09999999999999998,0.2784500000000001,1.0,1.0,0.96,0.665,0.33,0.17,0.09999999999999998,100
Real_100,Beta_tight_0_274,e_value_wsr,none,0.044999999999999984,0.11545000000000001,1.0,1.0,0.3449999999999999,0.18499999999999997,0.09500000000000003,0.065,0.044999999999999984,100
Real_100,Beta_tight_0_274,empirical_bernstein,none,0.1058026459153443,0.3155782533889512,1.0,1.0,1.0,0.7675910640214831,0.38863563651227845,0.20072567374744238,0.1058026459153443,100
Real_100,Beta_tight_0_274,hoeffding,none,0.19206455826398408,0.3349684400242655,1.0,1.0,0.697397086486755,0.5750821127307764,0.38412911652796816,0.2716203031481239,0.19206455826398408,100
Real_100,Beta_tight_0_274,sequential_t_test,none,0.03602194333366441,0.0792681591938694,1.0,1.0,0.17991991386145917,0.11171562848327543,0.07111334165245267,0.050190318799760346,0.03602194333366441,100
Real_100,Beta_tight_0_274,sim2real,Sim_252,0.024062500000000018,0.08575273437499999,1.0,1.0,0.29859375000000005,0.171875,0.07312500000000002,0.03968749999999999,0.024062500000000018,100
Real_100,Beta_tight_0_274,sim2real,Sim_35,0.09999999999999996,0.15012500000000004,1.0,1.0,0.3400000000000001,0.20999999999999996,0.13000000000000006,0.11500000000000002,0.09999999999999996,100
Real_100,Beta_tight_0_274,sim2real,Sim_504,0.023906250000000018,0.08439179687500001,1.0,1.0,0.29765624999999996,0.16546874999999997,0.06953125,0.03984375000000001,0.023906250000000018,100
Real_100,Beta_tight_0_274,sim2real,Sim_756,0.024687500000000025,0.08596757812500004,1.0,1.0,0.2946875,0.16375,0.07343750000000003,0.04046874999999995,0.024687500000000025,100
Real_100,Beta_tight_0_274,sim2real,Sim_7_biased,0.06,0.11620000000000003,1.0,1.0,0.30999999999999994,0.18499999999999997,0.105,0.07000000000000002,0.06,100
Real_100,Beta_tight_0_274,t_test,none,0.01433048247147131,0.03479805004844157,1.0,1.0,0.07891080712532023,0.04864533585144655,0.02884305303970272,0.01974904691071325,0.01433048247147131,100
Real_100,Beta_tight_0_274,vincent,gap_0.05,0.17066571605469227,0.25960743883996806,0.0,0.0,0.518940304731325,0.3920509717318935,0.27504549385921817,0.21425291804111748,0.17066571605469227,100
Real_100,Beta_tight_0_274,vincent,gap_0.1,0.22582307230045892,0.3128812076128965,0.0,0.0,0.568831619184676,0.44366840124904383,0.3283951639496304,0.26857349197575653,0.22582307230045892,100
Real_100,Beta_tight_0_274,vincent,gap_0.2,0.3332967692517838,0.4169443638317518,1.0,1.0,0.6667805347082439,0.5447896436768034,0.4327268814221645,0.3746810782668012,0.3332967692517838,100
Real_100,Beta_tight_0_274,vincent,gap_0.3,0.43762175242766593,0.5177267868076408,1.0,1.0,0.7618309858225527,0.643476102859116,0.5342992348526735,0.47784155399090783,0.43762175242766593,100
Real_100,Beta_tight_0_274,z_test,none,0.014177361257085686,0.032977750855780696,1.0,0.5,0.07805448466698804,0.05453066413070542,0.03012714884835475,0.02023274367135702,0.014177361257085686,100
Real_100,Beta_tight_0_295,e_value_constant_0.25,none,0.17499999999999996,0.4292750000000001,1.0,1.0,0.96,0.96,0.585,0.31999999999999995,0.17499999999999996,100
Real_100,Beta_tight_0_295,e_value_constant_0.5,none,0.10000000000000005,0.2802,1.0,1.0,0.96,0.6850000000000002,0.32499999999999996,0.17499999999999996,0.10000000000000005,100
Real_100,Beta_tight_0_295,e_value_wsr,none,0.03999999999999998,0.11322500000000003,1.0,1.0,0.345,0.17999999999999997,0.09499999999999999,0.065,0.03999999999999998,100
Real_100,Beta_tight_0_295,empirical_bernstein,none,0.10623074250750919,0.31830076930806905,1.0,1.0,1.0,0.7899890769727004,0.38955167179983213,0.20130836034665403,0.10623074250750919,100
Real_100,Beta_tight_0_295,hoeffding,none,0.19206455826398408,0.3371005615204177,1.0,1.0,0.7187166691625174,0.5966092003346286,0.38412911652796816,0.2716203031481239,0.19206455826398408,100
Real_100,Beta_tight_0_295,sequential_t_test,none,0.03631021025748402,0.07877327698083834,1.0,1.0,0.17727887324851005,0.10978919381799146,0.07247760655957461,0.05143199970728318,0.03631021025748402,100
Real_100,Beta_tight_0_295,sim2real,Sim_252,0.024999999999999963,0.08438515625,1.0,1.0,0.2890625,0.1625,0.06999999999999997,0.03953124999999999,0.024999999999999963,100
Real_100,Beta_tight_0_295,sim2real,Sim_35,0.03999999999999998,0.12230000000000003,1.0,1.0,0.3350000000000001,0.20499999999999996,0.10499999999999997,0.08000000000000003,0.03999999999999998,100
Real_100,Beta_tight_0_295,sim2real,Sim_504,0.023437499999999955,0.08338007812499995,1.0,1.0,0.2864062499999999,0.16093749999999996,0.06874999999999995,0.03906249999999998,0.023437499999999955,100
Real_100,Beta_tight_0_295,sim2real,Sim_756,0.025468749999999943,0.08553242187499999,1.0,1.0,0.28546874999999994,0.16421875000000002,0.07296875000000001,0.03999999999999998,0.025468749999999943,100
Real_100,Beta_tight_0_295,sim2real,Sim_7_biased,0.08000000000000003,0.13235000000000002,1.0,1.0,0.3,0.18499999999999997,0.12000000000000002,0.09000000000000004,0.08000000000000003,100
Real_100,Beta_tight_0_295,t_test,none,0.01467043694848963,0.03540445330251606,1.0,1.0,0.08073066190134248,0.04988039618444029,0.029515982026742965,0.02022985791993126,0.01467043694848963,100
Real_100,Beta_tight_0_295,vincent,gap_0.05,0.17088001978685022,0.2598789228421865,0.0,0.0,0.5192588084165068,0.3923891986087721,0.27536025762182986,0.21453045871404164,0.17088001978685022,100
Real_100,Beta_tight_0_295,vincent,gap_0.1,0.2260844534415041,0.31317642846953636,0.0,0.0,0.5691514422228982,0.444016919580307,0.32872606627640333,0.2688724381338249,0.2260844534415041,100
Real_100,Beta_tight_0_295,vincent,gap_0.2,0.33361118499284254,0.4172729958128785,1.0,1.0,0.6670975591402011,0.5451432728108122,0.43309278419845504,0.37502296057826423,0.33361118499284254,100
Real_100,Beta_tight_0_295,vincent,gap_0.3,0.4379720627221429,0.5180725445075164,1.0,1.0,0.7620991081184872,0.6438240542369936,0.5346678428520185,0.47821184316077636,0.4379720627221429,100
Real_100,Beta_tight_0_295,z_test,none,0.014596802913069364,0.03362071668144669,1.0,0.5,0.07963286239002784,0.05558593099756606,0.03077951371335505,0.020685794504736593,0.014596802913069364,100
Real_100,Beta_tight_0_317,e_value_constant_0.25,none,0.17499999999999996,0.4328000000000001,1.0,1.0,0.96,0.96,0.605,0.31999999999999995,0.17499999999999996,100
Real_100,Beta_tight_0_317,e_value_constant_0.5,none,0.09499999999999996,0.28202499999999997,1.0,1.0,0.96,0.715,0.32499999999999984,0.17499999999999996,0.09499999999999996,100
Real_100,Beta_tight_0_317,e_value_wsr,none,0.040000000000000036,0.11277500000000003,1.0,1.0,0.34,0.17999999999999997,0.09499999999999996,0.06999999999999998,0.040000000000000036,100
Real_100,Beta_tight_0_317,empirical_bernstein,none,0.10660550992731649,0.3206374247279731,1.0,1.0,1.0,0.8122584647280782,0.3903612242032832,0.2018160394955364,0.10660550992731649,100
Real_100,Beta_tight_0_317,hoeffding,none,0.19206455826398408,0.33886381930889564,1.0,1.0,0.740056522172069,0.6070540309119625,0.38412911652796816,0.27162030314812396,0.19206455826398408,100
Real_100,Beta_tight_0_317,sequential_t_test,none,0.03702714072515567,0.07993578334511224,1.0,1.0,0.17962533217598015,0.11196829740194518,0.07374622782501042,0.052398743331115334,0.03702714072515567,100
Real_100,Beta_tight_0_317,sim2real,Sim_252,0.02390625000000003,0.08404179687500003,1.0,1.0,0.281875,0.16140624999999997,0.07046874999999996,0.03984375000000001,0.02390625000000003,100
Real_100,Beta_tight_0_317,sim2real,Sim_35,0.06,0.11832499999999997,1.0,1.0,0.33000000000000007,0.21,0.12,0.06499999999999999,0.06,100
Real_100,Beta_tight_0_317,sim2real,Sim_504,0.024531250000000032,0.08334179687500003,1.0,1.0,0.2803125,0.15984375,0.06859374999999997,0.039531250000000025,0.024531250000000032,100
Real_100,Beta_tight_0_317,sim2real,Sim_756,0.025625000000000037,0.085065234375,1.0,1.0,0.2793750000000001,0.1621875,0.07249999999999997,0.040312500000000015,0.025625000000000037,100
Real_100,Beta_tight_0_317,sim2real,Sim_7_biased,0.10000000000000005,0.15107500000000007,1.0,1.0,0.30999999999999994,0.20499999999999996,0.13500000000000006,0.11000000000000004,0.10000000000000005,100
Real_100,Beta_tight_0_317,t_test,none,0.0149707081414078,0.035921832536997725,1.0,0.75,0.0823237097429598,0.05098503583305889,0.030108820082095727,0.020654757254487562,0.0149707081414078,100
Real_100,Beta_tight_0_317,vincent,gap_0.05,0.17104921453995264,0.26009853437350783,0.0,0.0,0.5194994465751743,0.39263326440381596,0.27562161808071123,0.21476326065534418,0.17104921453995264,100
Real_100,Beta_tight_0_317,vincent,gap_0.1,0.22628622429627523,0.3134160608709946,0.0,0.0,0.569392738491094,0.44426121847412503,0.32899940265394706,0.26913269940433876,0.22628622429627523,100
Real_100,Beta_tight_0_317,vincent,gap_0.2,0.3338490304739385,0.41753689788622084,1.0,1.0,0.6673369752936489,0.5453984538131578,0.43338265429714995,0.37531292813504996,0.3338490304739385,100
Real_100,Beta_tight_0_317,vincent,gap_0.3,0.438219328406677,0.5183413283928551,1.0,1.0,0.7623079142662816,0.6440684428065664,0.5349578883481971,0.4785105552275282,0.438219328406677,100
Real_100,Beta_tight_0_317,z_test,none,0.014870634738074621,0.0341358794707767,1.0,0.25,0.08097456366192857,0.05647933025346392,0.03134385524611491,0.021080897139326732,0.014870634738074621,100
Real_100,Beta_tight_0_338,e_value_constant_0.25,none,0.16499999999999995,0.43579999999999997,1.0,1.0,0.96,0.96,0.6249999999999999,0.31999999999999995,0.16499999999999995,100
Real_100,Beta_tight_0_338,e_value_constant_0.5,none,0.095,0.283825,1.0,1.0,0.96,0.7399999999999999,0.32499999999999996,0.16999999999999996,0.095,100
Real_100,Beta_tight_0_338,e_value_wsr,none,0.03999999999999998,0.11232500000000002,1.0,1.0,0.33000000000000007,0.17999999999999997,0.09500000000000003,0.06,0.03999999999999998,100
Real_100,Beta_tight_0_338,empirical_bernstein,none,0.10678978382640551,0.3217668829907471,1.0,1.0,1.0,0.8267272249062855,0.3896596146900741,0.20215253853596024,0.10678978382640551,100
Real_100,Beta_tight_0_338,hoeffding,none,0.19206455826398408,0.34050728889375576,1.0,1.0,0.7653257835837032,0.6073614619083052,0.38412911652796816,0.27162030314812396,0.19206455826398408,100
Real_100,Beta_tight_0_338,sequential_t_test,none,0.03769225648934199,0.08057337486560029,1.0,1.0,0.18136629058387238,0.11503655831638086,0.07488134435755303,0.05319030794533067,0.03769225648934199,100
Real_100,Beta_tight_0_338,sim2real,Sim_252,0.024218749999999956,0.08327890624999998,1.0,1.0,0.27546875,0.1603125,0.06890625,0.039999999999999994,0.024218749999999956,100
Real_100,Beta_tight_0_338,sim2real,Sim_35,0.07999999999999996,0.13627499999999998,1.0,1.0,0.3350000000000001,0.20499999999999996,0.12,0.09499999999999996,0.07999999999999996,100
Real_100,Beta_tight_0_338,sim2real,Sim_504,0.024374999999999942,0.08362070312499999,1.0,1.0,0.274375,0.1634375,0.07093749999999999,0.03968749999999999,0.024374999999999942,100
Real_100,Beta_tight_0_338,sim2real,Sim_756,0.025468749999999988,0.08562812499999999,1.0,1.0,0.2740625,0.17109374999999996,0.07312500000000001,0.041406249999999985,0.025468749999999988,100
Real_100,Beta_tight_0_338,sim2real,Sim_7_biased,0.12,0.17077500000000007,1.0,1.0,0.325,0.225,0.16000000000000006,0.14000000000000007,0.12,100
Real_100,Beta_tight_0_338,t_test,none,0.015240776319116968,0.03822708954283142,1.0,0.75,0.08769040976138198,0.05359934032282194,0.031344590535293676,0.02132501171361098,0.015240776319116968,100
Real_100,Beta_tight_0_338,vincent,gap_0.05,0.17116960785579174,0.2602422629759898,0.0,0.0,0.5196732684707474,0.39281616232724076,0.2757772629927595,0.21490225460465864,0.17116960785579174,100
Real_100,Beta_tight_0_338,vincent,gap_0.1,0.2264299322109769,0.3135742222718283,0.0,0.0,0.5695654177498934,0.444442419508971,0.3291641728954503,0.2692896773294428,0.2264299322109769,100
Real_100,Beta_tight_0_338,vincent,gap_0.2,0.33402552933168295,0.4177158237417055,1.0,1.0,0.6674965561928237,0.5455949227876379,0.43357082069168146,0.3754904071805407,0.33402552933168295,100
Real_100,Beta_tight_0_338,vincent,gap_0.3,0.4384140301621999,0.5185299157549603,1.0,1.0,0.7624504810868287,0.6442494598911296,0.5351538855423833,0.47870159131473733,0.4384140301621999,100
Real_100,Beta_tight_0_338,z_test,none,0.01517363008328282,0.03583973501374629,1.0,0.25,0.08735975793380442,0.05946426227734123,0.032454517400108546,0.0215816037133133,0.01517363008328282,100
Real_100,Beta_tight_0_360,e_value_constant_0.25,none,0.16499999999999995,0.43845000000000006,1.0,1.0,0.96,0.96,0.6349999999999999,0.31999999999999995,0.16499999999999995,100
Real_100,Beta_tight_0_360,e_value_constant_0.5,none,0.09500000000000001,0.28497500000000003,1.0,1.0,0.96,0.7650000000000001,0.31999999999999995,0.16999999999999996,0.09500000000000001,100
Real_100,Beta_tight_0_360,e_value_wsr,none,0.03999999999999998,0.11315000000000003,1.0,1.0,0.33000000000000007,0.17999999999999997,0.09499999999999999,0.06,0.03999999999999998,100
Real_100,Beta_tight_0_360,empirical_bernstein,none,0.1070990066095811,0.3235629520006087,1.0,1.0,1.0,0.8487912731307555,0.3903642930866885,0.2025752292771644,0.1070990066095811,100
Real_100,Beta_tight_0_360,hoeffding,none,0.1920645582639841,0.3417081866096408,1.0,1.0,0.786685236232706,0.6073614619083052,0.38412911652796816,0.27162030314812396,0.1920645582639841,100
Real_100,Beta_tight_0_360,sequential_t_test,none,0.038234885260029446,0.08145422162055681,1.0,1.0,0.18273337058558778,0.11667887706474839,0.07579238445946268,0.05390288458273643,0.038234885260029446,100
Real_100,Beta_tight_0_360,sim2real,Sim_252,0.024062500000000014,0.08237812500000001,1.0,1.0,0.27203125000000006,0.15874999999999997,0.06859375000000001,0.03875000000000001,0.024062500000000014,100
Real_100,Beta_tight_0_360,sim2real,Sim_35,0.08000000000000003,0.14680000000000004,1.0,1.0,0.32500000000000007,0.22,0.13999999999999996,0.11500000000000002,0.08000000000000003,100
Real_100,Beta_tight_0_360,sim2real,Sim_504,0.02421875,0.08318281250000002,1.0,1.0,0.27406250000000004,0.16062499999999996,0.07156250000000001,0.03921875000000004,0.02421875,100
Real_100,Beta_tight_0_360,sim2real,Sim_756,0.024531250000000036,0.084634375,1.0,1.0,0.27359375,0.16687499999999994,0.07343749999999999,0.040468750000000046,0.024531250000000036,100
Real_100,Beta_tight_0_360,sim2real,Sim_7_biased,0.14000000000000007,0.19077500000000003,1.0,1.0,0.34,0.245,0.17999999999999997,0.16000000000000006,0.14000000000000007,100
Real_100,Beta_tight_0_360,t_test,none,0.015466402092550124,0.03870364876636,1.0,0.75,0.08883004830944491,0.054399796772248384,0.0317846296855446,0.021644966126659,0.015466402092550124,100
Real_100,Beta_tight_0_360,vincent,gap_0.05,0.17124523634289987,0.26034983991336497,0.0,0.0,0.5197771905201571,0.3929300800676121,0.2758922534257727,0.21499918062352216,0.17124523634289987,100
Real_100,Beta_tight_0_360,vincent,gap_0.1,0.22651966432575152,0.31368990871132985,0.0,0.0,0.5696673565832207,0.44455926505295823,0.32928230835957584,0.2693917725951927,0.22651966432575152,100
Real_100,Beta_tight_0_360,vincent,gap_0.2,0.3341438195228633,0.4178418842814662,1.0,1.0,0.6675834899140645,0.5457195903526493,0.433706375091756,0.37558599577788904,0.3341438195228633,100
Real_100,Beta_tight_0_360,vincent,gap_0.3,0.4385408464948115,0.5186627497446161,1.0,1.0,0.7625351630927452,0.6443657593778822,0.5352992997340008,0.4788022376536008,0.4385408464948115,100
Real_100,Beta_tight_0_360,z_test,none,0.015373955361116631,0.036227408510242615,1.0,0.25,0.08836532217669213,0.06013652542869655,0.03287189216045777,0.021873968650483966,0.015373955361116631,100
Real_100,Beta_tight_0_382,e_value_constant_0.25,none,0.16500000000000004,0.44095000000000006,1.0,1.0,0.96,0.96,0.6299999999999999,0.32000000000000006,0.16500000000000004,100
Real_100,Beta_tight_0_382,e_value_constant_0.5,none,0.09999999999999996,0.286275,1.0,1.0,0.96,0.7850000000000001,0.32500000000000007,0.17,0.09999999999999996,100
Real_100,Beta_tight_0_382,e_value_wsr,none,0.045000000000000026,0.11332500000000005,1.0,1.0,0.31999999999999995,0.17499999999999996,0.09499999999999999,0.06,0.045000000000000026,100
Real_100,Beta_tight_0_382,empirical_bernstein,none,0.10707862012172253,0.3248984076567134,1.0,1.0,1.0,0.8622330794217146,0.3920349348920568,0.20334689419229396,0.10707862012172253,100
Real_100,Beta_tight_0_382,hoeffding,none,0.1920645582639841,0.34275494035189125,1.0,1.0,0.8080127739754853,0.607361461908305,0.38412911652796816,0.2716203031481239,0.1920645582639841,100
Real_100,Beta_tight_0_382,sequential_t_test,none,0.038806317974284445,0.08294380666641532,1.0,1.0,0.19790569224759783,0.11472645524652006,0.07554653919902223,0.053196434278988215,0.038806317974284445,100
Real_100,Beta_tight_0_382,sim2real,Sim_252,0.02312499999999998,0.0816890625,1.0,1.0,0.27125,0.15703124999999996,0.06968749999999999,0.038281250000000024,0.02312499999999998,100
Real_100,Beta_tight_0_382,sim2real,Sim_35,0.10500000000000004,0.1679,1.0,1.0,0.31999999999999995,0.22,0.17499999999999996,0.13,0.10500000000000004,100
Real_100,Beta_tight_0_382,sim2real,Sim_504,0.02375000000000003,0.08306171875,1.0,1.0,0.27390625000000013,0.15671875,0.07359374999999999,0.039218750000000024,0.02375000000000003,100
Real_100,Beta_tight_0_382,sim2real,Sim_756,0.02390625000000003,0.08317812500000002,1.0,1.0,0.27421875,0.1590625,0.07093750000000001,0.03984375000000004,0.02390625000000003,100
Real_100,Beta_tight_0_382,sim2real,Sim_7_biased,0.16500000000000004,0.21400000000000002,1.0,1.0,0.37,0.2700000000000001,0.19999999999999996,0.17999999999999997,0.16500000000000004,100
Real_100,Beta_tight_0_382,t_test,none,0.015674644064572335,0.04092373517777254,1.0,0.75,0.09145319249625797,0.058428981233213335,0.03350342343945398,0.022358335639674515,0.015674644064572335,100
Real_100,Beta_tight_0_382,vincent,gap_0.05,0.17125710320882628,0.26036880212841174,0.0,0.0,0.5198137109343114,0.3929620909860532,0.27589820434144396,0.21501906027062442,0.17125710320882628,100
Real_100,Beta_tight_0_382,vincent,gap_0.1,0.22653420064184304,0.31370669651323746,0.04,0.04,0.5697010909999042,0.44458416350878466,0.3292776520178405,0.2694073663006642,0.22653420064184304,100
Real_100,Beta_tight_0_382,vincent,gap_0.2,0.3341557087405711,0.4178579142910901,1.0,1.0,0.6676005245697932,0.545750943376919,0.433717235168482,0.3755942731978435,0.3341557087405711,100
Real_100,Beta_tight_0_382,vincent,gap_0.3,0.43855652486856395,0.5186841445161285,1.0,1.0,0.7625639496714871,0.6443904825195432,0.5353222512416664,0.4788085135082391,0.43855652486856395,100
Real_100,Beta_tight_0_382,z_test,none,0.015444759308674364,0.03473704669445315,0.75,0.0,0.08648377600031594,0.056266851722482,0.03198290379688323,0.021557081879066967,0.015444759308674364,100
Real_100,Beta_tight_0_403,e_value_constant_0.25,none,0.16499999999999995,0.44285,1.0,1.0,0.96,0.96,0.6299999999999999,0.32500000000000007,0.16499999999999995,100
Real_100,Beta_tight_0_403,e_value_constant_0.5,none,0.10000000000000003,0.28645,1.0,1.0,0.96,0.8049999999999998,0.32500000000000007,0.17999999999999997,0.10000000000000003,100
Real_100,Beta_tight_0_403,e_value_wsr,none,0.04999999999999999,0.11572500000000004,1.0,1.0,0.30999999999999994,0.17499999999999996,0.09500000000000003,0.06,0.04999999999999999,100
Real_100,Beta_tight_0_403,empirical_bernstein,none,0.1072969498526209,0.3262517442225061,1.0,1.0,1.0,0.8840987445009161,0.39256620648381135,0.20366490230814338,0.1072969498526209,100
Real_100,Beta_tight_0_403,hoeffding,none,0.19206455826398405,0.3435192915191253,1.0,1.0,0.829336298948582,0.6073614619083052,0.38412911652796816,0.27162030314812396,0.19206455826398405,100
Real_100,Beta_tight_0_403,sequential_t_test,none,0.03915783261881144,0.08340286390286558,1.0,1.0,0.19840101959407488,0.11554280308203121,0.07610298647970135,0.0536825063836133,0.03915783261881144,100
Real_100,Beta_tight_0_403,sim2real,Sim_252,0.0240625,0.08223671874999999,1.0,1.0,0.27109375,0.15312499999999996,0.07000000000000002,0.03984374999999997,0.0240625,100
Real_100,Beta_tight_0_403,sim2real,Sim_35,0.12,0.16615000000000005,1.0,1.0,0.31499999999999995,0.18999999999999992,0.16000000000000003,0.13500000000000006,0.12,100
Real_100,Beta_tight_0_403,sim2real,Sim_504,0.024218750000000008,0.08302890624999999,1.0,1.0,0.27374999999999994,0.155,0.07203125,0.03999999999999998,0.024218750000000008,100
Real_100,Beta_tight_0_403,sim2real,Sim_756,0.023750000000000007,0.082853125,1.0,1.0,0.2725,0.15546875000000004,0.07109375000000001,0.03968749999999999,0.023750000000000007,100
Real_100,Beta_tight_0_403,sim2real,Sim_7_biased,0.14499999999999993,0.218225,1.0,1.0,0.455,0.31,0.22,0.17999999999999997,0.14499999999999993,100
Real_100,Beta_tight_0_403,t_test,none,0.015822451510381003,0.04119734337462697,1.0,0.75,0.09225605369474747,0.05888979965212959,0.033802257278815445,0.022582332100722136,0.015822451510381003,100
Real_100,Beta_tight_0_403,vincent,gap_0.05,0.1712269500296737,0.2603427633921592,0.0,0.0,0.5197794429209784,0.392916001250242,0.27586413489406447,0.21498827555166422,0.1712269500296737,100
Real_100,Beta_tight_0_403,vincent,gap_0.1,0.22649521729731828,0.3136737528535466,0.25,0.24,0.5696647851166126,0.4445358710443968,0.32923423622985687,0.2693723711265424,0.22649521729731828,100
Real_100,Beta_tight_0_403,vincent,gap_0.2,0.3341059193025562,0.41781832264851654,1.0,1.0,0.6675567564788225,0.5457112342646724,0.4336731016087631,0.37555777093094833,0.3341059193025562,100
Real_100,Beta_tight_0_403,vincent,gap_0.3,0.43850585907374684,0.5186457094151877,1.0,1.0,0.762539494593223,0.644342066148804,0.5352797469498797,0.47877110343871765,0.43850585907374684,100
Real_100,Beta_tight_0_403,z_test,none,0.015609785439729129,0.035071734037112064,0.75,0.0,0.08714317607632058,0.056892058471989165,0.03237081476510589,0.021824820426037696,0.015609785439729129,100
Real_100,Beta_tight_0_425,e_value_constant_0.25,none,0.16499999999999995,0.4442250000000001,1.0,1.0,0.96,0.96,0.6299999999999999,0.3199999999999999,0.16499999999999995,100
Real_100,Beta_tight_0_425,e_value_constant_0.5,none,0.095,0.2876,1.0,1.0,0.96,0.825,0.32499999999999984,0.17499999999999996,0.095,100
Real_100,Beta_tight_0_425,e_value_wsr,none,0.04999999999999999,0.11625000000000003,1.0,1.0,0.31999999999999995,0.18,0.09499999999999996,0.06,0.04999999999999999,100
Real_100,Beta_tight_0_425,empirical_bernstein,none,0.10730295896619953,0.3275531492959627,1.0,1.0,1.0,0.9122462345621959,0.393773111626856,0.20364668889335788,0.10730295896619953,100
Real_100,Beta_tight_0_425,hoeffding,none,0.19206455826398408,0.34426406915449026,1.0,1.0,0.8545045978291244,0.6073614619083052,0.38412911652796816,0.27162030314812385,0.19206455826398408,100
Real_100,Beta_tight_0_425,sequential_t_test,none,0.0393123842298338,0.08205973229103009,1.0,1.0,0.19120230765950033,0.11410625166777624,0.07551620526786217,0.05378981451804126,0.0393123842298338,100
Real_100,Beta_tight_0_425,sim2real,Sim_252,0.024843749999999973,0.08203984375,1.0,1.0,0.27093749999999983,0.15031249999999993,0.07015624999999996,0.039374999999999966,0.024843749999999973,100
Real_100,Beta_tight_0_425,sim2real,Sim_35,0.09999999999999996,0.14580000000000007,1.0,1.0,0.29999999999999993,0.17500000000000004,0.13500000000000006,0.12,0.09999999999999996,100
Real_100,Beta_tight_0_425,sim2real,Sim_504,0.024218750000000008,0.08357890625000002,1.0,1.0,0.27359375,0.15578125,0.07234374999999997,0.04078124999999996,0.024218750000000008,100
Real_100,Beta_tight_0_425,sim2real,Sim_756,0.024843749999999942,0.08295937499999996,1.0,1.0,0.27249999999999996,0.15375000000000003,0.07109374999999997,0.03984374999999998,0.024843749999999942,100
Real_100,Beta_tight_0_425,sim2real,Sim_7_biased,0.16499999999999995,0.235475,1.0,1.0,0.49,0.3250000000000001,0.21999999999999992,0.18999999999999997,0.16499999999999995,100
Real_100,Beta_tight_0_425,t_test,none,0.015921982590396042,0.042905479895031046,1.0,1.0,0.09300961409860616,0.05904849007637303,0.03389783532605967,0.02269963500979033,0.015921982590396042,100
Real_100,Beta_tight_0_425,vincent,gap_0.05,0.17115512051131873,0.2602572527494555,0.0,0.0,0.5196782860233671,0.39279659793461635,0.27575725033154214,0.21490644462216593,0.17115512051131873,100
Real_100,Beta_tight_0_425,vincent,gap_0.1,0.22640977288257527,0.3135750427414821,0.7,0.69,0.5695617722244755,0.44440937726832147,0.3291140788116025,0.26927345900727667,0.22640977288257527,100
Real_100,Beta_tight_0_425,vincent,gap_0.2,0.333995146590633,0.4177041051456413,1.0,1.0,0.6674476430927317,0.5455940676494637,0.43354907491491596,0.37543813565359896,0.333995146590633,100
Real_100,Beta_tight_0_425,vincent,gap_0.3,0.4383838756336065,0.5185268967689487,1.0,1.0,0.7624530757862275,0.6442154189019764,0.5351533358779232,0.4786436387446389,0.4383838756336065,100
Real_100,Beta_tight_0_425,z_test,none,0.015780941416394717,0.03604221467685839,0.75,0.25,0.08895643990483898,0.05744144247758575,0.03303526637983725,0.022047359891267847,0.015780941416394717,100
Real_100,Beta_tight_0_446,e_value_constant_0.25,none,0.17000000000000007,0.4456,1.0,1.0,0.96,0.96,0.6299999999999999,0.32499999999999996,0.17000000000000007,100
Real_100,Beta_tight_0_446,e_value_constant_0.5,none,0.08999999999999997,0.28817500000000007,1.0,1.0,0.96,0.835,0.32499999999999984,0.17000000000000007,0.08999999999999997,100
Real_100,Beta_tight_0_446,e_value_wsr,none,0.05500000000000001,0.11747500000000004,1.0,1.0,0.31999999999999995,0.18000000000000008,0.09499999999999999,0.06,0.05500000000000001,100
Real_100,Beta_tight_0_446,empirical_bernstein,none,0.10740520622600404,0.32828300101674146,1.0,1.0,1.0,0.9338932714905495,0.39401188357447947,0.203787519335397,0.10740520622600404,100
Real_100,Beta_tight_0_446,hoeffding,none,0.19206455826398405,0.34469198761749664,1.0,1.0,0.8589388166934754,0.6073614619083051,0.38412911652796816,0.2716203031481239,0.19206455826398405,100
Real_100,Beta_tight_0_446,sequential_t_test,none,0.03951045659457611,0.08221617266015144,1.0,1.0,0.1907888052301312,0.1144741692550656,0.075762990397409,0.054059069477355566,0.03951045659457611,100
Real_100,Beta_tight_0_446,sim2real,Sim_252,0.024218750000000025,0.081071875,1.0,1.0,0.27124999999999994,0.14859375000000002,0.06796874999999997,0.03859374999999998,0.024218750000000025,100
Real_100,Beta_tight_0_446,sim2real,Sim_35,0.07500000000000002,0.12857500000000008,1.0,1.0,0.30499999999999994,0.17000000000000007,0.11500000000000002,0.09500000000000003,0.07500000000000002,100
Real_100,Beta_tight_0_446,sim2real,Sim_504,0.02374999999999999,0.08302187499999997,1.0,1.0,0.27359375,0.15359374999999997,0.07234374999999998,0.04031249999999997,0.02374999999999999,100
Real_100,Beta_tight_0_446,sim2real,Sim_756,0.024687500000000015,0.08268828125,1.0,1.0,0.27234375,0.15250000000000005,0.07062499999999995,0.039531249999999976,0.024687500000000015,100
Real_100,Beta_tight_0_446,sim2real,Sim_7_biased,0.18499999999999997,0.2529,1.0,1.0,0.51,0.34000000000000014,0.24,0.19999999999999993,0.18499999999999997,100
Real_100,Beta_tight_0_446,t_test,none,0.01600491364549325,0.04301714924490751,1.0,1.0,0.09334842749429022,0.0592561140447013,0.034053917117679466,0.022826973762214816,0.01600491364549325,100
Real_100,Beta_tight_0_446,vincent,gap_0.05,0.1710309334811346,0.26011444419175517,0.0,0.0,0.5195001703906241,0.39260313111681666,0.2755866718211189,0.21477116277406855,0.1710309334811346,100
Real_100,Beta_tight_0_446,vincent,gap_0.1,0.22626188482995285,0.3134117872611027,0.96,0.96,0.569382557991877,0.44421064066114346,0.32892475905518737,0.2691104544348738,0.22626188482995285,100
Real_100,Beta_tight_0_446,vincent,gap_0.2,0.3338046177629112,0.41751649234616794,1.0,1.0,0.6672690376374468,0.5454070049072641,0.43334761648413894,0.3752448760122013,0.3338046177629112,100
Real_100,Beta_tight_0_446,vincent,gap_0.3,0.4381720830023043,0.5183302144991415,1.0,1.0,0.7623033200300839,0.6440165428023522,0.5349449054419817,0.47843664774259326,0.4381720830023043,100
Real_100,Beta_tight_0_446,z_test,none,0.01588231587563224,0.03625292497715577,0.75,0.25,0.089282764825318,0.057850484775707506,0.03329078719006709,0.022224676189346173,0.01588231587563224,100
Real_100,Beta_tight_0_468,e_value_constant_0.25,none,0.17500000000000007,0.44612500000000005,1.0,1.0,0.96,0.96,0.6349999999999999,0.31999999999999995,0.17500000000000007,100
Real_100,Beta_tight_0_468,e_value_constant_0.5,none,0.09500000000000003,0.289125,1.0,1.0,0.96,0.83,0.3350000000000001,0.17500000000000007,0.09500000000000003,100
Real_100,Beta_tight_0_468,e_value_wsr,none,0.04999999999999999,0.11770000000000003,1.0,1.0,0.31499999999999995,0.18000000000000005,0.09500000000000003,0.06,0.04999999999999999,100
Real_100,Beta_tight_0_468,empirical_bernstein,none,0.10798808420245515,0.3289689431230433,1.0,1.0,1.0,0.9649533672874542,0.3936816042104015,0.20361922777550828,0.10798808420245515,100
Real_100,Beta_tight_0_468,hoeffding,none,0.1920645582639841,0.34497056704246665,1.0,1.0,0.8589388166934754,0.6073614619083052,0.38412911652796816,0.27162030314812385,0.1920645582639841,100
Real_100,Beta_tight_0_468,sequential_t_test,none,0.04020234275312706,0.08346142290267229,1.0,1.0,0.19634135853983117,0.11496337924557111,0.07706852141161213,0.05574257185473111,0.04020234275312706,100
Real_100,Beta_tight_0_468,sim2real,Sim_252,0.022343749999999968,0.08014218749999998,1.0,1.0,0.2710937499999999,0.14843750000000008,0.06812499999999999,0.037812499999999985,0.022343749999999968,100
Real_100,Beta_tight_0_468,sim2real,Sim_35,0.055,0.10822500000000006,1.0,1.0,0.3,0.16500000000000004,0.09500000000000003,0.06,0.055,100
Real_100,Beta_tight_0_468,sim2real,Sim_504,0.0234375,0.08170703124999998,1.0,1.0,0.27328125,0.15078125,0.07015625000000002,0.03937499999999998,0.0234375,100
Real_100,Beta_tight_0_468,sim2real,Sim_756,0.02531249999999996,0.08282343749999999,1.0,1.0,0.27328125,0.15343750000000006,0.06953125000000003,0.03968749999999999,0.02531249999999996,100
Real_100,Beta_tight_0_468,sim2real,Sim_7_biased,0.20999999999999994,0.27192499999999986,1.0,1.0,0.53,0.35999999999999993,0.26,0.21999999999999992,0.20999999999999994,100
Real_100,Beta_tight_0_468,t_test,none,0.016020872778224837,0.03916491796522377,1.0,0.75,0.07752419043785276,0.04998423798043818,0.032846720012015135,0.022659933323705528,0.016020872778224837,100
Real_100,Beta_tight_0_468,vincent,gap_0.05,0.17086174134738127,0.25991410405148313,0.0,0.0,0.5192481852756303,0.3923350221088757,0.27535222546320737,0.21457784828766027,0.17086174134738127,100
Real_100,Beta_tight_0_468,vincent,gap_0.1,0.22605949331459618,0.3131843043796512,1.0,1.0,0.5691289614969101,0.44393579119898297,0.3286681253206564,0.26888253482243046,0.22605949331459618,100
Real_100,Beta_tight_0_468,vincent,gap_0.2,0.3335485340532418,0.41725441613625663,1.0,1.0,0.6670140079522808,0.5451416125804206,0.43306538746681744,0.37497604151036384,0.3335485340532418,100
Real_100,Beta_tight_0_468,vincent,gap_0.3,0.4378862375465165,0.5180553857524376,1.0,1.0,0.7620882192003526,0.643741771124479,0.5346554946292283,0.47814983852611953,0.4378862375465165,100
Real_100,Beta_tight_0_468,z_test,none,0.015818823072114824,0.036072075718690345,1.0,0.25,0.08629915377930569,0.059487114467015746,0.03360038801731325,0.02227696572412538,0.015818823072114824,100
Real_100,Beta_tight_0_489,e_value_constant_0.25,none,0.17499999999999993,0.44665,1.0,1.0,0.96,0.96,0.6349999999999999,0.32499999999999996,0.17499999999999993,100
Real_100,Beta_tight_0_489,e_value_constant_0.5,none,0.10000000000000005,0.2884250000000001,1.0,1.0,0.96,0.83,0.325,0.16999999999999996,0.10000000000000005,100
Real_100,Beta_tight_0_489,e_value_wsr,none,0.055,0.11767500000000002,1.0,1.0,0.31499999999999995,0.17999999999999994,0.09000000000000004,0.06,0.055,100
Real_100,Beta_tight_0_489,empirical_bernstein,none,0.10756511979901408,0.32846543995253286,1.0,1.0,1.0,0.9799317058599172,0.3934678740001597,0.20303919419770577,0.10756511979901408,100
Real_100,Beta_tight_0_489,hoeffding,none,0.19206455826398405,0.34518873067046174,1.0,1.0,0.8589388166934754,0.6073614619083051,0.38412911652796816,0.27162030314812396,0.19206455826398405,100
Real_100,Beta_tight_0_489,sequential_t_test,none,0.04087098321396376,0.0861525482065135,1.0,1.0,0.20878981578966727,0.11620161077947266,0.07702203531518961,0.055442118965724464,0.04087098321396376,100
Real_100,Beta_tight_0_489,sim2real,Sim_252,0.023124999999999993,0.08061249999999999,1.0,1.0,0.2715625000000001,0.15093749999999997,0.06828125000000003,0.03765625000000003,0.023124999999999993,100
Real_100,Beta_tight_0_489,sim2real,Sim_35,0.05500000000000001,0.10462500000000002,1.0,1.0,0.3,0.165,0.09500000000000003,0.05500000000000001,0.05500000000000001,100
Real_100,Beta_tight_0_489,sim2real,Sim_504,0.023906250000000004,0.08173906250000003,1.0,1.0,0.273125,0.15031250000000004,0.07000000000000006,0.04000000000000006,0.023906250000000004,100
Real_100,Beta_tight_0_489,sim2real,Sim_756,0.02499999999999998,0.08218984374999999,1.0,1.0,0.2735937500000001,0.1515625,0.06937499999999999,0.03890624999999999,0.02499999999999998,100
Real_100,Beta_tight_0_489,sim2real,Sim_7_biased,0.23499999999999996,0.290225,1.0,1.0,0.535,0.37500000000000006,0.28000000000000014,0.24,0.23499999999999996,100
Real_100,Beta_tight_0_489,t_test,none,0.01623375427853938,0.03780145826786054,1.0,0.5,0.0787755563579653,0.05026658450778912,0.03220405958275725,0.022435020154319557,0.01623375427853938,100
Real_100,Beta_tight_0_489,vincent,gap_0.05,0.17064973920748688,0.2596535953169973,0.0,0.0,0.5189062934373666,0.3919930035011992,0.275050863568317,0.21432369361169612,0.17064973920748688,100
Real_100,Beta_tight_0_489,vincent,gap_0.1,0.2257959148296849,0.3128882681196587,1.0,1.0,0.5687870261193942,0.4435844647875725,0.32834213837526505,0.2685876144534679,0.2257959148296849,100
Real_100,Beta_tight_0_489,vincent,gap_0.2,0.33321596264379577,0.416912401795923,1.0,1.0,0.6666868116111224,0.5447883315921,0.4327006567839237,0.37462856225389873,0.33321596264379577,100
Real_100,Beta_tight_0_489,vincent,gap_0.3,0.4375157294769367,0.5176954874499168,1.0,1.0,0.7618144162006094,0.6433910876662821,0.5342831572692796,0.4777777468359504,0.4375157294769367,100
Real_100,Beta_tight_0_489,z_test,none,0.01563337209727506,0.034424919963150814,1.0,0.5,0.07821572552406574,0.05378075493579281,0.031105088863630125,0.02154144813177601,0.01563337209727506,100
Real_100,Beta_tight_0_511,e_value_constant_0.25,none,0.17499999999999996,0.446575,1.0,1.0,0.96,0.96,0.6399999999999999,0.32000000000000006,0.17499999999999996,100
Real_100,Beta_tight_0_511,e_value_constant_0.5,none,0.10000000000000005,0.28870000000000007,1.0,1.0,0.96,0.835,0.3350000000000001,0.17499999999999996,0.10000000000000005,100
Real_100,Beta_tight_0_511,e_value_wsr,none,0.04500000000000005,0.11617500000000006,1.0,1.0,0.32,0.18499999999999997,0.09000000000000005,0.060000000000000074,0.04500000000000005,100
Real_100,Beta_tight_0_511,empirical_bernstein,none,0.1061555838992913,0.32697555257008715,1.0,1.0,1.0,0.9738633137710195,0.3912257560428792,0.20212707522354104,0.1061555838992913,100
Real_100,Beta_tight_0_511,hoeffding,none,0.1920645582639841,0.3451881011832262,1.0,1.0,0.8589388166934754,0.607361461908305,0.38412911652796816,0.27162030314812396,0.1920645582639841,100
Real_100,Beta_tight_0_511,sequential_t_test,none,0.03808243881899692,0.08220503016003175,1.0,1.0,0.19638436495728162,0.11053124806527626,0.07218800015810296,0.05109137814827389,0.03808243881899692,100
Real_100,Beta_tight_0_511,sim2real,Sim_252,0.022812499999999996,0.08057500000000001,1.0,1.0,0.27093749999999994,0.15046874999999996,0.06703125000000008,0.03843750000000001,0.022812499999999996,100
Real_100,Beta_tight_0_511,sim2real,Sim_35,0.055000000000000056,0.10670000000000002,1.0,1.0,0.3,0.16499999999999995,0.09500000000000007,0.060000000000000074,0.055000000000000056,100
Real_100,Beta_tight_0_511,sim2real,Sim_504,0.023281250000000076,0.08096953125000005,1.0,1.0,0.2729687500000001,0.14968749999999997,0.06843750000000011,0.038593749999999996,0.023281250000000076,100
Real_100,Beta_tight_0_511,sim2real,Sim_756,0.023125000000000034,0.08115781250000001,1.0,1.0,0.27234374999999994,0.15046874999999993,0.06843750000000014,0.03828125000000001,0.023125000000000034,100
Real_100,Beta_tight_0_511,sim2real,Sim_7_biased,0.25,0.30602499999999994,1.0,1.0,0.5600000000000002,0.385,0.29500000000000004,0.26,0.25,100
Real_100,Beta_tight_0_511,t_test,none,0.015350940398301371,0.03845611073746546,1.0,0.75,0.08932217317306752,0.05651894174581477,0.03174613717660711,0.021502432308283952,0.015350940398301371,100
Real_100,Beta_tight_0_511,vincent,gap_0.05,0.16922909628795946,0.25790976620157113,0.0,0.0,0.5166237908865613,0.3897349461133106,0.2731632541930651,0.21262508555327464,0.16922909628795946,100
Real_100,Beta_tight_0_511,vincent,gap_0.1,0.2240783222118649,0.3109581428470818,1.0,1.0,0.5665209059536152,0.44126301841159316,0.32631699096190553,0.2666855794233232,0.2240783222118649,100
Real_100,Beta_tight_0_511,vincent,gap_0.2,0.3311024031762421,0.41473004071701314,1.0,1.0,0.6645850190407753,0.5423252223252093,0.4304083951134763,0.3724516410164892,0.3311024031762421,100
Real_100,Beta_tight_0_511,vincent,gap_0.3,0.43517972560099694,0.5153928664719605,1.0,1.0,0.7599199431827189,0.641081302295429,0.5318961287877219,0.47544323816221273,0.43517972560099694,100
Real_100,Beta_tight_0_511,z_test,none,0.014886153284652134,0.03267445114330994,1.0,0.25,0.07612269918676727,0.0499697662002301,0.029182213896093368,0.020581897498135174,0.014886153284652134,100
Real_100,Beta_tight_0_532,e_value_constant_0.25,none,0.17499999999999996,0.445975,1.0,1.0,0.96,0.96,0.6399999999999999,0.3199999999999999,0.17499999999999996,100
Real_100,Beta_tight_0_532,e_value_constant_0.5,none,0.09999999999999996,0.28835,1.0,1.0,0.96,0.835,0.33,0.17499999999999996,0.09999999999999996,100
Real_100,Beta_tight_0_532,e_value_wsr,none,0.05000000000000004,0.11622500000000006,1.0,1.0,0.315,0.17999999999999997,0.095,0.060000000000000074,0.05000000000000004,100
Real_100,Beta_tight_0_532,empirical_bernstein,none,0.10637902647634757,0.326504307855751,1.0,1.0,1.0,0.9473696437164968,0.3911922785078959,0.20146711984904886,0.10637902647634757,100
Real_100,Beta_tight_0_532,hoeffding,none,0.1920645582639841,0.3449897923515745,1.0,1.0,0.8589388166934754,0.6073614619083052,0.38412911652796816,0.27162030314812396,0.1920645582639841,100
Real_100,Beta_tight_0_532,sequential_t_test,none,0.038531768694137325,0.08218592862361188,1.0,1.0,0.20195447043201145,0.10811705077540827,0.0729460358244195,0.052262684614415245,0.038531768694137325,100
Real_100,Beta_tight_0_532,sim2real,Sim_252,0.02359375000000008,0.08088750000000003,1.0,1.0,0.27125000000000005,0.1503125,0.06781250000000005,0.038750000000000034,0.02359375000000008,100
Real_100,Beta_tight_0_532,sim2real,Sim_35,0.08000000000000007,0.12255000000000005,1.0,1.0,0.30999999999999994,0.16499999999999995,0.09999999999999996,0.08500000000000003,0.08000000000000007,100
Real_100,Beta_tight_0_532,sim2real,Sim_504,0.022500000000000044,0.08000078125,1.0,1.0,0.27265625000000004,0.14984374999999994,0.06531249999999995,0.03812500000000008,0.022500000000000044,100
Real_100,Beta_tight_0_532,sim2real,Sim_756,0.02359374999999997,0.08147968750000002,1.0,1.0,0.27265625000000004,0.15062499999999995,0.06796875000000009,0.0390625,0.02359374999999997,100
Real_100,Beta_tight_0_532,sim2real,Sim_7_biased,0.2700000000000001,0.32602500000000006,1.0,1.0,0.59,0.4,0.3149999999999999,0.28000000000000014,0.2700000000000001,100
Real_100,Beta_tight_0_532,t_test,none,0.015273696665857706,0.034416485665919296,1.0,0.25,0.0746443304721224,0.04779184447518862,0.030294649774279928,0.021131173106313184,0.015273696665857706,100
Real_100,Beta_tight_0_532,vincent,gap_0.05,0.16944012828781319,0.2581636277274166,0.0,0.0,0.5169395214086335,0.3900609661888379,0.27345039910167485,0.21287231010666852,0.16944012828781319,100
Real_100,Beta_tight_0_532,vincent,gap_0.1,0.22433374795230393,0.31124153381982494,1.0,1.0,0.5668370855219702,0.4416003236501988,0.32662667882241503,0.2669634558865035,0.22433374795230393,100
Real_100,Beta_tight_0_532,vincent,gap_0.2,0.3314194589976926,0.41505284439710793,1.0,1.0,0.6648918164910783,0.5426656797451986,0.4307564064609924,0.37277371585416946,0.3314194589976926,100
Real_100,Beta_tight_0_532,vincent,gap_0.3,0.4355255014815058,0.5157292132276905,1.0,1.0,0.7601798075565691,0.6414180114604292,0.5322475119366984,0.4757889036109894,0.4355255014815058,100
Real_100,Beta_tight_0_532,z_test,none,0.014719155794298389,0.032735739431426276,0.75,0.25,0.07690112876471193,0.04946378105615662,0.02931498330489762,0.020253282421944966,0.014719155794298389,100
Real_100,Beta_tight_0_554,e_value_constant_0.25,none,0.17499999999999996,0.44542499999999996,1.0,1.0,0.96,0.96,0.6399999999999999,0.3199999999999999,0.17499999999999996,100
Real_100,Beta_tight_0_554,e_value_constant_0.5,none,0.09499999999999996,0.28792500000000004,1.0,1.0,0.96,0.835,0.33,0.17499999999999996,0.09499999999999996,100
Real_100,Beta_tight_0_554,e_value_wsr,none,0.05499999999999993,0.11644999999999996,1.0,1.0,0.325,0.17499999999999996,0.09499999999999996,0.05999999999999993,0.05499999999999993,100
Real_100,Beta_tight_0_554,empirical_bernstein,none,0.10630458119188829,0.3259326185039152,1.0,1.0,1.0,0.9257693250324972,0.39099735574190314,0.20136881507245966,0.10630458119188829,100
Real_100,Beta_tight_0_554,hoeffding,none,0.1920645582639841,0.34467503905974245,1.0,1.0,0.8589388166934754,0.6073614619083052,0.38412911652796816,0.27162030314812396,0.1920645582639841,100
Real_100,Beta_tight_0_554,sequential_t_test,none,0.03837501792993886,0.08214697232959875,1.0,1.0,0.20220121571899277,0.10801701776861179,0.07279303108786578,0.052074128559718866,0.03837501792993886,100
Real_100,Beta_tight_0_554,sim2real,Sim_252,0.021874999999999974,0.08092968750000001,1.0,1.0,0.2710937499999999,0.15109375,0.07031250000000003,0.03812500000000008,0.021874999999999974,100
Real_100,Beta_tight_0_554,sim2real,Sim_35,0.09999999999999996,0.140125,1.0,1.0,0.29999999999999993,0.17999999999999997,0.12,0.10499999999999997,0.09999999999999996,100
Real_100,Beta_tight_0_554,sim2real,Sim_504,0.022499999999999992,0.08056640624999996,1.0,1.0,0.27265625,0.15046874999999996,0.06718749999999996,0.038750000000000034,0.022499999999999992,100
Real_100,Beta_tight_0_554,sim2real,Sim_756,0.02375000000000008,0.08234140625000003,1.0,1.0,0.27265625000000004,0.15140625000000005,0.06890624999999993,0.03999999999999998,0.02375000000000008,100
Real_100,Beta_tight_0_554,sim2real,Sim_7_biased,0.295,0.3465249999999999,1.0,1.0,0.615,0.42,0.3350000000000001,0.2999999999999999,0.295,100
Real_100,Beta_tight_0_554,t_test,none,0.015218572162455424,0.03436789495217432,1.0,0.25,0.07439997248574975,0.04773332145968484,0.030232562124770705,0.02104527077825913,0.015218572162455424,100
Real_100,Beta_tight_0_554,vincent,gap_0.05,0.1695947284119904,0.2583724142708623,0.0,0.0,0.5171800423483404,0.39033221017200276,0.2736795785892149,0.2130706899185205,0.1695947284119904,100
Real_100,Beta_tight_0_554,vincent,gap_0.1,0.22452765232138383,0.3114734644821401,0.92,0.92,0.5670778267614947,0.44187251975608915,0.32687004681671256,0.2671823815201439,0.22452765232138383,100
Real_100,Beta_tight_0_554,vincent,gap_0.2,0.33166418348618465,0.41531261453767376,1.0,1.0,0.6651271611834509,0.5429454923901725,0.431027155864015,0.3730154150880432,0.33166418348618465,100
Real_100,Beta_tight_0_554,vincent,gap_0.3,0.435794700276016,0.5160039276029463,1.0,1.0,0.7603853090332787,0.641690391354906,0.5325269732588134,0.47605387463131804,0.435794700276016,100
Real_100,Beta_tight_0_554,z_test,none,0.014663367746222344,0.032619748112958605,0.75,0.25,0.07687670610999091,0.04933351255887036,0.02918107162338801,0.020139719117436727,0.014663367746222344,100
Real_100,Beta_tight_0_575,e_value_constant_0.25,none,0.16500000000000006,0.44435,1.0,1.0,0.96,0.96,0.6349999999999999,0.31999999999999995,0.16500000000000006,100
Real_100,Beta_tight_0_575,e_value_constant_0.5,none,0.09499999999999996,0.2870750000000001,1.0,1.0,0.96,0.83,0.32499999999999996,0.18000000000000008,0.09499999999999996,100
Real_100,Beta_tight_0_575,e_value_wsr,none,0.05499999999999993,0.11627499999999999,1.0,1.0,0.32499999999999996,0.17500000000000004,0.09499999999999996,0.05999999999999993,0.05499999999999993,100
Real_100,Beta_tight_0_575,empirical_bernstein,none,0.10587189984369855,0.325287858425799,1.0,1.0,1.0,0.9109685553113507,0.3907389581904623,0.20148689693212177,0.10587189984369855,100
Real_100,Beta_tight_0_575,hoeffding,none,0.1920645582639841,0.344486269986211,1.0,1.0,0.8565521730500343,0.6073614619083051,0.38412911652796816,0.27162030314812396,0.1920645582639841,100
Real_100,Beta_tight_0_575,sequential_t_test,none,0.03788327008406955,0.08102911884605389,1.0,1.0,0.1998306303931576,0.10708820239767175,0.07083790311777483,0.05121765230991282,0.03788327008406955,100
Real_100,Beta_tight_0_575,sim2real,Sim_252,0.02359374999999986,0.08182499999999993,1.0,1.0,0.27125,0.154375,0.07093749999999995,0.03859374999999985,0.02359374999999986,100
Real_100,Beta_tight_0_575,sim2real,Sim_35,0.12,0.15837500000000007,1.0,1.0,0.30499999999999994,0.19,0.14000000000000007,0.12500000000000003,0.12,100
Real_100,Beta_tight_0_575,sim2real,Sim_504,0.02312499999999992,0.08102187499999992,1.0,1.0,0.27265625,0.1518750000000001,0.0674999999999999,0.03859374999999998,0.02312499999999992,100
Real_100,Beta_tight_0_575,sim2real,Sim_756,0.02453124999999992,0.08253749999999993,1.0,1.0,0.2725,0.15390625000000008,0.06906249999999992,0.0390625,0.02453124999999992,100
Real_100,Beta_tight_0_575,sim2real,Sim_7_biased,0.3199999999999999,0.36677499999999996,1.0,1.0,0.6349999999999999,0.445,0.35999999999999993,0.3199999999999999,0.3199999999999999,100
Real_100,Beta_tight_0_575,t_test,none,0.015031063866221162,0.03576307157191787,1.0,0.5,0.0811469908447604,0.05111092567972347,0.03087749420976082,0.02123039313896269,0.015031063866221162,100
Real_100,Beta_tight_0_575,vincent,gap_0.05,0.16971629694761586,0.2585288982279927,0.0,0.0,0.5173629951563196,0.3905967142792759,0.2738449403326084,0.21321137634615478,0.16971629694761586,100
Real_100,Beta_tight_0_575,vincent,gap_0.1,0.2246736037929868,0.311641850498222,0.61,0.61,0.5672614104052228,0.442129101403384,0.32703698458376257,0.26734059536629307,0.2246736037929868,100
Real_100,Beta_tight_0_575,vincent,gap_0.2,0.33184235348690305,0.4154917885489079,1.0,1.0,0.6653124755326146,0.5432139144675081,0.43119831749606163,0.37318195657993974,0.33184235348690305,100
Real_100,Beta_tight_0_575,vincent,gap_0.3,0.43599381635090984,0.5161877864805989,1.0,1.0,0.7605575134913635,0.6419472653349889,0.5326976027106124,0.4762243310685675,0.43599381635090984,100
Real_100,Beta_tight_0_575,z_test,none,0.014788348967937015,0.032300612973998236,1.0,0.25,0.07494416730726211,0.04860368954072659,0.02917359645526413,0.02011740990374744,0.014788348967937015,100
Real_100,Beta_tight_0_597,e_value_constant_0.25,none,0.16500000000000004,0.44277500000000003,1.0,1.0,0.96,0.96,0.6299999999999999,0.31999999999999995,0.16500000000000004,100
Real_100,Beta_tight_0_597,e_value_constant_0.5,none,0.09999999999999996,0.28652500000000003,1.0,1.0,0.96,0.8,0.32499999999999996,0.18000000000000005,0.09999999999999996,100
Real_100,Beta_tight_0_597,e_value_wsr,none,0.04500000000000001,0.11442499999999999,1.0,1.0,0.32499999999999996,0.17500000000000007,0.09499999999999996,0.05999999999999993,0.04500000000000001,100
Real_100,Beta_tight_0_597,empirical_bernstein,none,0.10572862457196214,0.3243195948869468,1.0,1.0,1.0,0.8891665295657297,0.3903563577700654,0.20129407322410678,0.10572862457196214,100
Real_100,Beta_tight_0_597,hoeffding,none,0.1920645582639841,0.34398089631508233,1.0,1.0,0.8394013949400952,0.6073614619083052,0.38412911652796816,0.27162030314812396,0.1920645582639841,100
Real_100,Beta_tight_0_597,sequential_t_test,none,0.0375563169517949,0.08058082232083388,1.0,1.0,0.19919649905684533,0.10649104470988473,0.07041356319327104,0.050862242992607554,0.0375563169517949,100
Real_100,Beta_tight_0_597,sim2real,Sim_252,0.023906250000000018,0.08251796875,1.0,1.0,0.27125,0.15750000000000003,0.07015624999999998,0.03906249999999997,0.023906250000000018,100
Real_100,Beta_tight_0_597,sim2real,Sim_35,0.13500000000000006,0.1792750000000001,1.0,1.0,0.32499999999999996,0.22000000000000003,0.17000000000000004,0.14000000000000007,0.13500000000000006,100
Real_100,Beta_tight_0_597,sim2real,Sim_504,0.022499999999999992,0.08101328124999999,1.0,1.0,0.27281249999999996,0.15406250000000007,0.06749999999999995,0.03875000000000001,0.022499999999999992,100
Real_100,Beta_tight_0_597,sim2real,Sim_756,0.02328124999999998,0.08226718749999998,1.0,1.0,0.27265625,0.1576562500000001,0.0696874999999999,0.03906249999999994,0.02328124999999998,100
Real_100,Beta_tight_0_597,sim2real,Sim_7_biased,0.3400000000000001,0.38675,1.0,1.0,0.6499999999999997,0.47,0.37500000000000006,0.3400000000000001,0.3400000000000001,100
Real_100,Beta_tight_0_597,t_test,none,0.014907137026470285,0.03558558894008757,1.0,0.5,0.08068042404877795,0.05073967969231303,0.030656791976250316,0.021054230917559376,0.014907137026470285,100
Real_100,Beta_tight_0_597,vincent,gap_0.05,0.16979125820778174,0.2586183392757158,0.0,0.0,0.5174700518183133,0.39070304671404293,0.27393596970945217,0.21329876385022772,0.16979125820778174,100
Real_100,Beta_tight_0_597,vincent,gap_0.1,0.22476129231614522,0.31173892752576243,0.21,0.2,0.5673668336603435,0.4422388461575315,0.3271345920782175,0.26743907234778996,0.22476129231614522,100
Real_100,Beta_tight_0_597,vincent,gap_0.2,0.33195053340645025,0.4156008987113076,1.0,1.0,0.6654046663134201,0.5433311607167961,0.4313135383094738,0.3732898788743447,0.33195053340645025,100
Real_100,Beta_tight_0_597,vincent,gap_0.3,0.4361142134737321,0.5163039061336225,1.0,1.0,0.7606452123689464,0.6420565248982293,0.5328173299863743,0.4763398788563451,0.4361142134737321,100
Real_100,Beta_tight_0_597,z_test,none,0.014702563287012693,0.03217465541127688,1.0,0.25,0.07481017548831603,0.04845406004479868,0.029054678915199136,0.02000239350360422,0.014702563287012693,100
Real_100,Beta_tight_0_618,e_value_constant_0.25,none,0.16499999999999992,0.44115000000000004,1.0,1.0,0.96,0.96,0.6299999999999999,0.32499999999999996,0.16499999999999992,100
Real_100,Beta_tight_0_618,e_value_constant_0.5,none,0.1,0.28650000000000003,1.0,1.0,0.96,0.78,0.32499999999999996,0.16999999999999993,0.1,100
Real_100,Beta_tight_0_618,e_value_wsr,none,0.04500000000000005,0.11340000000000001,1.0,1.0,0.31999999999999995,0.18,0.09499999999999996,0.060000000000000074,0.04500000000000005,100
Real_100,Beta_tight_0_618,empirical_bernstein,none,0.10554765042780201,0.32310637132775655,1.0,1.0,1.0,0.8672914628575172,0.3898927886607428,0.20104590157578883,0.10554765042780201,100
Real_100,Beta_tight_0_618,hoeffding,none,0.1920645582639841,0.3432915298722049,1.0,1.0,0.8179287032125556,0.607361461908305,0.38412911652796816,0.27162030314812396,0.1920645582639841,100
Real_100,Beta_tight_0_618,sequential_t_test,none,0.037154819596544764,0.07992308787128254,1.0,1.0,0.1981337376701848,0.10567733300635096,0.06984585983790265,0.05040560077506889,0.037154819596544764,100
Real_100,Beta_tight_0_618,sim2real,Sim_252,0.024062500000000007,0.08259140625000004,1.0,1.0,0.271875,0.16234374999999993,0.07000000000000005,0.03828125000000002,0.024062500000000007,100
Real_100,Beta_tight_0_618,sim2real,Sim_35,0.12,0.18657500000000002,1.0,1.0,0.3399999999999999,0.22500000000000006,0.18499999999999997,0.155,0.12,100
Real_100,Beta_tight_0_618,sim2real,Sim_504,0.022656249999999954,0.08075546875,1.0,1.0,0.2735937499999999,0.15609375000000003,0.06609375000000003,0.038281250000000044,0.022656249999999954,100
Real_100,Beta_tight_0_618,sim2real,Sim_756,0.024062499999999983,0.08267187500000002,1.0,1.0,0.27234375000000005,0.16125000000000003,0.06953125,0.03937500000000005,0.024062499999999983,100
Real_100,Beta_tight_0_618,sim2real,Sim_7_biased,0.35999999999999993,0.406525,1.0,1.0,0.6850000000000002,0.49,0.38000000000000006,0.35999999999999993,0.35999999999999993,100
Real_100,Beta_tight_0_618,t_test,none,0.014752638060452572,0.03534768383961317,1.0,0.5,0.08004621460130572,0.050267277449779664,0.030372686212710002,0.020834008901041142,0.014752638060452572,100
Real_100,Beta_tight_0_618,vincent,gap_0.05,0.16982248478784384,0.2586668117925615,0.0,0.0,0.5175162311578233,0.39072543798548587,0.2739918609165573,0.21336662390441266,0.16982248478784384,100
Real_100,Beta_tight_0_618,vincent,gap_0.1,0.2247923407115589,0.3117848019807661,0.0,0.0,0.567410269916262,0.4422541336965217,0.3271825580938087,0.2675087394564244,0.2247923407115589,100
Real_100,Beta_tight_0_618,vincent,gap_0.2,0.33197581102707635,0.4156409605746186,1.0,1.0,0.6654308314017783,0.5433540611413253,0.43136496056911044,0.37335193805583033,0.33197581102707635,100
Real_100,Beta_tight_0_618,vincent,gap_0.3,0.43613220434933553,0.5163410352298932,1.0,1.0,0.7606804136219442,0.64207165385451,0.532871751478894,0.47639338863892916,0.43613220434933553,100
Real_100,Beta_tight_0_618,z_test,none,0.014586234434723233,0.03199122190368313,1.0,0.25,0.07452001038750716,0.04820344353099292,0.028874657544863958,0.01984707930793539,0.014586234434723233,100
Real_100,Beta_tight_0_640,e_value_constant_0.25,none,0.16499999999999992,0.438825,1.0,1.0,0.96,0.96,0.6299999999999999,0.32000000000000006,0.16499999999999992,100
Real_100,Beta_tight_0_640,e_value_constant_0.5,none,0.09000000000000004,0.2853,1.0,1.0,0.96,0.7600000000000001,0.32500000000000007,0.16999999999999993,0.09000000000000004,100
Real_100,Beta_tight_0_640,e_value_wsr,none,0.040000000000000036,0.11215000000000007,1.0,1.0,0.3299999999999999,0.17999999999999994,0.09500000000000007,0.060000000000000074,0.040000000000000036,100
Real_100,Beta_tight_0_640,empirical_bernstein,none,0.10532782117384111,0.3216427524193805,1.0,1.0,1.0,0.845341480254017,0.3893465211273871,0.20074066058564471,0.10532782117384111,100
Real_100,Beta_tight_0_640,hoeffding,none,0.1920645582639841,0.3424320436337267,1.0,1.0,0.7964340877450836,0.6073614619083052,0.38412911652796816,0.27162030314812396,0.1920645582639841,100
Real_100,Beta_tight_0_640,sequential_t_test,none,0.03667677194205221,0.07909506672764283,1.0,1.0,0.1966294142215974,0.10464188039449768,0.06913016431427738,0.04984439665039292,0.03667677194205221,100
Real_100,Beta_tight_0_640,sim2real,Sim_252,0.02234375000000011,0.08127265625000003,1.0,1.0,0.27265625000000004,0.15937499999999996,0.0681250000000001,0.03734375000000004,0.02234375000000011,100
Real_100,Beta_tight_0_640,sim2real,Sim_35,0.10499999999999997,0.16635000000000005,1.0,1.0,0.3399999999999999,0.22999999999999995,0.15500000000000003,0.12500000000000003,0.10499999999999997,100
Real_100,Beta_tight_0_640,sim2real,Sim_504,0.022499999999999964,0.08180234374999999,1.0,1.0,0.27671875,0.15828125,0.06718750000000005,0.03937500000000008,0.022499999999999964,100
Real_100,Beta_tight_0_640,sim2real,Sim_756,0.023906250000000018,0.08372890625000005,1.0,1.0,0.27374999999999994,0.16499999999999992,0.07031250000000003,0.03984374999999998,0.023906250000000018,100
Real_100,Beta_tight_0_640,sim2real,Sim_7_biased,0.38000000000000006,0.4272250000000002,1.0,1.0,0.71,0.51,0.3999999999999999,0.39,0.38000000000000006,100
Real_100,Beta_tight_0_640,t_test,none,0.014566763062179189,0.035045275202698074,1.0,0.75,0.07923914689327638,0.04969080234073381,0.03002332837797228,0.020568593434105272,0.014566763062179189,100
Real_100,Beta_tight_0_640,vincent,gap_0.05,0.1698063330285714,0.25864742930290896,0.0,0.0,0.5174927401772793,0.3906917757682494,0.27395947537098586,0.21334963757521982,0.1698063330285714,100
Real_100,Beta_tight_0_640,vincent,gap_0.1,0.224772165125102,0.3117594847591875,0.0,0.0,0.5673849390375065,0.4422195038766975,0.32714239653843724,0.26748411386750187,0.224772165125102,100
Real_100,Beta_tight_0_640,vincent,gap_0.2,0.33194816541939853,0.4156106199413714,1.0,1.0,0.6653991603299093,0.5433261181911517,0.4313313705911673,0.3733179788822807,0.33194816541939853,100
Real_100,Beta_tight_0_640,vincent,gap_0.3,0.43610219651056176,0.5163113602052318,1.0,1.0,0.7606667121693433,0.6420368200046007,0.532841986313032,0.47635713800270174,0.43610219651056176,100
Real_100,Beta_tight_0_640,z_test,none,0.014438331919633118,0.03174823927956115,1.0,0.5,0.07406755006343307,0.04784752795105046,0.028631279540091037,0.01965007776030714,0.014438331919633118,100
Real_100,Beta_tight_0_662,e_value_constant_0.25,none,0.16500000000000006,0.43642500000000006,1.0,1.0,0.96,0.96,0.6249999999999999,0.3199999999999999,0.16500000000000006,100
Real_100,Beta_tight_0_662,e_value_constant_0.5,none,0.08999999999999997,0.28425000000000006,1.0,1.0,0.96,0.7399999999999999,0.32499999999999984,0.16500000000000006,0.08999999999999997,100
Real_100,Beta_tight_0_662,e_value_wsr,none,0.040000000000000036,0.10972500000000002,1.0,1.0,0.31999999999999995,0.17999999999999994,0.09499999999999996,0.06000000000000002,0.040000000000000036,100
Real_100,Beta_tight_0_662,empirical_bernstein,none,0.10536155216181721,0.3194032064199074,1.0,1.0,1.0,0.8172539000999014,0.3888065865350715,0.20009065571385776,0.10536155216181721,100
Real_100,Beta_tight_0_662,hoeffding,none,0.1920645582639841,0.34134435397243057,1.0,1.0,0.7749164201856695,0.6073614619083052,0.38412911652796816,0.27162030314812396,0.1920645582639841,100
Real_100,Beta_tight_0_662,sequential_t_test,none,0.036471517370165074,0.07885171817974648,1.0,1.0,0.1816984516942333,0.10357172269935576,0.06935618758955753,0.04962059602620306,0.036471517370165074,100
Real_100,Beta_tight_0_662,sim2real,Sim_252,0.024375000000000063,0.08238437500000001,1.0,1.0,0.2765625,0.16031249999999986,0.06906250000000007,0.037812500000000054,0.024375000000000063,100
Real_100,Beta_tight_0_662,sim2real,Sim_35,0.09999999999999996,0.15390000000000004,1.0,1.0,0.355,0.21999999999999992,0.13500000000000006,0.10999999999999999,0.09999999999999996,100
Real_100,Beta_tight_0_662,sim2real,Sim_504,0.02296875000000004,0.08229921875,1.0,1.0,0.28203125,0.15921874999999996,0.06812499999999999,0.03906250000000003,0.02296875000000004,100
Real_100,Beta_tight_0_662,sim2real,Sim_756,0.0237500000000001,0.08431718750000002,1.0,1.0,0.27843750000000006,0.1659374999999999,0.07093750000000007,0.04031250000000006,0.0237500000000001,100
Real_100,Beta_tight_0_662,sim2real,Sim_7_biased,0.3999999999999999,0.45027500000000004,1.0,1.0,0.7399999999999999,0.545,0.42999999999999994,0.415,0.3999999999999999,100
Real_100,Beta_tight_0_662,t_test,none,0.0144798493142419,0.03327833436117818,1.0,0.5,0.07088384994668262,0.04615038830289186,0.029008200341591076,0.019960206217106757,0.0144798493142419,100
Real_100,Beta_tight_0_662,vincent,gap_0.05,0.16974547833971795,0.2585745857023403,0.0,0.0,0.5174091064224975,0.3905897140728504,0.2738665095867484,0.21327976485964523,0.16974547833971795,100
Real_100,Beta_tight_0_662,vincent,gap_0.1,0.22469865326172442,0.3116750123814991,0.0,0.0,0.5672994485463161,0.4421107801497736,0.3270386771172238,0.26739936443789675,0.22469865326172442,100
Real_100,Beta_tight_0_662,vincent,gap_0.2,0.33185301377748694,0.41551251747581186,1.0,1.0,0.665306862878121,0.5432263672053695,0.4312251883836005,0.37321449087492037,0.33185301377748694,100
Real_100,Beta_tight_0_662,vincent,gap_0.3,0.4359975338638382,0.5162091541263194,1.0,1.0,0.7605946135766769,0.6419279958972577,0.5327340349293902,0.4762466242362083,0.4359975338638382,100
Real_100,Beta_tight_0_662,z_test,none,0.013948746579740323,0.0312692464205167,0.75,0.5,0.07539266106266462,0.047723037276716444,0.027709781804416914,0.019023233271267814,0.013948746579740323,100
Real_100,Beta_tight_0_683,e_value_constant_0.25,none,0.17000000000000007,0.4332000000000001,1.0,1.0,0.96,0.96,0.6099999999999999,0.3199999999999999,0.17000000000000007,100
Real_100,Beta_tight_0_683,e_value_constant_0.5,none,0.08999999999999997,0.2825,1.0,1.0,0.96,0.7149999999999999,0.33,0.16500000000000006,0.08999999999999997,100
Real_100,Beta_tight_0_683,e_value_wsr,none,0.03999999999999993,0.11027499999999994,1.0,1.0,0.33000000000000007,0.17999999999999997,0.09499999999999996,0.05999999999999993,0.03999999999999993,100
Real_100,Beta_tight_0_683,empirical_bernstein,none,0.10506002474797775,0.31745459892736483,1.0,1.0,1.0,0.795775418511972,0.3879295528018892,0.19970832168942695,0.10506002474797775,100
Real_100,Beta_tight_0_683,hoeffding,none,0.1920645582639841,0.3394012809076827,1.0,1.0,0.7484956149650651,0.6073614619083051,0.3841291165279682,0.27162030314812396,0.1920645582639841,100
Real_100,Beta_tight_0_683,sequential_t_test,none,0.035729491039818206,0.07709631924178705,1.0,1.0,0.18514246581955487,0.1029831429338773,0.0679780249805737,0.048845024862437414,0.035729491039818206,100
Real_100,Beta_tight_0_683,sim2real,Sim_252,0.024062499999999903,0.08329218749999995,1.0,1.0,0.28562499999999996,0.16203124999999993,0.0682812499999999,0.03968749999999993,0.024062499999999903,100
Real_100,Beta_tight_0_683,sim2real,Sim_35,0.07999999999999996,0.13782500000000003,1.0,1.0,0.355,0.22499999999999998,0.13000000000000003,0.08499999999999996,0.07999999999999996,100
Real_100,Beta_tight_0_683,sim2real,Sim_504,0.022812499999999986,0.08288906249999993,1.0,0.75,0.28562500000000013,0.15921875,0.0689062499999999,0.03953124999999993,0.022812499999999986,100
Real_100,Beta_tight_0_683,sim2real,Sim_756,0.022968749999999954,0.08323320312499993,1.0,1.0,0.28375000000000006,0.16218749999999993,0.0699999999999999,0.039062499999999944,0.022968749999999954,100
Real_100,Beta_tight_0_683,sim2real,Sim_7_biased,0.42,0.47227499999999994,1.0,1.0,0.7750000000000001,0.5700000000000002,0.46,0.43999999999999984,0.42,100
Real_100,Beta_tight_0_683,t_test,none,0.014224288724775824,0.033410619066383214,1.0,0.5,0.06971832482962398,0.044945611801881065,0.028492099501887913,0.019571235004305576,0.014224288724775824,100
Real_100,Beta_tight_0_683,vincent,gap_0.05,0.16963451488847803,0.2584449978861696,0.0,0.0,0.5172513283966906,0.3904179811065476,0.27371012162095304,0.2131501876621447,0.16963451488847803,100
Real_100,Beta_tight_0_683,vincent,gap_0.1,0.22457086000948578,0.3115274474371467,0.0,0.0,0.5671407505248528,0.4419341478434757,0.32685913080918183,0.2672444352718854,0.22457086000948578,100
Real_100,Beta_tight_0_683,vincent,gap_0.2,0.3316914263105653,0.41534251008181383,1.0,1.0,0.6651493307993559,0.5430600116965355,0.4310292456617909,0.3730305582887037,0.3316914263105653,100
Real_100,Beta_tight_0_683,vincent,gap_0.3,0.4358121009190718,0.5160287814962367,1.0,1.0,0.7604630002512919,0.6417512074669872,0.5325353537810336,0.4760403062937857,0.4358121009190718,100
Real_100,Beta_tight_0_683,z_test,none,0.013751249764939744,0.030488452124544187,0.75,0.25,0.07075021990361885,0.04594670967675474,0.02701912949745738,0.01860532865447806,0.013751249764939744,100
Real_100,Beta_tight_0_705,e_value_constant_0.25,none,0.17500000000000007,0.42995,1.0,1.0,0.96,0.96,0.59,0.3199999999999999,0.17500000000000007,100
Real_100,Beta_tight_0_705,e_value_constant_0.5,none,0.09499999999999996,0.280475,1.0,1.0,0.96,0.6950000000000002,0.33,0.16500000000000006,0.09499999999999996,100
Real_100,Beta_tight_0_705,e_value_wsr,none,0.03999999999999993,0.11027499999999998,1.0,1.0,0.3350000000000001,0.18000000000000008,0.09499999999999996,0.06499999999999993,0.03999999999999993,100
Real_100,Beta_tight_0_705,empirical_bernstein,none,0.10470279901849792,0.3150124173398662,1.0,1.0,1.0,0.7737344049956016,0.3871420197147418,0.19921181554681586,0.10470279901849792,100
Real_100,Beta_tight_0_705,hoeffding,none,0.1920645582639841,0.33764089884748755,1.0,1.0,0.7270904166771534,0.5934162702528295,0.3841291165279682,0.27162030314812396,0.1920645582639841,100
Real_100,Beta_tight_0_705,sequential_t_test,none,0.035022328236971434,0.07583986560161722,1.0,1.0,0.18219216995860385,0.10121588121694254,0.06671534826338094,0.04790607086744359,0.035022328236971434,100
Real_100,Beta_tight_0_705,sim2real,Sim_252,0.024218749999999983,0.08347187499999997,1.0,1.0,0.29359375000000015,0.16390625000000003,0.06796874999999993,0.038437500000000006,0.024218749999999983,100
Real_100,Beta_tight_0_705,sim2real,Sim_35,0.12,0.161925,1.0,1.0,0.35999999999999993,0.21500000000000002,0.14500000000000005,0.11500000000000002,0.12,100
Real_100,Beta_tight_0_705,sim2real,Sim_504,0.02281249999999996,0.08291679687499993,1.0,0.75,0.29265624999999995,0.16156250000000008,0.06828125,0.03812499999999997,0.02281249999999996,100
Real_100,Beta_tight_0_705,sim2real,Sim_756,0.022968750000000045,0.08345859374999995,1.0,1.0,0.29109375000000004,0.1635937500000001,0.07062499999999988,0.03921874999999991,0.022968750000000045,100
Real_100,Beta_tight_0_705,sim2real,Sim_7_biased,0.43999999999999984,0.49319999999999986,1.0,1.0,0.7750000000000001,0.59,0.48,0.46,0.43999999999999984,100
Real_100,Beta_tight_0_705,t_test,none,0.01394256101687813,0.03297678653754677,1.0,0.75,0.06854497822422934,0.04424780835784525,0.0279809102816086,0.019172303688177128,0.01394256101687813,100
Real_100,Beta_tight_0_705,vincent,gap_0.05,0.16948356069144638,0.2582641808489542,0.0,0.0,0.517026389274835,0.3901761491261373,0.2734981942163462,0.21297580069991556,0.16948356069144638,100
Real_100,Beta_tight_0_705,vincent,gap_0.1,0.22438960722012122,0.3113219472944016,0.0,0.0,0.5669142351021612,0.44168595402704697,0.3266267400343271,0.2670384351880047,0.22438960722012122,100
Real_100,Beta_tight_0_705,vincent,gap_0.2,0.3314598857259265,0.4151056230049225,1.0,1.0,0.6649205481916419,0.5428217203923181,0.43077454766451284,0.37278694060967416,0.3314598857259265,100
Real_100,Beta_tight_0_705,vincent,gap_0.3,0.43555390523331655,0.5157804095679578,1.0,1.0,0.7602700085469662,0.6415030720473953,0.5322736531969777,0.4757807861002611,0.43555390523331655,100
Real_100,Beta_tight_0_705,z_test,none,0.01347994755506976,0.02997822532781988,0.75,0.25,0.0696686230711891,0.04510075687535526,0.02646796857363692,0.018211427555292314,0.01347994755506976,100
Real_100,Beta_tight_0_726,e_value_constant_0.25,none,0.16999999999999993,0.42590000000000006,1.0,1.0,0.96,0.96,0.5700000000000002,0.32,0.16999999999999993,100
Real_100,Beta_tight_0_726,e_value_constant_0.5,none,0.09999999999999996,0.27824999999999994,1.0,1.0,0.96,0.67,0.3350000000000001,0.16999999999999996,0.09999999999999996,100
Real_100,Beta_tight_0_726,e_value_wsr,none,0.040000000000000036,0.11155000000000008,1.0,1.0,0.345,0.18500000000000008,0.09499999999999996,0.06999999999999998,0.040000000000000036,100
Real_100,Beta_tight_0_726,empirical_bernstein,none,0.10439790136896607,0.31309036042806965,1.0,1.0,1.0,0.7560166747013933,0.3867546969253106,0.19930237211661275,0.10439790136896607,100
Real_100,Beta_tight_0_726,hoeffding,none,0.1920645582639841,0.3355618291544993,1.0,1.0,0.701380544671334,0.5750384824690213,0.38412911652796816,0.27162030314812396,0.1920645582639841,100
Real_100,Beta_tight_0_726,sequential_t_test,none,0.03423324442561282,0.07404077627455367,1.0,1.0,0.17721807746918064,0.09821066347399793,0.0653306987462764,0.046886969553414606,0.03423324442561282,100
Real_100,Beta_tight_0_726,sim2real,Sim_252,0.02343750000000008,0.08379921875000004,1.0,0.75,0.30281250000000004,0.16624999999999995,0.06874999999999992,0.03890625000000009,0.02343750000000008,100
Real_100,Beta_tight_0_726,sim2real,Sim_35,0.10000000000000007,0.15125000000000005,1.0,1.0,0.35999999999999993,0.22499999999999998,0.13500000000000006,0.10500000000000005,0.10000000000000007,100
Real_100,Beta_tight_0_726,sim2real,Sim_504,0.022968749999999982,0.08366250000000001,1.0,0.75,0.30187499999999995,0.16562500000000008,0.06859374999999995,0.039218749999999976,0.022968749999999982,100
Real_100,Beta_tight_0_726,sim2real,Sim_756,0.023437499999999972,0.08488437500000004,1.0,1.0,0.3009375,0.17140625000000007,0.07156249999999992,0.03953124999999999,0.023437499999999972,100
Real_100,Beta_tight_0_726,sim2real,Sim_7_biased,0.46,0.5146499999999999,1.0,1.0,0.7650000000000001,0.6149999999999999,0.5,0.48,0.46,100
Real_100,Beta_tight_0_726,t_test,none,0.013622146955446002,0.03396934022895847,1.0,1.0,0.06723971043541743,0.043494954556090815,0.027370250919060365,0.01871433899712155,0.013622146955446002,100
Real_100,Beta_tight_0_726,vincent,gap_0.05,0.16928628537617738,0.25802745946069505,0.0,0.0,0.5167168536656084,0.38986379497046686,0.2732231262317585,0.21274584735283117,0.16928628537617738,100
Real_100,Beta_tight_0_726,vincent,gap_0.1,0.22414989234224547,0.31105434155056616,0.0,0.0,0.5666043341466626,0.44136567685658173,0.32632920593775483,0.2667708120655995,0.22414989234224547,100
Real_100,Beta_tight_0_726,vincent,gap_0.2,0.3311591394520822,0.4147976116925504,1.0,1.0,0.6646216387252819,0.542500703558564,0.43044201549912486,0.37247326183667745,0.3311591394520822,100
Real_100,Beta_tight_0_726,vincent,gap_0.3,0.4352174786350044,0.5154565317606132,1.0,1.0,0.7600203925271224,0.6411832929108418,0.5319343003877275,0.47544283769056855,0.4352174786350044,100
Real_100,Beta_tight_0_726,z_test,none,0.013182462012318819,0.029836463606995343,0.75,0.25,0.06953815658205881,0.04490694879698987,0.026007404480888726,0.017771377565630297,0.013182462012318819,100
Real_100,Beta_tight_0_748,e_value_constant_0.25,none,0.16999999999999993,0.421225,1.0,1.0,0.96,0.96,0.545,0.3200000000000001,0.16999999999999993,100
Real_100,Beta_tight_0_748,e_value_constant_0.5,none,0.10000000000000007,0.27592500000000003,1.0,1.0,0.96,0.6499999999999999,0.3300000000000001,0.16999999999999993,0.10000000000000007,100
Real_100,Beta_tight_0_748,e_value_wsr,none,0.04500000000000005,0.11532500000000008,1.0,1.0,0.3449999999999999,0.18500000000000003,0.095,0.07000000000000008,0.04500000000000005,100
Real_100,Beta_tight_0_748,empirical_bernstein,none,0.10395627508279986,0.31000477662728215,1.0,1.0,1.0,0.7338197835984469,0.38585023093597975,0.19868046316789234,0.10395627508279986,100
Real_100,Beta_tight_0_748,hoeffding,none,0.1920645582639841,0.3330272893271289,1.0,1.0,0.6801063723416619,0.5535354955332852,0.38412911652796816,0.27162030314812396,0.1920645582639841,100
Real_100,Beta_tight_0_748,sequential_t_test,none,0.03230733047517698,0.06844160332277918,1.0,1.0,0.1481803815841375,0.10027662388851176,0.06229139906926962,0.04530455638764786,0.03230733047517698,100
Real_100,Beta_tight_0_748,sim2real,Sim_252,0.024062500000000046,0.08608750000000003,1.0,1.0,0.31515624999999997,0.17375,0.0723437500000001,0.04078124999999999,0.024062500000000046,100
Real_100,Beta_tight_0_748,sim2real,Sim_35,0.08000000000000007,0.13655000000000006,1.0,1.0,0.35,0.21499999999999994,0.13499999999999995,0.09000000000000007,0.08000000000000007,100
Real_100,Beta_tight_0_748,sim2real,Sim_504,0.023750000000000018,0.084521875,1.0,1.0,0.31406249999999997,0.16765625000000006,0.06968750000000004,0.040000000000000036,0.023750000000000018,100
Real_100,Beta_tight_0_748,sim2real,Sim_756,0.022812500000000076,0.08473007812500002,1.0,1.0,0.3104687499999999,0.1729687499999999,0.07156250000000008,0.039375000000000104,0.022812500000000076,100
Real_100,Beta_tight_0_748,sim2real,Sim_7_biased,0.485,0.5357749999999999,1.0,1.0,0.7600000000000001,0.6399999999999999,0.52,0.5,0.485,100
Real_100,Beta_tight_0_748,t_test,none,0.013039040402581192,0.03321249655230974,1.0,1.0,0.06576244292243516,0.04258012667420353,0.026703968359205462,0.018238538385097258,0.013039040402581192,100
Real_100,Beta_tight_0_748,vincent,gap_0.05,0.16903874729630483,0.25773440951183985,0.0,0.0,0.516332960587784,0.38948221730775595,0.27288685844849847,0.2124592256181314,0.16903874729630483,100
Real_100,Beta_tight_0_748,vincent,gap_0.1,0.22384812432935544,0.31072395621595816,0.0,0.0,0.5662210729631862,0.4409708008545243,0.3259630436195845,0.2664419636172705,0.22384812432935544,100
Real_100,Beta_tight_0_748,vincent,gap_0.2,0.33077921949182815,0.41441682946509834,0.99,0.99,0.6642574856734875,0.5421034219735311,0.4300310713733366,0.3720846947830734,0.33077921949182815,100
Real_100,Beta_tight_0_748,vincent,gap_0.3,0.43478969217114966,0.5150540356109221,1.0,1.0,0.7597110426130164,0.640789747073826,0.5315147397310486,0.4750233185320601,0.43478969217114966,100
Real_100,Beta_tight_0_748,z_test,none,0.01301050307236018,0.029559415601373283,1.0,0.25,0.06775574633752646,0.04549113584157932,0.02630876558396344,0.017936921333626565,0.01301050307236018,100
Real_100,Beta_tight_0_769,e_value_constant_0.25,none,0.17,0.41585,1.0,1.0,0.96,0.96,0.525,0.3199999999999999,0.17,100
Real_100,Beta_tight_0_769,e_value_constant_0.5,none,0.09999999999999996,0.27322500000000005,1.0,1.0,0.96,0.6249999999999999,0.3350000000000001,0.16999999999999996,0.09999999999999996,100
Real_100,Beta_tight_0_769,e_value_wsr,none,0.04500000000000005,0.11605000000000004,1.0,1.0,0.34,0.18499999999999994,0.09500000000000007,0.055000000000000056,0.04500000000000005,100
Real_100,Beta_tight_0_769,empirical_bernstein,none,0.10344008454506373,0.3065061371187641,1.0,1.0,1.0,0.7131243622212328,0.3842790243382771,0.1978809042008314,0.10344008454506373,100
Real_100,Beta_tight_0_769,hoeffding,none,0.1920645582639841,0.32938638278226234,1.0,1.0,0.655475196540973,0.5316424297593966,0.38412911652796816,0.27162030314812396,0.1920645582639841,100
Real_100,Beta_tight_0_769,sequential_t_test,none,0.031237283306983107,0.06856350052834803,1.0,1.0,0.16103129788273557,0.09919790802234511,0.0607379734122871,0.04383827744412816,0.031237283306983107,100
Real_100,Beta_tight_0_769,sim2real,Sim_252,0.022812499999999954,0.084590625,1.0,0.75,0.3215624999999999,0.16984375,0.07031250000000014,0.03890625000000003,0.022812499999999954,100
Real_100,Beta_tight_0_769,sim2real,Sim_35,0.060000000000000074,0.12212500000000003,1.0,1.0,0.35,0.20499999999999993,0.115,0.07999999999999999,0.060000000000000074,100
Real_100,Beta_tight_0_769,sim2real,Sim_504,0.02343750000000006,0.08623398437500004,1.0,1.0,0.32265625,0.1756249999999999,0.07265624999999995,0.03921875000000006,0.02343750000000006,100
Real_100,Beta_tight_0_769,sim2real,Sim_756,0.02312500000000012,0.08611132812500003,1.0,1.0,0.323125,0.17828125000000003,0.07390625000000005,0.03937499999999999,0.02312500000000012,100
Real_100,Beta_tight_0_769,sim2real,Sim_7_biased,0.515,0.555075,1.0,1.0,0.7600000000000001,0.6449999999999999,0.5449999999999999,0.52,0.515,100
Real_100,Beta_tight_0_769,t_test,none,0.01265400077949591,0.034812073296924005,1.0,1.0,0.07006289272064331,0.044086349446874395,0.026157511061998876,0.017725796311768183,0.01265400077949591,100
Real_100,Beta_tight_0_769,vincent,gap_0.05,0.1687512241889772,0.2573820710728033,0.0,0.0,0.5158658451417939,0.38902471368324454,0.2724871183614411,0.21210778612656245,0.1687512241889772,100
Real_100,Beta_tight_0_769,vincent,gap_0.1,0.2234887080932333,0.3103253383741423,0.0,0.0,0.5657553918665247,0.44049750580318586,0.3255250760872767,0.2660398255778791,0.2234887080932333,100
Real_100,Beta_tight_0_769,vincent,gap_0.2,0.3303253205981843,0.41395598484715557,0.64,0.63,0.6638169598446656,0.5416249626211976,0.42953972681699043,0.37160567648908943,0.3303253205981843,100
Real_100,Beta_tight_0_769,vincent,gap_0.3,0.4342778199991998,0.5145624773994377,1.0,1.0,0.7593314681960702,0.6403181798323045,0.5310107355241787,0.4745031184106673,0.4342778199991998,100
Real_100,Beta_tight_0_769,z_test,none,0.01257178163263839,0.02867396644104879,1.0,0.5,0.06716722467096292,0.04512784353714593,0.025344475788567356,0.017416621640284624,0.01257178163263839,100
Real_100,Beta_tight_0_791,e_value_constant_0.25,none,0.17000000000000007,0.40912499999999996,1.0,1.0,0.96,0.96,0.505,0.3199999999999999,0.17000000000000007,100
Real_100,Beta_tight_0_791,e_value_constant_0.5,none,0.09999999999999996,0.27025,1.0,1.0,0.96,0.605,0.32499999999999996,0.17000000000000007,0.09999999999999996,100
Real_100,Beta_tight_0_791,e_value_wsr,none,0.04500000000000001,0.11860000000000001,1.0,1.0,0.35,0.18999999999999992,0.09499999999999996,0.05999999999999993,0.04500000000000001,100
Real_100,Beta_tight_0_791,empirical_bernstein,none,0.10288494710332058,0.30229484360179926,1.0,1.0,1.0,0.6893790274754596,0.382968097269998,0.19706098495520932,0.10288494710332058,100
Real_100,Beta_tight_0_791,hoeffding,none,0.1920645582639841,0.3255910052120946,1.0,1.0,0.6339759093547723,0.5120365775998581,0.38412911652796816,0.27162030314812396,0.1920645582639841,100
Real_100,Beta_tight_0_791,sequential_t_test,none,0.030135063225987305,0.06694472866837063,1.0,1.0,0.15627081428383538,0.09621266564686104,0.05885471616833876,0.04234109875733183,0.030135063225987305,100
Real_100,Beta_tight_0_791,sim2real,Sim_252,0.022968750000000034,0.084324609375,1.0,1.0,0.3335937499999999,0.17203124999999986,0.07015625000000016,0.03812499999999999,0.022968750000000034,100
Real_100,Beta_tight_0_791,sim2real,Sim_35,0.05499999999999993,0.11437499999999998,1.0,1.0,0.355,0.19499999999999992,0.09999999999999996,0.06499999999999993,0.05499999999999993,100
Real_100,Beta_tight_0_791,sim2real,Sim_504,0.02343750000000003,0.08480820312500002,1.0,1.0,0.3348437499999998,0.17234374999999993,0.07234375000000007,0.03859375000000007,0.02343750000000003,100
Real_100,Beta_tight_0_791,sim2real,Sim_756,0.022656250000000072,0.08586992187500002,1.0,1.0,0.33281249999999996,0.17812499999999998,0.07281250000000006,0.03906250000000008,0.022656250000000072,100
Real_100,Beta_tight_0_791,sim2real,Sim_7_biased,0.535,0.5749999999999998,1.0,1.0,0.7600000000000001,0.67,0.565,0.5399999999999999,0.535,100
Real_100,Beta_tight_0_791,t_test,none,0.012225409068273074,0.03323546363805482,1.0,1.0,0.06770030087519274,0.043819683163895284,0.025164688296578648,0.017045973679837345,0.012225409068273074,100
Real_100,Beta_tight_0_791,vincent,gap_0.05,0.1684112628984221,0.2569708097858978,0.0,0.0,0.5153168222307357,0.38848604958869265,0.2720229722727376,0.2117054466294693,0.1684112628984221,100
Real_100,Beta_tight_0_791,vincent,gap_0.1,0.22307375035469662,0.30986061504687684,0.0,0.0,0.5652086047668401,0.4399384418259369,0.32501123553148303,0.26557912300651565,0.22307375035469662,100
Real_100,Beta_tight_0_791,vincent,gap_0.2,0.32980822612182636,0.4134215601379154,0.01,0.0,0.6633019741983194,0.5410596048140355,0.42896324857977086,0.3710621585922857,0.32980822612182636,100
Real_100,Beta_tight_0_791,vincent,gap_0.3,0.4336958705342136,0.5139962918752311,1.0,1.0,0.7588840846515407,0.6397614005122247,0.5304208711331466,0.4739154902832017,0.4336958705342136,100
Real_100,Beta_tight_0_791,z_test,none,0.012121284578160418,0.027742003912409826,1.0,0.5,0.062242250450164904,0.04345474117096715,0.024344395994961906,0.01679305126646935,0.012121284578160418,100
Real_100,Beta_tight_0_812,e_value_constant_0.25,none,0.16500000000000006,0.40149999999999997,1.0,1.0,0.96,0.96,0.485,0.3199999999999999,0.16500000000000006,100
Real_100,Beta_tight_0_812,e_value_constant_0.5,none,0.09999999999999996,0.26675,1.0,1.0,0.96,0.585,0.3199999999999999,0.17000000000000007,0.09999999999999996,100
Real_100,Beta_tight_0_812,e_value_wsr,none,0.05499999999999993,0.11934999999999998,1.0,1.0,0.35,0.18999999999999992,0.09499999999999996,0.05999999999999993,0.05499999999999993,100
Real_100,Beta_tight_0_812,empirical_bernstein,none,0.10225585614525036,0.2976568526946537,1.0,1.0,1.0,0.6668365176710692,0.3784669055507057,0.19617268083865885,0.10225585614525036,100
Real_100,Beta_tight_0_812,hoeffding,none,0.1920645582639841,0.3207204164102819,1.0,1.0,0.6127833190915021,0.4905443882353183,0.3769169642784778,0.27162030314812396,0.1920645582639841,100
Real_100,Beta_tight_0_812,sequential_t_test,none,0.029166132705187923,0.06510221091092355,1.0,1.0,0.14008754709200852,0.09238986544843153,0.056397987360167316,0.041297854866120254,0.029166132705187923,100
Real_100,Beta_tight_0_812,sim2real,Sim_252,0.022187499999999975,0.08419804687499993,1.0,1.0,0.34578125,0.17593749999999997,0.07031250000000003,0.03781249999999989,0.022187499999999975,100
Real_100,Beta_tight_0_812,sim2real,Sim_35,0.05499999999999993,0.11165000000000003,1.0,1.0,0.37,0.19999999999999993,0.09499999999999996,0.05999999999999993,0.05499999999999993,100
Real_100,Beta_tight_0_812,sim2real,Sim_504,0.023124999999999892,0.08539999999999992,1.0,1.0,0.34171875000000007,0.17749999999999996,0.07234374999999994,0.03890624999999992,0.023124999999999892,100
Real_100,Beta_tight_0_812,sim2real,Sim_756,0.02281249999999985,0.08564765624999993,1.0,1.0,0.34515625,0.18093749999999992,0.0726562499999999,0.03890625,0.02281249999999985,100
Real_100,Beta_tight_0_812,sim2real,Sim_7_biased,0.5549999999999999,0.59575,1.0,1.0,0.7600000000000001,0.6900000000000002,0.585,0.5599999999999999,0.5549999999999999,100
Real_100,Beta_tight_0_812,t_test,none,0.011725238882578148,0.03211481394799973,1.0,1.0,0.06526744240987264,0.04223169285792478,0.02417433260564816,0.01633927107264249,0.011725238882578148,100
Real_100,Beta_tight_0_812,vincent,gap_0.05,0.16799925644472488,0.2564938466200374,0.0,0.0,0.5146855075710949,0.38786015910446253,0.2714868743490749,0.21124157751801156,0.16799925644472488,100
Real_100,Beta_tight_0_812,vincent,gap_0.1,0.22257725369910022,0.3093236395910819,0.0,0.0,0.5645790866652368,0.43929181802949835,0.3244201909602399,0.2650473525541636,0.22257725369910022,100
Real_100,Beta_tight_0_812,vincent,gap_0.2,0.3291905508013051,0.4128035587967965,0.0,0.0,0.6627038647033717,0.5404067183910732,0.42829901749371685,0.37043295562335676,0.3291905508013051,100
Real_100,Beta_tight_0_812,vincent,gap_0.3,0.43300020371027975,0.5133416853900603,1.0,1.0,0.7583672423916735,0.6391168125648036,0.5297396673834711,0.4732370439125948,0.43300020371027975,100
Real_100,Beta_tight_0_812,z_test,none,0.01168548982743578,0.02692357848908262,1.0,0.5,0.06007026256488301,0.04205898843536576,0.023469268957615474,0.016158180073114092,0.01168548982743578,100
Real_100,Beta_tight_0_834,e_value_constant_0.25,none,0.16500000000000006,0.39220000000000005,1.0,1.0,0.96,0.96,0.4549999999999999,0.2999999999999999,0.16500000000000006,100
Real_100,Beta_tight_0_834,e_value_constant_0.5,none,0.08999999999999997,0.2621,1.0,1.0,0.96,0.5650000000000002,0.3049999999999999,0.17000000000000007,0.08999999999999997,100
Real_100,Beta_tight_0_834,e_value_wsr,none,0.05499999999999993,0.120625,1.0,1.0,0.35,0.185,0.09499999999999996,0.05999999999999993,0.05499999999999993,100
Real_100,Beta_tight_0_834,empirical_bernstein,none,0.1015729787075914,0.29235471226656423,1.0,1.0,1.0,0.6437395469238675,0.35670114254302665,0.19521094425676555,0.1015729787075914,100
Real_100,Beta_tight_0_834,hoeffding,none,0.1920645582639841,0.31472131848386803,1.0,1.0,0.5932691701770487,0.4692893788636935,0.3555021258073087,0.27162030314812396,0.1920645582639841,100
Real_100,Beta_tight_0_834,sequential_t_test,none,0.028275988066577166,0.06335430910735655,1.0,1.0,0.13348393263983988,0.08985933431565844,0.05426023326684763,0.03987227101026597,0.028275988066577166,100
Real_100,Beta_tight_0_834,sim2real,Sim_252,0.02359375,0.08823945312499998,1.0,1.0,0.3628124999999999,0.1909374999999999,0.07406249999999995,0.03984374999999993,0.02359375,100
Real_100,Beta_tight_0_834,sim2real,Sim_35,0.07499999999999996,0.12332499999999999,1.0,1.0,0.375,0.19999999999999996,0.09499999999999996,0.07499999999999996,0.07499999999999996,100
Real_100,Beta_tight_0_834,sim2real,Sim_504,0.02359375000000008,0.08695781249999995,1.0,1.0,0.35703125,0.1853125,0.07218749999999999,0.0398437499999999,0.02359375000000008,100
Real_100,Beta_tight_0_834,sim2real,Sim_756,0.023437500000000028,0.08791601562499997,1.0,1.0,0.36046874999999984,0.18921874999999994,0.07437499999999991,0.04015624999999998,0.023437500000000028,100
Real_100,Beta_tight_0_834,sim2real,Sim_7_biased,0.58,0.6156,1.0,1.0,0.7600000000000001,0.7149999999999999,0.6149999999999999,0.58,0.58,100
Real_100,Beta_tight_0_834,t_test,none,0.011160874390334863,0.030677965544171702,1.0,0.75,0.05922119751399513,0.04020172936254157,0.023319237907788892,0.015840225112755624,0.011160874390334863,100
Real_100,Beta_tight_0_834,vincent,gap_0.05,0.1675380660944473,0.2559407209736212,0.0,0.0,0.5139602159935568,0.38715138939563837,0.2708539056816289,0.21068060619805407,0.1675380660944473,100
Real_100,Beta_tight_0_834,vincent,gap_0.1,0.2220177582305139,0.30870357111998986,0.0,0.0,0.563857527814113,0.4385568763582897,0.3237265729722404,0.2644091456595093,0.2220177582305139,100
Real_100,Beta_tight_0_834,vincent,gap_0.2,0.3285027590451005,0.4120945257801158,0.0,0.0,0.6620322095187834,0.539664988838624,0.4275345086316438,0.3696799305762162,0.3285027590451005,100
Real_100,Beta_tight_0_834,vincent,gap_0.3,0.43223942693628314,0.5125966415401998,1.0,1.0,0.7577866986408109,0.6383844872569425,0.5289622799395961,0.47242007888356335,0.43223942693628314,100
Real_100,Beta_tight_0_834,z_test,none,0.010919440760778831,0.02591049183194251,1.0,0.5,0.05754309461155588,0.04108335381325156,0.022461488853971864,0.015203104440584814,0.010919440760778831,100
Real_100,Beta_tight_0_855,e_value_constant_0.25,none,0.16499999999999992,0.381,1.0,1.0,0.96,0.9449999999999996,0.42999999999999994,0.28000000000000014,0.16499999999999992,100
Real_100,Beta_tight_0_855,e_value_constant_0.5,none,0.09000000000000002,0.256575,1.0,1.0,0.96,0.545,0.2850000000000001,0.16999999999999993,0.09000000000000002,100
Real_100,Beta_tight_0_855,e_value_wsr,none,0.055000000000000056,0.12065000000000005,1.0,1.0,0.35000000000000014,0.19000000000000006,0.09499999999999996,0.060000000000000074,0.055000000000000056,100
Real_100,Beta_tight_0_855,empirical_bernstein,none,0.10077211920786677,0.2861032503107015,1.0,1.0,1.0,0.6208918588119656,0.3344318359360701,0.19407499387560292,0.10077211920786677,100
Real_100,Beta_tight_0_855,hoeffding,none,0.1920645582639841,0.30671305358661705,1.0,1.0,0.5720285330044781,0.4478003705998295,0.33410369373750093,0.27162030314812396,0.1920645582639841,100
Real_100,Beta_tight_0_855,sequential_t_test,none,0.02676081184880574,0.060483886292149076,1.0,1.0,0.1269376243015002,0.08570380026264562,0.05143357902141728,0.03774459209117326,0.02676081184880574,100
Real_100,Beta_tight_0_855,sim2real,Sim_252,0.022812500000000045,0.08796445312500001,1.0,1.0,0.3756250000000001,0.19390625,0.0737499999999999,0.03984375000000001,0.022812500000000045,100
Real_100,Beta_tight_0_855,sim2real,Sim_35,0.09499999999999996,0.13910000000000006,1.0,1.0,0.3949999999999999,0.2000000000000001,0.09999999999999996,0.09999999999999996,0.09499999999999996,100
Real_100,Beta_tight_0_855,sim2real,Sim_504,0.023437500000000028,0.08718906250000001,1.0,1.0,0.36890624999999994,0.18843750000000012,0.07171875000000003,0.03937500000000008,0.023437500000000028,100
Real_100,Beta_tight_0_855,sim2real,Sim_756,0.022656250000000072,0.08762734375000003,1.0,1.0,0.3712500000000001,0.19359375,0.07374999999999995,0.03937500000000003,0.022656250000000072,100
Real_100,Beta_tight_0_855,sim2real,Sim_7_biased,0.6,0.6349999999999999,1.0,1.0,0.7600000000000001,0.7199999999999999,0.6399999999999999,0.605,0.6,100
Real_100,Beta_tight_0_855,t_test,none,0.010534870551523912,0.02919261026053918,1.0,0.75,0.0563848512089451,0.03818688807969999,0.02204721131237963,0.01495351536962597,0.010534870551523912,100
Real_100,Beta_tight_0_855,vincent,gap_0.05,0.16700989557820103,0.2553236927926037,0.0,0.0,0.5131441391884435,0.3863583676068302,0.2701652622068251,0.21008593964858147,0.16700989557820103,100
Real_100,Beta_tight_0_855,vincent,gap_0.1,0.22138135506945278,0.30801030577263555,0.0,0.0,0.5630450067332399,0.4377354813372165,0.3229630298793334,0.26372872884208126,0.22138135506945278,100
Real_100,Beta_tight_0_855,vincent,gap_0.2,0.3277093763030436,0.4112953162123598,0.0,0.0,0.6612710981671399,0.538828023468388,0.4266815767371831,0.36887288059656725,0.3277093763030436,100
Real_100,Beta_tight_0_855,vincent,gap_0.3,0.4313555325942992,0.5117508388787307,0.87,0.85,0.7571288404163162,0.63756642413679,0.5280846374953557,0.47154806552262635,0.4313555325942992,100
Real_100,Beta_tight_0_855,z_test,none,0.010321693223286743,0.024895675712928562,1.0,0.5,0.05489450980311844,0.039163977289375596,0.021327774081622453,0.014403085417341421,0.010321693223286743,100
Real_100,Beta_tight_0_877,e_value_constant_0.25,none,0.15999999999999992,0.36732499999999996,1.0,1.0,0.96,0.92,0.41,0.26,0.15999999999999992,100
Real_100,Beta_tight_0_877,e_value_constant_0.5,none,0.08500000000000008,0.2499,1.0,1.0,0.96,0.525,0.265,0.16999999999999993,0.08500000000000008,100
Real_100,Beta_tight_0_877,e_value_wsr,none,0.04500000000000003,0.11632500000000004,1.0,1.0,0.34,0.19000000000000006,0.08500000000000003,0.060000000000000074,0.04500000000000003,100
Real_100,Beta_tight_0_877,empirical_bernstein,none,0.0998600709281774,0.27851793460347735,1.0,1.0,1.0,0.5964077572733284,0.3117348358230682,0.19274420885413487,0.0998600709281774,100
Real_100,Beta_tight_0_877,hoeffding,none,0.1920645582639841,0.29597503694852256,1.0,1.0,0.5509479868856434,0.4262814791627834,0.3128447321362793,0.2591520792095853,0.1920645582639841,100
Real_100,Beta_tight_0_877,sequential_t_test,none,0.025145951977491084,0.05777924412980399,1.0,1.0,0.12184424663859182,0.07819541699627619,0.04721042574480749,0.03488119352824387,0.025145951977491084,100
Real_100,Beta_tight_0_877,sim2real,Sim_252,0.022187499999999975,0.0877953125,1.0,1.0,0.38781250000000006,0.1998437500000002,0.07281250000000017,0.03875000000000006,0.022187499999999975,100
Real_100,Beta_tight_0_877,sim2real,Sim_35,0.11000000000000001,0.15292500000000006,1.0,1.0,0.4049999999999999,0.21000000000000008,0.12,0.115,0.11000000000000001,100
Real_100,Beta_tight_0_877,sim2real,Sim_504,0.022499999999999996,0.08755664062500002,1.0,1.0,0.3821875,0.19531250000000008,0.07203125000000002,0.03906250000000003,0.022499999999999996,100
Real_100,Beta_tight_0_877,sim2real,Sim_756,0.02218750000000003,0.08795703125000003,1.0,1.0,0.38250000000000023,0.19921875000000008,0.07343750000000003,0.03890625000000009,0.02218750000000003,100
Real_100,Beta_tight_0_877,sim2real,Sim_7_biased,0.6199999999999999,0.6535500000000001,1.0,1.0,0.7600000000000001,0.7199999999999999,0.66,0.6299999999999999,0.6199999999999999,100
Real_100,Beta_tight_0_877,t_test,none,0.009824583101282147,0.027869207296016565,1.0,1.0,0.05360390802373027,0.03567237909651522,0.020666873133910125,0.013984991740402408,0.009824583101282147,100
Real_100,Beta_tight_0_877,vincent,gap_0.05,0.16643028501007312,0.2546344098645452,0.0,0.0,0.5122204842008997,0.3854710568261163,0.2693874938114516,0.20941544240084428,0.16643028501007312,100
Real_100,Beta_tight_0_877,vincent,gap_0.1,0.22068077159702262,0.30723511247082125,0.0,0.0,0.5621255327938597,0.43680963424382424,0.32210803148224626,0.2629606017850658,0.22068077159702262,100
Real_100,Beta_tight_0_877,vincent,gap_0.2,0.3268316535835475,0.4104008752715329,0.0,0.0,0.6604098982860536,0.5378778856934708,0.42571984225151127,0.3679627373230657,0.3268316535835475,100
Real_100,Beta_tight_0_877,vincent,gap_0.3,0.43037706485586374,0.5108033909073676,0.0,0.0,0.7563815227602184,0.6366448265124603,0.5270930707462136,0.47056032234001144,0.43037706485586374,100
Real_100,Beta_tight_0_877,z_test,none,0.009780683483603503,0.023823411457480778,1.0,0.5,0.051582181854338945,0.036980138401288117,0.020100898310465798,0.013488903559582321,0.009780683483603503,100
Real_100,Beta_tight_0_898,e_value_constant_0.25,none,0.16000000000000006,0.348925,1.0,1.0,0.96,0.9000000000000005,0.395,0.24,0.16000000000000006,100
Real_100,Beta_tight_0_898,e_value_constant_0.5,none,0.07999999999999996,0.2404750000000001,1.0,1.0,0.96,0.5,0.245,0.16000000000000006,0.07999999999999996,100
Real_100,Beta_tight_0_898,e_value_wsr,none,0.04500000000000003,0.11435000000000002,1.0,1.0,0.3299999999999999,0.18999999999999997,0.08500000000000008,0.060000000000000074,0.04500000000000003,100
Real_100,Beta_tight_0_898,empirical_bernstein,none,0.0988633189361424,0.2698227310930125,1.0,1.0,1.0,0.5728654429694053,0.2894378836098708,0.19117413611095987,0.0988633189361424,100
Real_100,Beta_tight_0_898,hoeffding,none,0.1920645582639841,0.2819925626247653,1.0,1.0,0.5358876037125775,0.4069662003943882,0.2935431167144509,0.2384846659153599,0.1920645582639841,100
Real_100,Beta_tight_0_898,sequential_t_test,none,0.02304476829309216,0.04860795769949331,1.0,1.0,0.08119649854214522,0.06835986151281787,0.040982877981437904,0.031534443120155305,0.02304476829309216,100
Real_100,Beta_tight_0_898,sim2real,Sim_252,0.02171874999999998,0.08773281250000002,1.0,1.0,0.39640625,0.20281250000000012,0.0721875000000001,0.03796874999999999,0.02171874999999998,100
Real_100,Beta_tight_0_898,sim2real,Sim_35,0.10000000000000007,0.14812500000000003,1.0,1.0,0.3999999999999999,0.21999999999999992,0.12499999999999999,0.10000000000000007,0.10000000000000007,100
Real_100,Beta_tight_0_898,sim2real,Sim_504,0.022500000000000017,0.08925468750000004,1.0,1.0,0.405625,0.2084375000000001,0.07343750000000016,0.03906250000000003,0.022500000000000017,100
Real_100,Beta_tight_0_898,sim2real,Sim_756,0.02359374999999997,0.08760039062500001,1.0,1.0,0.38593749999999993,0.1904687500000001,0.07156250000000007,0.03906250000000003,0.02359374999999997,100
Real_100,Beta_tight_0_898,sim2real,Sim_7_biased,0.6399999999999999,0.6715749999999998,1.0,1.0,0.7600000000000001,0.7199999999999999,0.6800000000000002,0.655,0.6399999999999999,100
Real_100,Beta_tight_0_898,t_test,none,0.009076497830734609,0.025182186098095048,1.0,0.5,0.051579722866487654,0.034227319632056996,0.018384094329261025,0.012782252476379763,0.009076497830734609,100
Real_100,Beta_tight_0_898,vincent,gap_0.05,0.16579032905645427,0.2538539118931049,0.0,0.0,0.5111861670574774,0.38447550434078137,0.2685119647256888,0.20864816086083568,0.16579032905645427,100
Real_100,Beta_tight_0_898,vincent,gap_0.1,0.21990719039195747,0.3063563145530728,0.0,0.0,0.5610951958426618,0.4357668896290206,0.32115126194196963,0.26208413032311634,0.21990719039195747,100
Real_100,Beta_tight_0_898,vincent,gap_0.2,0.325864461832879,0.40938739593633344,0.0,0.0,0.6594430187614363,0.536808384141665,0.42464780675318414,0.3669301297862102,0.325864461832879,100
Real_100,Beta_tight_0_898,vincent,gap_0.3,0.4292995664140767,0.5097315232697257,0.0,0.0,0.755548322752103,0.635606927291882,0.525975025961085,0.4694493266768223,0.4292995664140767,100
Real_100,Beta_tight_0_898,z_test,none,0.009156534211914702,0.022458490945825686,1.0,0.5,0.04817619079455909,0.032293004961543914,0.018009926001565035,0.01241246770559612,0.009156534211914702,100
Real_100,Beta_tight_0_920,e_value_constant_0.25,none,0.14000000000000007,0.33010000000000006,1.0,1.0,0.96,0.88,0.37,0.21999999999999992,0.14000000000000007,100
Real_100,Beta_tight_0_920,e_value_constant_0.5,none,0.08499999999999996,0.22665000000000007,1.0,1.0,0.9549999999999998,0.475,0.21999999999999992,0.14000000000000007,0.08499999999999996,100
Real_100,Beta_tight_0_920,e_value_wsr,none,0.03999999999999993,0.11362499999999998,1.0,1.0,0.33,0.18499999999999994,0.08499999999999996,0.05999999999999993,0.03999999999999993,100
Real_100,Beta_tight_0_920,empirical_bernstein,none,0.09792996158523957,0.2584301953469146,1.0,1.0,1.0,0.5521107967362194,0.26722215249158765,0.1745321260912416,0.09792996158523957,100
Real_100,Beta_tight_0_920,hoeffding,none,0.17577482333691502,0.25992565208074214,1.0,1.0,0.5087231168863119,0.3816126543827665,0.2719248212081993,0.21590648086034883,0.17577482333691502,100
Real_100,Beta_tight_0_920,sequential_t_test,none,0.020787055966735805,0.04533145561379696,1.0,1.0,0.07840049367219332,0.06326620893286494,0.03759612556612895,0.02842747371359911,0.020787055966735805,100
Real_100,Beta_tight_0_920,sim2real,Sim_252,0.02124999999999997,0.08818554687499996,1.0,1.0,0.4117187499999999,0.2107812499999999,0.07156249999999992,0.03749999999999995,0.02124999999999997,100
Real_100,Beta_tight_0_920,sim2real,Sim_35,0.12,0.16255000000000003,1.0,1.0,0.3999999999999999,0.21999999999999992,0.14499999999999993,0.12,0.12,100
Real_100,Beta_tight_0_920,sim2real,Sim_504,0.021406249999999957,0.08845664062499996,1.0,1.0,0.4165625,0.20859374999999997,0.07187499999999991,0.03781249999999989,0.021406249999999957,100
Real_100,Beta_tight_0_920,sim2real,Sim_756,0.02187499999999995,0.08825585937499998,1.0,1.0,0.409375,0.20171875000000003,0.07249999999999997,0.03812499999999999,0.02187499999999995,100
Real_100,Beta_tight_0_920,sim2real,Sim_7_biased,0.66,0.6884249999999998,1.0,1.0,0.7600000000000001,0.7249999999999999,0.7000000000000002,0.6800000000000002,0.66,100
Real_100,Beta_tight_0_920,t_test,none,0.008042288492129956,0.022275837194574898,1.0,0.75,0.044180663823946975,0.030039836454236753,0.015826302188019115,0.011243511344478652,0.008042288492129956,100
Real_100,Beta_tight_0_920,vincent,gap_0.05,0.1650500211244405,0.2529712037884663,0.0,0.0,0.510018907993873,0.38336352995117345,0.2675301301195564,0.2077699216560125,0.1650500211244405,100
Real_100,Beta_tight_0_920,vincent,gap_0.1,0.21901184390412848,0.30536174645123015,0.0,0.0,0.5599331499949317,0.43460680327974577,0.3200815735433485,0.26107525740092824,0.21901184390412848,100
Real_100,Beta_tight_0_920,vincent,gap_0.2,0.32473819843910884,0.4082413443885234,0.0,0.0,0.6583604394708851,0.5356074227725505,0.4234536683312243,0.36573531224190786,0.32473819843910884,100
Real_100,Beta_tight_0_920,vincent,gap_0.3,0.4280426884112096,0.5085160822134275,0.0,0.0,0.7546176952394393,0.6344528084807953,0.5247225615599633,0.4681553515945213,0.4280426884112096,100
Real_100,Beta_tight_0_920,z_test,none,0.008277161827997148,0.02068540601568693,1.0,0.5,0.041046483951105765,0.027664457885438535,0.016600941617365583,0.011586942750884954,0.008277161827997148,100
Real_100,GaussianMix_tight_00,e_value_constant_0.25,none,0.16839999999999994,0.3906860000000001,1.0,1.0,0.96,0.9519999999999998,0.45239999999999997,0.29819999999999997,0.16839999999999994,100
Real_100,GaussianMix_tight_00,e_value_constant_0.5,none,0.09739999999999999,0.261682,1.0,1.0,0.96,0.5504,0.30119999999999997,0.17359999999999995,0.09739999999999999,100
Real_100,GaussianMix_tight_00,e_value_wsr,none,0.062,0.140884,1.0,1.0,0.39759999999999995,0.22999999999999995,0.1264,0.08560000000000001,0.062,100
Real_100,GaussianMix_tight_00,empirical_bernstein,none,0.11939846279406115,0.3117385193520108,1.0,1.0,1.0,0.6630972898867904,0.3665954503034255,0.22012735790845905,0.11939846279406115,100
Real_100,GaussianMix_tight_00,hoeffding,none,0.19206455826398408,0.3112501853095818,1.0,1.0,0.5865243665875797,0.45771805879173244,0.3459240762269618,0.27162030314812385,0.19206455826398408,100
Real_100,GaussianMix_tight_00,sequential_t_test,none,0.060635780452950795,0.1184342060675726,1.0,0.92,0.2976475161622738,0.18900082371163932,0.11373854693472145,0.08258930721497845,0.060635780452950795,100
Real_100,GaussianMix_tight_00,sim2real,Sim_252,0.03859999999999998,0.10888664062499999,1.0,0.99,0.38339999999999996,0.2155,0.10035,0.060825000000000004,0.03859999999999998,100
Real_100,GaussianMix_tight_00,sim2real,Sim_35,0.09279999999999998,0.14004500000000003,1.0,0.96,0.3608,0.2168,0.1154,0.09759999999999998,0.09279999999999998,100
Real_100,GaussianMix_tight_00,sim2real,Sim_504,0.03915624999999998,0.109848078125,1.0,0.99,0.38563125,0.21833125000000003,0.10183124999999998,0.06194375,0.03915624999999998,100
Real_100,GaussianMix_tight_00,sim2real,Sim_756,0.03882499999999998,0.10788189062499999,1.0,0.99,0.381109375,0.21163125000000002,0.09959374999999998,0.06048125,0.03882499999999998,100
Real_100,GaussianMix_tight_00,sim2real,Sim_7_biased,0.05379999999999999,0.11919100000000003,1.0,1.0,0.3366,0.19479999999999997,0.1122,0.0758,0.05379999999999999,100
Real_100,GaussianMix_tight_00,t_test,none,0.02426042505812728,0.05392841164695979,0.95,0.4,0.12089819718959055,0.08211683808698313,0.049192122889489764,0.034522395408652526,0.02426042505812728,100
Real_100,GaussianMix_tight_00,vincent,gap_0.05,0.17965529566699046,0.2737342005794208,0.0,0.0,0.5464614810767033,0.41791215639303,0.2925322954800257,0.226791551750912,0.17965529566699046,100
Real_100,GaussianMix_tight_00,vincent,gap_0.1,0.23886927279857584,0.3307609820410582,0.0,0.0,0.5961049840333956,0.4725640008365932,0.35013454787940107,0.28532371337293777,0.23886927279857584,100
Real_100,GaussianMix_tight_00,vincent,gap_0.2,0.35496367938141143,0.44199666309024005,0.09,0.09,0.6904904576322841,0.5763678677259206,0.46230129010762033,0.40007513615153883,0.35496367938141143,100
Real_100,GaussianMix_tight_00,vincent,gap_0.3,0.46777302432439155,0.5480527386028373,1.0,1.0,0.77968949803323,0.6719915929276182,0.567765261392834,0.5105037044847672,0.46777302432439155,100
Real_100,GaussianMix_tight_00,z_test,none,0.02399650990458971,0.04790747696376852,0.95,0.29,0.10379410250060386,0.07579098804777055,0.04822541047523412,0.033583889788456396,0.02399650990458971,100
Real_100,GaussianMix_tight_01,e_value_constant_0.25,none,0.1704,0.40354500000000004,1.0,1.0,0.96,0.959,0.48179999999999984,0.32359999999999994,0.1704,100
Real_100,GaussianMix_tight_01,e_value_constant_0.5,none,0.09999999999999996,0.269271,1.0,1.0,0.96,0.5816,0.3243999999999999,0.176,0.09999999999999996,100
Real_100,GaussianMix_tight_01,e_value_wsr,none,0.06859999999999998,0.149934,1.0,1.0,0.42260000000000003,0.2428,0.13660000000000003,0.09319999999999996,0.06859999999999998,100
Real_100,GaussianMix_tight_01,empirical_bernstein,none,0.12652914722965444,0.32716373758140377,1.0,1.0,1.0,0.7004464400075965,0.4011485583388961,0.23007970642985434,0.12652914722965444,100
Real_100,GaussianMix_tight_01,hoeffding,none,0.19206455826398408,0.31998819941571355,1.0,1.0,0.6125435748871456,0.4853588400782278,0.3713373186989545,0.27162030314812385,0.19206455826398408,100
Real_100,GaussianMix_tight_01,sequential_t_test,none,0.07405560289162982,0.1413517231877512,1.0,0.85,0.36167955275720465,0.23265105604680855,0.13967212865459327,0.10066505276995182,0.07405560289162982,100
Real_100,GaussianMix_tight_01,sim2real,Sim_252,0.044618750000000026,0.11612592187500001,1.0,1.0,0.3749625,0.22082500000000008,0.11108749999999996,0.06828749999999999,0.044618750000000026,100
Real_100,GaussianMix_tight_01,sim2real,Sim_35,0.0676,0.12971200000000002,1.0,1.0,0.3614,0.22079999999999994,0.11879999999999999,0.08439999999999998,0.0676,100
Real_100,GaussianMix_tight_01,sim2real,Sim_504,0.04542500000000002,0.117010375,1.0,1.0,0.3794437499999999,0.22225,0.11297499999999999,0.06914375,0.04542500000000002,100
Real_100,GaussianMix_tight_01,sim2real,Sim_756,0.04494375000000003,0.11498775,1.0,0.97,0.37205,0.21892499999999998,0.10859999999999999,0.06739999999999999,0.04494375000000003,100
Real_100,GaussianMix_tight_01,sim2real,Sim_7_biased,0.08379999999999999,0.140903,1.0,1.0,0.3488000000000001,0.21280000000000002,0.12960000000000005,0.09899999999999996,0.08379999999999999,100
Real_100,GaussianMix_tight_01,t_test,none,0.02941352603002896,0.06365628058952684,0.96,0.47,0.14402293040375336,0.09770695484532901,0.05984154316514533,0.04190877180136182,0.02941352603002896,100
Real_100,GaussianMix_tight_01,vincent,gap_0.05,0.18551138972835676,0.28210718448398153,0.0,0.0,0.5643206186768822,0.43223729418138357,0.30231434557363124,0.23410676854483847,0.18551138972835676,100
Real_100,GaussianMix_tight_01,vincent,gap_0.1,0.2467191485128468,0.3409359435686627,0.0,0.0,0.6137782972685459,0.4884876548510762,0.36194941704050765,0.294607887593159,0.2467191485128468,100
Real_100,GaussianMix_tight_01,vincent,gap_0.2,0.36678006312803957,0.4555357175723172,0.86,0.85,0.705789865620425,0.5934482926936271,0.4780515678689492,0.41335424657994707,0.36678006312803957,100
Real_100,GaussianMix_tight_01,vincent,gap_0.3,0.48361767342959716,0.5643890053307029,1.0,1.0,0.7916179470510966,0.6877107014328381,0.5858896076123974,0.5279999072813996,0.48361767342959716,100
Real_100,GaussianMix_tight_01,z_test,none,0.029252952574389007,0.057525420714410795,0.96,0.29,0.13047827305769719,0.09363139054159361,0.0588504841440259,0.041146614653536924,0.029252952574389007,100
Real_100,GaussianMix_tight_02,e_value_constant_0.25,none,0.17159999999999997,0.412464,1.0,1.0,0.96,0.96,0.5054000000000001,0.3248,0.17159999999999997,100
Real_100,GaussianMix_tight_02,e_value_constant_0.5,none,0.10139999999999999,0.27457600000000004,1.0,1.0,0.96,0.6047999999999999,0.33160000000000006,0.17839999999999998,0.10139999999999999,100
Real_100,GaussianMix_tight_02,e_value_wsr,none,0.07780000000000001,0.16044300000000003,1.0,1.0,0.4422,0.2636,0.1464,0.10399999999999998,0.07780000000000001,100
Real_100,GaussianMix_tight_02,empirical_bernstein,none,0.13356871743131327,0.3403529292049408,1.0,1.0,1.0,0.7343054473255165,0.4286236990397621,0.239777940441735,0.13356871743131327,100
Real_100,GaussianMix_tight_02,hoeffding,none,0.19206455826398408,0.32514908008018295,1.0,1.0,0.6344014352593557,0.5080386307027323,0.38182367272456985,0.27162030314812385,0.19206455826398408,100
Real_100,GaussianMix_tight_02,sequential_t_test,none,0.08719843774668287,0.1626656327313433,1.0,0.83,0.4041459818906528,0.2688169923153816,0.16442208626583454,0.1188871217004425,0.08719843774668287,100
Real_100,GaussianMix_tight_02,sim2real,Sim_252,0.05094374999999998,0.12371932812500001,1.0,1.0,0.37088750000000004,0.23103125,0.12035,0.07645625000000002,0.05094374999999998,100
Real_100,GaussianMix_tight_02,sim2real,Sim_35,0.08779999999999999,0.151957,1.0,1.0,0.3738,0.23459999999999995,0.14060000000000006,0.10860000000000002,0.08779999999999999,100
Real_100,GaussianMix_tight_02,sim2real,Sim_504,0.05173749999999999,0.12528465625000001,1.0,1.0,0.37466249999999995,0.2383,0.12190000000000004,0.07741875000000001,0.05173749999999999,100
Real_100,GaussianMix_tight_02,sim2real,Sim_756,0.05130624999999999,0.12298990625,0.99,0.99,0.368378125,0.23293749999999996,0.1180625,0.07566250000000001,0.05130624999999999,100
Real_100,GaussianMix_tight_02,sim2real,Sim_7_biased,0.09619999999999998,0.15393,1.0,1.0,0.3538000000000001,0.22499999999999998,0.13660000000000008,0.1134,0.09619999999999998,100
Real_100,GaussianMix_tight_02,t_test,none,0.03468824706307193,0.07398816240795597,0.95,0.47,0.1719221748021741,0.1154109768474127,0.07086922826604697,0.04951474261056763,0.03468824706307193,100
Real_100,GaussianMix_tight_02,vincent,gap_0.05,0.1911441193144363,0.2896463484671307,0.0,0.0,0.5735499332494084,0.44324091417626804,0.31125416367459224,0.24123391557733367,0.1911441193144363,100
Real_100,GaussianMix_tight_02,vincent,gap_0.1,0.25424646238534804,0.35003185875643467,0.02,0.0,0.6231513772499039,0.49992462409613303,0.37249450290358543,0.30362722042128903,0.25424646238534804,100
Real_100,GaussianMix_tight_02,vincent,gap_0.2,0.3780434760507414,0.4673235245740507,1.0,1.0,0.715779023674651,0.6048924657801436,0.4906139829691996,0.425963930090626,0.3780434760507414,100
Real_100,GaussianMix_tight_02,vincent,gap_0.3,0.4979602039144886,0.5774174654638209,1.0,1.0,0.7995859308564005,0.6991076189028798,0.5981147285984056,0.5419584495735152,0.4979602039144886,100
Real_100,GaussianMix_tight_02,z_test,none,0.03444178636716724,0.06697990662471119,0.96,0.3,0.15168432184439073,0.11021095794729957,0.06865880635216239,0.048562811676958244,0.03444178636716724,100
Real_100,GaussianMix_tight_03,e_value_constant_0.25,none,0.17299999999999996,0.42637300000000006,1.0,1.0,0.96,0.96,0.5626000000000001,0.3217999999999999,0.17299999999999996,100
Real_100,GaussianMix_tight_03,e_value_constant_0.5,none,0.09879999999999999,0.27918899999999996,1.0,1.0,0.96,0.6614,0.32959999999999995,0.1742,0.09879999999999999,100
Real_100,GaussianMix_tight_03,e_value_wsr,none,0.0602,0.13555900000000004,1.0,1.0,0.40639999999999993,0.214,0.1182,0.0812,0.0602,100
Real_100,GaussianMix_tight_03,empirical_bernstein,none,0.11932756980284831,0.3320969253810613,1.0,1.0,1.0,0.772983150838714,0.4164685865112503,0.22000017304161956,0.11932756980284831,100
Real_100,GaussianMix_tight_03,hoeffding,none,0.19206455826398408,0.3347137073245672,1.0,1.0,0.6968700224071739,0.5679361967263448,0.38412911652796816,0.2716203031481239,0.19206455826398408,100
Real_100,GaussianMix_tight_03,sequential_t_test,none,0.06049466696365193,0.12125508393124504,1.0,0.91,0.3178966432043167,0.190327057786442,0.11337104286307957,0.08230627690126412,0.06049466696365193,100
Real_100,GaussianMix_tight_03,sim2real,Sim_252,0.035250000000000024,0.10001835937500003,1.0,0.99,0.31301249999999997,0.18796875,0.09117500000000003,0.05548125000000002,0.035250000000000024,100
Real_100,GaussianMix_tight_03,sim2real,Sim_35,0.08540000000000003,0.14193100000000003,1.0,1.0,0.342,0.2118,0.12580000000000002,0.10079999999999999,0.08540000000000003,100
Real_100,GaussianMix_tight_03,sim2real,Sim_504,0.036412500000000035,0.10102729687500002,1.0,0.99,0.31476249999999995,0.18824375,0.09205,0.056625000000000016,0.036412500000000035,100
Real_100,GaussianMix_tight_03,sim2real,Sim_756,0.03630625000000003,0.09950214062500003,1.0,0.99,0.30974375,0.18417500000000003,0.08983750000000003,0.055218750000000004,0.03630625000000003,100
Real_100,GaussianMix_tight_03,sim2real,Sim_7_biased,0.05700000000000001,0.11963700000000003,1.0,1.0,0.32319999999999993,0.19219999999999995,0.10959999999999999,0.0782,0.05700000000000001,100
Real_100,GaussianMix_tight_03,t_test,none,0.0241750983537867,0.05434628852116043,0.95,0.42,0.11989300094939356,0.08223624287616857,0.049227343842495566,0.03443866158572905,0.0241750983537867,100
Real_100,GaussianMix_tight_03,vincent,gap_0.05,0.1795789144063953,0.2736380399414949,0.0,0.0,0.5463391615577243,0.41783780254773784,0.29244789377832864,0.2266827578960966,0.1795789144063953,100
Real_100,GaussianMix_tight_03,vincent,gap_0.1,0.2387501187294615,0.3306252123287406,0.0,0.0,0.5959856513499314,0.47245493866054333,0.350005422303753,0.2851709568501295,0.2387501187294615,100
Real_100,GaussianMix_tight_03,vincent,gap_0.2,0.3547352171486876,0.44175626217448155,1.0,1.0,0.6904023044368253,0.5762574108808739,0.4620376360093548,0.3997931287290487,0.3547352171486876,100
Real_100,GaussianMix_tight_03,vincent,gap_0.3,0.46735583593804897,0.5476468115402503,1.0,1.0,0.7796313769788422,0.6718864605093685,0.5673827272373119,0.5099741135454061,0.46735583593804897,100
Real_100,GaussianMix_tight_03,z_test,none,0.023864122860017094,0.047782623396399694,0.95,0.28,0.10333854210685345,0.07574052507666577,0.04816079390832446,0.03342086268698966,0.023864122860017094,100
Real_100,GaussianMix_tight_04,e_value_constant_0.25,none,0.17239999999999994,0.432188,1.0,1.0,0.96,0.96,0.59,0.32339999999999997,0.17239999999999994,100
Real_100,GaussianMix_tight_04,e_value_constant_0.5,none,0.1,0.284147,1.0,1.0,0.96,0.6931999999999999,0.3328,0.17499999999999996,0.1,100
Real_100,GaussianMix_tight_04,e_value_wsr,none,0.07160000000000002,0.145772,1.0,1.0,0.43199999999999994,0.22779999999999995,0.1278,0.08940000000000001,0.07160000000000002,100
Real_100,GaussianMix_tight_04,empirical_bernstein,none,0.126618269248179,0.3447471546534204,1.0,1.0,1.0,0.8110356598571339,0.43104236722889006,0.23015233648850886,0.126618269248179,100
Real_100,GaussianMix_tight_04,hoeffding,none,0.19206455826398408,0.33741929182068425,1.0,1.0,0.7227306725347173,0.5908224358495431,0.38412911652796816,0.27162030314812385,0.19206455826398408,100
Real_100,GaussianMix_tight_04,sequential_t_test,none,0.07430649367044495,0.14424879287707285,1.0,0.85,0.3786871843105595,0.2323006254523278,0.14017818592921816,0.10109752069676727,0.07430649367044495,100
Real_100,GaussianMix_tight_04,sim2real,Sim_252,0.041374999999999974,0.10652367187499999,1.0,1.0,0.30708125,0.19416874999999997,0.09845624999999997,0.06231875,0.041374999999999974,100
Real_100,GaussianMix_tight_04,sim2real,Sim_35,0.066,0.13119900000000004,1.0,1.0,0.34440000000000004,0.2226,0.11920000000000001,0.08440000000000002,0.066,100
Real_100,GaussianMix_tight_04,sim2real,Sim_504,0.04278749999999998,0.10752467187499999,1.0,1.0,0.309575,0.1937375,0.099625,0.06376874999999999,0.04278749999999998,100
Real_100,GaussianMix_tight_04,sim2real,Sim_756,0.04254999999999999,0.10685679687499999,0.99,0.99,0.30551875,0.19492500000000004,0.09911874999999998,0.06273124999999999,0.04254999999999999,100
Real_100,GaussianMix_tight_04,sim2real,Sim_7_biased,0.08780000000000003,0.14273000000000002,1.0,1.0,0.34299999999999997,0.2096,0.1308,0.09780000000000005,0.08780000000000003,100
Real_100,GaussianMix_tight_04,t_test,none,0.02951965124982362,0.06442142377977547,0.96,0.44,0.1448971446707749,0.09767209897892305,0.05997580472777955,0.04203685883935956,0.02951965124982362,100
Real_100,GaussianMix_tight_04,vincent,gap_0.05,0.18548744586209723,0.28206642367791757,0.0,0.0,0.5642343934061237,0.43208577849508123,0.30223491252012047,0.23406437641799685,0.18548744586209723,100
Real_100,GaussianMix_tight_04,vincent,gap_0.1,0.24668757816625914,0.3408804898921803,0.07,0.05,0.6136926691814387,0.48831257612275075,0.3618398901075709,0.2945502621730448,0.24668757816625914,100
Real_100,GaussianMix_tight_04,vincent,gap_0.2,0.36673039320303064,0.4554461893044474,1.0,1.0,0.7057200745152076,0.5932362251574562,0.4778605116802415,0.41326362737784506,0.36673039320303064,100
Real_100,GaussianMix_tight_04,vincent,gap_0.3,0.48353492216001426,0.5642634066881314,1.0,1.0,0.7915843555571285,0.687539936746055,0.585642224420174,0.5278506203105856,0.48353492216001426,100
Real_100,GaussianMix_tight_04,z_test,none,0.02938774332055108,0.05777636680647197,0.96,0.29,0.1314301799187098,0.09381386696477324,0.059005927124908215,0.04133473957955207,0.02938774332055108,100
Real_100,GaussianMix_tight_05,e_value_constant_0.25,none,0.1732,0.43670200000000003,1.0,1.0,0.96,0.96,0.6141999999999999,0.3227999999999999,0.1732,100
Real_100,GaussianMix_tight_05,e_value_constant_0.5,none,0.10279999999999997,0.2874,1.0,1.0,0.96,0.7138000000000001,0.3318,0.17639999999999995,0.10279999999999997,100
Real_100,GaussianMix_tight_05,e_value_wsr,none,0.07879999999999998,0.15793200000000004,0.99,0.99,0.4690000000000001,0.24839999999999995,0.1426,0.10359999999999997,0.07879999999999998,100
Real_100,GaussianMix_tight_05,empirical_bernstein,none,0.13357057897159672,0.3558847988064523,1.0,1.0,1.0,0.8447879395058413,0.4443147862679762,0.2398700750603457,0.13357057897159672,100
Real_100,GaussianMix_tight_05,hoeffding,none,0.19206455826398408,0.3391802117773692,1.0,1.0,0.7449664377812136,0.6022210381678537,0.38412911652796816,0.27162030314812385,0.19206455826398408,100
Real_100,GaussianMix_tight_05,sequential_t_test,none,0.08716794582471088,0.16582009216054736,1.0,0.86,0.43089903668812196,0.26989577832183415,0.16444122035036912,0.11880212992685753,0.08716794582471088,100
Real_100,GaussianMix_tight_05,sim2real,Sim_252,0.04909374999999999,0.11472357812499999,1.0,1.0,0.30788750000000004,0.20309999999999997,0.10856249999999999,0.07119999999999997,0.04909374999999999,100
Real_100,GaussianMix_tight_05,sim2real,Sim_35,0.07479999999999996,0.138084,1.0,1.0,0.3499999999999999,0.23439999999999994,0.12900000000000003,0.08979999999999999,0.07479999999999996,100
Real_100,GaussianMix_tight_05,sim2real,Sim_504,0.05013124999999998,0.11587457812499996,1.0,0.99,0.3128625,0.20726249999999996,0.10933750000000003,0.07179999999999997,0.05013124999999998,100
Real_100,GaussianMix_tight_05,sim2real,Sim_756,0.04980624999999999,0.11445379687499997,0.99,0.98,0.308125,0.205025,0.107475,0.07061874999999997,0.04980624999999999,100
Real_100,GaussianMix_tight_05,sim2real,Sim_7_biased,0.11620000000000001,0.170878,1.0,0.99,0.3755999999999999,0.2386,0.15320000000000003,0.1266,0.11620000000000001,100
Real_100,GaussianMix_tight_05,t_test,none,0.03465651945510106,0.07454462484623338,0.95,0.5,0.17197242641385801,0.1156602799790353,0.07083883826940043,0.04948829707236408,0.03465651945510106,100
Real_100,GaussianMix_tight_05,vincent,gap_0.05,0.19126697253916258,0.28991343532640895,0.0,0.0,0.5744323092698042,0.4440027152923588,0.31161040342898766,0.24142432878161105,0.19126697253916258,100
Real_100,GaussianMix_tight_05,vincent,gap_0.1,0.25442840160718516,0.35037694333044345,0.49,0.45,0.6240240070073744,0.5008488982816968,0.37297498099410425,0.3038891388580093,0.25442840160718516,100
Real_100,GaussianMix_tight_05,vincent,gap_0.2,0.378373451551153,0.46785180613912286,1.0,1.0,0.7165093000627978,0.6059577429924106,0.4914145116054268,0.4264293658077127,0.378373451551153,100
Real_100,GaussianMix_tight_05,vincent,gap_0.3,0.4985608284030748,0.5781765349497049,1.0,1.0,0.8000935810234,0.7000110693061171,0.5991413718731358,0.5427850625561738,0.4985608284030748,100
Real_100,GaussianMix_tight_05,z_test,none,0.03436993618834869,0.06696759933117542,0.95,0.3,0.15185651729490207,0.11032735985006138,0.06869986697880813,0.048467806435324515,0.03436993618834869,100
Real_100,GaussianMix_tight_06,e_value_constant_0.25,none,0.16820000000000004,0.442132,1.0,1.0,0.96,0.96,0.6352,0.3218000000000001,0.16820000000000004,100
Real_100,GaussianMix_tight_06,e_value_constant_0.5,none,0.09739999999999994,0.28791100000000003,1.0,1.0,0.96,0.7712,0.32960000000000006,0.174,0.09739999999999994,100
Real_100,GaussianMix_tight_06,e_value_wsr,none,0.05960000000000001,0.13206400000000001,1.0,1.0,0.391,0.20079999999999995,0.11099999999999997,0.07699999999999997,0.05960000000000001,100
Real_100,GaussianMix_tight_06,empirical_bernstein,none,0.11944513612852187,0.3416244027079036,1.0,1.0,1.0,0.8841338305234906,0.41689826386676027,0.2201850035820571,0.11944513612852187,100
Real_100,GaussianMix_tight_06,hoeffding,none,0.1920645582639841,0.34273076478019066,1.0,1.0,0.8072260568764613,0.6073614619083052,0.38412911652796816,0.2716203031481239,0.1920645582639841,100
Real_100,GaussianMix_tight_06,sequential_t_test,none,0.06076345457645036,0.12236505342955363,1.0,0.92,0.3134524610591216,0.18936429764753263,0.11390427757771279,0.08276696808570064,0.06076345457645036,100
Real_100,GaussianMix_tight_06,sim2real,Sim_252,0.03320625000000002,0.0936944375,1.0,0.99,0.28093124999999997,0.17131875000000002,0.08355625000000001,0.05036875000000004,0.03320625000000002,100
Real_100,GaussianMix_tight_06,sim2real,Sim_35,0.10660000000000001,0.16814100000000004,1.0,0.99,0.32859999999999995,0.22679999999999997,0.16459999999999997,0.1316,0.10660000000000001,100
Real_100,GaussianMix_tight_06,sim2real,Sim_504,0.034137500000000036,0.09426884375000003,1.0,0.99,0.28198750000000006,0.17109375,0.08407500000000001,0.05088125000000003,0.034137500000000036,100
Real_100,GaussianMix_tight_06,sim2real,Sim_756,0.034300000000000025,0.09367362500000004,1.0,1.0,0.279325,0.1690625,0.08326874999999999,0.05060625000000005,0.034300000000000025,100
Real_100,GaussianMix_tight_06,sim2real,Sim_7_biased,0.14700000000000002,0.20921500000000004,1.0,1.0,0.4029999999999999,0.275,0.1974,0.16779999999999998,0.14700000000000002,100
Real_100,GaussianMix_tight_06,t_test,none,0.02429905657892785,0.05476607544389217,0.95,0.4,0.12125480012352409,0.08240497470207137,0.049322637420940826,0.034593659821521905,0.02429905657892785,100
Real_100,GaussianMix_tight_06,vincent,gap_0.05,0.17965529566699193,0.2737342005794222,0.0,0.0,0.5464614810767039,0.4179121563930307,0.29253229548002646,0.22679155175091437,0.17965529566699193,100
Real_100,GaussianMix_tight_06,vincent,gap_0.1,0.2388692727985774,0.3307609820410596,0.47,0.46,0.5961049840333963,0.4725640008365938,0.3501345478794019,0.2853237133729402,0.2388692727985774,100
Real_100,GaussianMix_tight_06,vincent,gap_0.2,0.354963679381413,0.44199666309024144,1.0,1.0,0.6904904576322844,0.5763678677259212,0.4623012901076212,0.40007513615154133,0.354963679381413,100
Real_100,GaussianMix_tight_06,vincent,gap_0.3,0.46777302432439316,0.5480527386028388,1.0,1.0,0.7796894980332304,0.6719915929276189,0.5677652613928348,0.5105037044847698,0.46777302432439316,100
Real_100,GaussianMix_tight_06,z_test,none,0.024025972683421312,0.04799752192962565,0.95,0.29,0.10393159213449328,0.07592081033700078,0.048301312830277304,0.03362748059455917,0.024025972683421312,100
Real_100,GaussianMix_tight_07,e_value_constant_0.25,none,0.17139999999999997,0.444975,1.0,1.0,0.96,0.96,0.6357999999999999,0.3248000000000001,0.17139999999999997,100
Real_100,GaussianMix_tight_07,e_value_constant_0.5,none,0.10000000000000003,0.290254,1.0,1.0,0.96,0.802,0.3306000000000001,0.17619999999999997,0.10000000000000003,100
Real_100,GaussianMix_tight_07,e_value_wsr,none,0.0664,0.14325900000000003,1.0,1.0,0.4274,0.21359999999999998,0.12319999999999999,0.0898,0.0664,100
Real_100,GaussianMix_tight_07,empirical_bernstein,none,0.126573191874554,0.3524006239475134,1.0,1.0,1.0,0.9214804080641454,0.4308126327291612,0.23013525413328484,0.126573191874554,100
Real_100,GaussianMix_tight_07,hoeffding,none,0.1920645582639841,0.3436203241379679,1.0,1.0,0.8298073854968174,0.6073614619083052,0.38412911652796816,0.27162030314812385,0.1920645582639841,100
Real_100,GaussianMix_tight_07,sequential_t_test,none,0.07417879815979524,0.14552388678610836,1.0,0.85,0.3828487062489051,0.23298145765776468,0.13989230784645096,0.10083712287281742,0.07417879815979524,100
Real_100,GaussianMix_tight_07,sim2real,Sim_252,0.04056249999999999,0.10131492187499999,1.0,1.0,0.28528749999999997,0.17493124999999993,0.09234375000000002,0.058781249999999986,0.04056249999999999,100
Real_100,GaussianMix_tight_07,sim2real,Sim_35,0.14520000000000002,0.19052100000000002,1.0,1.0,0.3265999999999999,0.22019999999999995,0.17719999999999994,0.1586,0.14520000000000002,100
Real_100,GaussianMix_tight_07,sim2real,Sim_504,0.04195624999999999,0.10222175,1.0,1.0,0.28650000000000003,0.17520624999999998,0.09289374999999998,0.059899999999999995,0.04195624999999999,100
Real_100,GaussianMix_tight_07,sim2real,Sim_756,0.042031249999999985,0.10199806249999996,0.99,0.99,0.28474374999999996,0.17643749999999997,0.09232499999999998,0.05968749999999999,0.042031249999999985,100
Real_100,GaussianMix_tight_07,sim2real,Sim_7_biased,0.15859999999999996,0.22676400000000005,1.0,1.0,0.4446,0.308,0.22199999999999995,0.18879999999999997,0.15859999999999996,100
Real_100,GaussianMix_tight_07,t_test,none,0.02944868705610399,0.06455159418052546,0.96,0.46,0.1443780016324488,0.09797930086747389,0.05996295992916762,0.04197432874198549,0.02944868705610399,100
Real_100,GaussianMix_tight_07,vincent,gap_0.05,0.18551138972869904,0.2821071844843212,0.0,0.0,0.5643206186770378,0.43223729418152684,0.30231434557379355,0.23410676854541076,0.18551138972869904,100
Real_100,GaussianMix_tight_07,vincent,gap_0.1,0.2467191485131966,0.34093594356900775,0.96,0.93,0.6137782972687014,0.4884876548512225,0.3619494170406751,0.2946078875937374,0.2467191485131966,100
Real_100,GaussianMix_tight_07,vincent,gap_0.2,0.36678006312839995,0.45553571757266964,1.0,1.0,0.7057898656205761,0.5934482926937755,0.47805156786912406,0.41335424658053477,0.36678006312839995,100
Real_100,GaussianMix_tight_07,vincent,gap_0.3,0.4836176734299648,0.5643890053310591,1.0,1.0,0.7916179470512382,0.6877107014329841,0.5858896076125756,0.5279999072819933,0.4836176734299648,100
Real_100,GaussianMix_tight_07,z_test,none,0.02928087061832652,0.05761277752893515,0.96,0.29,0.13061059196253744,0.09375358730454642,0.058921964898553975,0.04118671825247751,0.02928087061832652,100
Real_100,GaussianMix_tight_08,e_value_constant_0.25,none,0.1718,0.44702600000000003,1.0,1.0,0.96,0.96,0.6355999999999999,0.32499999999999996,0.1718,100
Real_100,GaussianMix_tight_08,e_value_constant_0.5,none,0.10159999999999997,0.29258800000000007,1.0,1.0,0.96,0.8201999999999999,0.3332,0.17819999999999997,0.10159999999999997,100
Real_100,GaussianMix_tight_08,e_value_wsr,none,0.077,0.15633800000000003,1.0,1.0,0.47080000000000005,0.23659999999999998,0.13940000000000002,0.10339999999999999,0.077,100
Real_100,GaussianMix_tight_08,empirical_bernstein,none,0.13356905119421442,0.3624496717455663,1.0,1.0,1.0,0.9547797924255994,0.44440952195971306,0.2397783522207907,0.13356905119421442,100
Real_100,GaussianMix_tight_08,hoeffding,none,0.1920645582639841,0.34413956687024894,1.0,1.0,0.8422900588126264,0.6073614619083052,0.38412911652796816,0.27162030314812385,0.1920645582639841,100
Real_100,GaussianMix_tight_08,sequential_t_test,none,0.08719965639655204,0.1664089345547233,1.0,0.83,0.4255858483158117,0.26881937638075226,0.16442475749922092,0.11888917603432629,0.08719965639655204,100
Real_100,GaussianMix_tight_08,sim2real,Sim_252,0.04937499999999998,0.11014882812499999,1.0,1.0,0.29188749999999997,0.18322500000000005,0.10068749999999999,0.06876249999999998,0.04937499999999998,100
Real_100,GaussianMix_tight_08,sim2real,Sim_35,0.11899999999999998,0.17242700000000005,1.0,1.0,0.3344,0.22159999999999996,0.16000000000000003,0.13740000000000005,0.11899999999999998,100
Real_100,GaussianMix_tight_08,sim2real,Sim_504,0.05048124999999997,0.11109287499999997,1.0,1.0,0.293825,0.18594374999999996,0.10090624999999999,0.06931249999999997,0.05048124999999997,100
Real_100,GaussianMix_tight_08,sim2real,Sim_756,0.05026249999999998,0.110271625,0.99,0.98,0.2928125,0.18539375000000002,0.099875,0.06848749999999998,0.05026249999999998,100
Real_100,GaussianMix_tight_08,sim2real,Sim_7_biased,0.18519999999999995,0.248719,1.0,1.0,0.46659999999999996,0.3284,0.23999999999999996,0.20999999999999994,0.18519999999999995,100
Real_100,GaussianMix_tight_08,t_test,none,0.03468851335886607,0.07468656467915291,0.95,0.47,0.17192546049203702,0.1154129872867927,0.07087010265576747,0.04951521479353324,0.03468851335886607,100
Real_100,GaussianMix_tight_08,vincent,gap_0.05,0.1911441193144363,0.2896463484671307,0.08,0.06,0.5735499332494084,0.44324091417626804,0.3112541636745923,0.24123391557733367,0.1911441193144363,100
Real_100,GaussianMix_tight_08,vincent,gap_0.1,0.25424646238534804,0.35003185875643467,1.0,1.0,0.6231513772499039,0.49992462409613303,0.37249450290358554,0.30362722042128903,0.25424646238534804,100
Real_100,GaussianMix_tight_08,vincent,gap_0.2,0.3780434760507414,0.46732352457405063,1.0,1.0,0.7157790236746508,0.6048924657801436,0.4906139829691996,0.425963930090626,0.3780434760507414,100
Real_100,GaussianMix_tight_08,vincent,gap_0.3,0.4979602039144886,0.5774174654638209,1.0,1.0,0.7995859308564005,0.6991076189028798,0.5981147285984056,0.5419584495735152,0.4979602039144886,100
Real_100,GaussianMix_tight_08,z_test,none,0.0344419854523187,0.06701833644060316,0.96,0.3,0.15168558259450804,0.11021183702669099,0.06865933302589314,0.04856309527884631,0.0344419854523187,100
Real_100,GaussianMix_tight_09,e_value_constant_0.25,none,0.17319999999999994,0.44728899999999994,1.0,1.0,0.96,0.96,0.6335999999999999,0.3222,0.17319999999999994,100
Real_100,GaussianMix_tight_09,e_value_constant_0.5,none,0.09800000000000005,0.28991000000000006,1.0,1.0,0.96,0.8344,0.3298,0.17439999999999997,0.09800000000000005,100
Real_100,GaussianMix_tight_09,e_value_wsr,none,0.06,0.12959900000000008,1.0,1.0,0.3824,0.1926,0.10680000000000003,0.07800000000000003,0.06,100
Real_100,GaussianMix_tight_09,empirical_bernstein,none,0.11932756982621201,0.34443535202136744,1.0,1.0,1.0,0.9869344260291004,0.41646858654511637,0.2200001730676849,0.11932756982621201,100
Real_100,GaussianMix_tight_09,hoeffding,none,0.1920645582639841,0.3450595547664696,1.0,1.0,0.8588290061149217,0.6073614619083051,0.38412911652796816,0.27162030314812385,0.1920645582639841,100
Real_100,GaussianMix_tight_09,sequential_t_test,none,0.060494667062889515,0.12286799316539816,1.0,0.91,0.317896643645566,0.19032705796705213,0.1133710429517809,0.08230627702619042,0.060494667062889515,100
Real_100,GaussianMix_tight_09,sim2real,Sim_252,0.03196250000000003,0.09049778125000005,1.0,1.0,0.27870625,0.16260000000000005,0.07931250000000002,0.0476,0.03196250000000003,100
Real_100,GaussianMix_tight_09,sim2real,Sim_35,0.0558,0.11119000000000005,1.0,1.0,0.3084,0.18119999999999997,0.09740000000000004,0.06680000000000003,0.0558,100
Real_100,GaussianMix_tight_09,sim2real,Sim_504,0.03270625000000004,0.09084093750000002,1.0,1.0,0.27876249999999997,0.16246250000000004,0.07965625000000003,0.04795625000000003,0.03270625000000004,100
Real_100,GaussianMix_tight_09,sim2real,Sim_756,0.03280625000000003,0.09043707812500003,1.0,1.0,0.27766250000000003,0.1603625,0.07913125000000004,0.04788125000000003,0.03280625000000003,100
Real_100,GaussianMix_tight_09,sim2real,Sim_7_biased,0.23699999999999996,0.2933860000000001,1.0,1.0,0.5402,0.37479999999999997,0.28120000000000006,0.24539999999999998,0.23699999999999996,100
Real_100,GaussianMix_tight_09,t_test,none,0.024175098372510924,0.0545782268478006,0.95,0.42,0.119893001137583,0.08223624302511817,0.049227343909656926,0.03443866162164008,0.024175098372510924,100
Real_100,GaussianMix_tight_09,vincent,gap_0.05,0.17957891440639528,0.2736380399414949,0.0,0.0,0.5463391615577243,0.41783780254773784,0.29244789377832864,0.22668275789609663,0.17957891440639528,100
Real_100,GaussianMix_tight_09,vincent,gap_0.1,0.2387501187294615,0.3306252123287406,1.0,1.0,0.5959856513499313,0.47245493866054333,0.350005422303753,0.2851709568501295,0.2387501187294615,100
Real_100,GaussianMix_tight_09,vincent,gap_0.2,0.3547352171486875,0.44175626217448155,1.0,1.0,0.6904023044368253,0.5762574108808739,0.4620376360093549,0.3997931287290487,0.3547352171486875,100
Real_100,GaussianMix_tight_09,vincent,gap_0.3,0.467355835938049,0.5476468115402503,1.0,1.0,0.7796313769788422,0.6718864605093685,0.5673827272373119,0.509974113545406,0.467355835938049,100
Real_100,GaussianMix_tight_09,z_test,none,0.023864122873643086,0.0477826234232729,0.95,0.28,0.10333854216996759,0.07574052513722954,0.04816079394381406,0.033420862707258636,0.023864122873643086,100
Real_100,GaussianMix_tight_10,e_value_constant_0.25,none,0.17199999999999996,0.44793600000000006,1.0,1.0,0.96,0.96,0.6345999999999998,0.322,0.17199999999999996,100
Real_100,GaussianMix_tight_10,e_value_constant_0.5,none,0.1,0.291948,1.0,1.0,0.96,0.8338000000000001,0.3324000000000001,0.17439999999999997,0.1,100
Real_100,GaussianMix_tight_10,e_value_wsr,none,0.07060000000000005,0.14225800000000005,1.0,1.0,0.42119999999999996,0.20699999999999996,0.12119999999999996,0.08960000000000004,0.07060000000000005,100
Real_100,GaussianMix_tight_10,empirical_bernstein,none,0.12661826924817907,0.3542481444670674,1.0,1.0,1.0,0.9892609631373022,0.43104236722889006,0.23015233648850889,0.12661826924817907,100
Real_100,GaussianMix_tight_10,hoeffding,none,0.1920645582639841,0.3449699316799278,1.0,1.0,0.8583685639493427,0.6073614619083051,0.38412911652796816,0.2716203031481239,0.1920645582639841,100
Real_100,GaussianMix_tight_10,sequential_t_test,none,0.07430649367044502,0.14559650615992525,1.0,0.85,0.37868718431055987,0.23230062545232794,0.14017818592921827,0.10109752069676738,0.07430649367044502,100
Real_100,GaussianMix_tight_10,sim2real,Sim_252,0.04083750000000004,0.09934957812500006,1.0,1.0,0.28359375000000003,0.17169374999999995,0.08805000000000003,0.05688750000000005,0.04083750000000004,100
Real_100,GaussianMix_tight_10,sim2real,Sim_35,0.06640000000000007,0.12107300000000003,1.0,1.0,0.31579999999999997,0.18939999999999999,0.10500000000000002,0.07780000000000006,0.06640000000000007,100
Real_100,GaussianMix_tight_10,sim2real,Sim_504,0.04176250000000003,0.09980389062500002,1.0,1.0,0.28306249999999994,0.17066250000000005,0.08850625000000005,0.05763125000000005,0.04176250000000003,100
Real_100,GaussianMix_tight_10,sim2real,Sim_756,0.041818750000000036,0.10011678125000004,1.0,0.99,0.2846125,0.172,0.08898125000000003,0.05775625000000005,0.041818750000000036,100
Real_100,GaussianMix_tight_10,sim2real,Sim_7_biased,0.26860000000000006,0.322433,1.0,1.0,0.5720000000000001,0.4014,0.311,0.27580000000000005,0.26860000000000006,100
Real_100,GaussianMix_tight_10,t_test,none,0.029519651249823652,0.06456873218830893,0.96,0.44,0.1448971446707751,0.09767209897892318,0.059975804727779615,0.04203685883935957,0.029519651249823652,100
Real_100,GaussianMix_tight_10,vincent,gap_0.05,0.18548744586209714,0.2820664236779175,0.01,0.0,0.5642343934061237,0.4320857784950812,0.30223491252012047,0.23406437641799688,0.18548744586209714,100
Real_100,GaussianMix_tight_10,vincent,gap_0.1,0.24668757816625914,0.3408804898921802,1.0,1.0,0.6136926691814387,0.48831257612275075,0.3618398901075707,0.29455026217304475,0.24668757816625914,100
Real_100,GaussianMix_tight_10,vincent,gap_0.2,0.36673039320303064,0.4554461893044474,1.0,1.0,0.7057200745152075,0.5932362251574562,0.47786051168024146,0.413263627377845,0.36673039320303064,100
Real_100,GaussianMix_tight_10,vincent,gap_0.3,0.4835349221600142,0.5642634066881314,1.0,1.0,0.7915843555571282,0.687539936746055,0.585642224420174,0.5278506203105856,0.4835349221600142,100
Real_100,GaussianMix_tight_10,z_test,none,0.02938774332055108,0.05777636680647198,0.96,0.29,0.13143017991870984,0.0938138669647733,0.05900592712490822,0.04133473957955208,0.02938774332055108,100
Real_100,GaussianMix_tight_11,e_value_constant_0.25,none,0.17359999999999995,0.44827599999999995,1.0,1.0,0.96,0.96,0.635,0.3227999999999999,0.17359999999999995,100
Real_100,GaussianMix_tight_11,e_value_constant_0.5,none,0.10299999999999997,0.293505,1.0,1.0,0.96,0.8334,0.33299999999999996,0.17639999999999997,0.10299999999999997,100
Real_100,GaussianMix_tight_11,e_value_wsr,none,0.07839999999999998,0.15684100000000004,1.0,0.99,0.4760000000000001,0.23499999999999996,0.141,0.10399999999999998,0.07839999999999998,100
Real_100,GaussianMix_tight_11,empirical_bernstein,none,0.13357057897160834,0.363189089182396,1.0,1.0,1.0,0.982867112474497,0.44431478626799326,0.23987007506035993,0.13357057897160834,100
Real_100,GaussianMix_tight_11,hoeffding,none,0.1920645582639841,0.3447320653135854,1.0,1.0,0.8555631210524546,0.6073614619083051,0.38412911652796816,0.27162030314812396,0.1920645582639841,100
Real_100,GaussianMix_tight_11,sequential_t_test,none,0.08716794582475453,0.16709233614234031,1.0,0.86,0.4308990366883213,0.2698957783219169,0.16444122035046463,0.11880212992693133,0.08716794582475453,100
Real_100,GaussianMix_tight_11,sim2real,Sim_252,0.049575000000000015,0.109728375,1.0,0.98,0.2916625,0.18230000000000002,0.09924375000000002,0.06831874999999998,0.049575000000000015,100
Real_100,GaussianMix_tight_11,sim2real,Sim_35,0.096,0.14534300000000003,1.0,0.95,0.3382,0.2094,0.12359999999999997,0.10099999999999999,0.096,100
Real_100,GaussianMix_tight_11,sim2real,Sim_504,0.05056875000000001,0.110682375,1.0,0.95,0.2948625,0.18688124999999997,0.09957500000000001,0.06873124999999997,0.05056875000000001,100
Real_100,GaussianMix_tight_11,sim2real,Sim_756,0.05071250000000002,0.1101151875,0.99,0.96,0.2932625,0.18321875,0.09942499999999997,0.0683,0.05071250000000002,100
Real_100,GaussianMix_tight_11,sim2real,Sim_7_biased,0.2966,0.348279,1.0,0.99,0.5954,0.4214,0.3390000000000001,0.30339999999999995,0.2966,100
Real_100,GaussianMix_tight_11,t_test,none,0.034656519455110384,0.07472797002686395,0.95,0.5,0.17197242641397406,0.11566027997910615,0.07083883826943133,0.049488297072380664,0.034656519455110384,100
Real_100,GaussianMix_tight_11,vincent,gap_0.05,0.19126697253916256,0.28991343532640895,0.02,0.02,0.5744323092698042,0.44400271529235885,0.31161040342898766,0.24142432878161105,0.19126697253916256,100
Real_100,GaussianMix_tight_11,vincent,gap_0.1,0.25442840160718516,0.35037694333044345,0.97,0.96,0.6240240070073743,0.5008488982816968,0.3729749809941042,0.3038891388580093,0.25442840160718516,100
Real_100,GaussianMix_tight_11,vincent,gap_0.2,0.378373451551153,0.46785180613912286,1.0,1.0,0.7165093000627977,0.6059577429924106,0.4914145116054268,0.4264293658077128,0.378373451551153,100
Real_100,GaussianMix_tight_11,vincent,gap_0.3,0.4985608284030748,0.5781765349497049,1.0,1.0,0.8000935810234001,0.7000110693061168,0.5991413718731357,0.5427850625561738,0.4985608284030748,100
Real_100,GaussianMix_tight_11,z_test,none,0.03436993618835558,0.06696759933118922,0.95,0.3,0.15185651729494581,0.11032735985009184,0.06869986697882645,0.04846780643533433,0.03436993618835558,100
Real_100,GaussianMix_tight_12,e_value_constant_0.25,none,0.16840000000000002,0.44397300000000006,1.0,1.0,0.96,0.96,0.6345999999999999,0.3213999999999999,0.16840000000000002,100
Real_100,GaussianMix_tight_12,e_value_constant_0.5,none,0.09699999999999996,0.28897200000000006,1.0,1.0,0.96,0.8001999999999999,0.32939999999999997,0.1734,0.09699999999999996,100
Real_100,GaussianMix_tight_12,e_value_wsr,none,0.05999999999999999,0.131115,1.0,1.0,0.3864000000000001,0.19560000000000002,0.10839999999999997,0.07739999999999997,0.05999999999999999,100
Real_100,GaussianMix_tight_12,empirical_bernstein,none,0.11944513612852185,0.3425823748358778,1.0,1.0,1.0,0.9045285659391777,0.41689826386676015,0.22018500358205703,0.11944513612852185,100
Real_100,GaussianMix_tight_12,hoeffding,none,0.1920645582639841,0.3435662572478633,1.0,1.0,0.8283594038206148,0.607361461908305,0.38412911652796816,0.27162030314812396,0.1920645582639841,100
Real_100,GaussianMix_tight_12,sequential_t_test,none,0.060763454576450326,0.12261585907044269,1.0,0.92,0.31345246105912145,0.1893642976475325,0.11390427757771271,0.08276696808570058,0.060763454576450326,100
Real_100,GaussianMix_tight_12,sim2real,Sim_252,0.032825000000000014,0.092773078125,1.0,1.0,0.2797,0.16778125,0.08268750000000001,0.049231250000000004,0.032825000000000014,100
Real_100,GaussianMix_tight_12,sim2real,Sim_35,0.14800000000000005,0.19620900000000002,1.0,0.98,0.34680000000000005,0.23799999999999996,0.1814,0.16240000000000004,0.14800000000000005,100
Real_100,GaussianMix_tight_12,sim2real,Sim_504,0.03351250000000002,0.09289417187499999,1.0,1.0,0.2792812499999999,0.16780000000000006,0.08289374999999996,0.049393749999999986,0.03351250000000002,100
Real_100,GaussianMix_tight_12,sim2real,Sim_756,0.03385000000000003,0.09276054687500002,1.0,1.0,0.27876875,0.16555625000000007,0.08264374999999996,0.04951875,0.03385000000000003,100
Real_100,GaussianMix_tight_12,sim2real,Sim_7_biased,0.3472,0.396956,1.0,1.0,0.6595999999999997,0.4718,0.3814,0.3556,0.3472,100
Real_100,GaussianMix_tight_12,t_test,none,0.02429905657892784,0.0547378274251791,0.95,0.4,0.12125480012352398,0.08240497470207134,0.04932263742094081,0.03459365982152188,0.02429905657892784,100
Real_100,GaussianMix_tight_12,vincent,gap_0.05,0.17965529566699193,0.2737342005794222,0.0,0.0,0.546461481076704,0.4179121563930306,0.29253229548002646,0.2267915517509143,0.17965529566699193,100
Real_100,GaussianMix_tight_12,vincent,gap_0.1,0.2388692727985774,0.3307609820410595,0.69,0.67,0.5961049840333962,0.4725640008365938,0.3501345478794019,0.2853237133729402,0.2388692727985774,100
Real_100,GaussianMix_tight_12,vincent,gap_0.2,0.354963679381413,0.44199666309024144,1.0,1.0,0.6904904576322844,0.5763678677259212,0.46230129010762105,0.40007513615154117,0.354963679381413,100
Real_100,GaussianMix_tight_12,vincent,gap_0.3,0.46777302432439305,0.5480527386028387,1.0,1.0,0.7796894980332304,0.6719915929276189,0.5677652613928348,0.5105037044847697,0.46777302432439305,100
Real_100,GaussianMix_tight_12,z_test,none,0.02402597268342131,0.04799752192962562,0.95,0.29,0.10393159213449323,0.07592081033700075,0.04830131283027729,0.033627480594559146,0.02402597268342131,100
Real_100,GaussianMix_tight_13,e_value_constant_0.25,none,0.17159999999999992,0.442443,1.0,1.0,0.96,0.96,0.6357999999999998,0.32480000000000003,0.17159999999999992,100
Real_100,GaussianMix_tight_13,e_value_constant_0.5,none,0.10000000000000007,0.28879000000000005,1.0,1.0,0.96,0.7704000000000001,0.3298,0.17639999999999995,0.10000000000000007,100
Real_100,GaussianMix_tight_13,e_value_wsr,none,0.06740000000000007,0.14393900000000004,1.0,1.0,0.43399999999999994,0.2187999999999999,0.12499999999999996,0.09080000000000003,0.06740000000000007,100
Real_100,GaussianMix_tight_13,empirical_bernstein,none,0.126573191874554,0.35062806108872024,1.0,1.0,1.0,0.8872001507676768,0.4308126327291612,0.23013525413328476,0.126573191874554,100
Real_100,GaussianMix_tight_13,hoeffding,none,0.1920645582639841,0.3424855323695332,1.0,1.0,0.8040380285883256,0.6073614619083051,0.38412911652796816,0.27162030314812396,0.1920645582639841,100
Real_100,GaussianMix_tight_13,sequential_t_test,none,0.07417879815979524,0.14546209860810905,1.0,0.85,0.38284870624890516,0.23298145765776468,0.13989230784645096,0.1008371228728174,0.07417879815979524,100
Real_100,GaussianMix_tight_13,sim2real,Sim_252,0.040675000000000044,0.10240781250000001,1.0,1.0,0.28816875,0.18189374999999994,0.09380625000000004,0.05896250000000006,0.040675000000000044,100
Real_100,GaussianMix_tight_13,sim2real,Sim_35,0.12880000000000005,0.19069400000000003,1.0,1.0,0.35760000000000003,0.25300000000000006,0.18399999999999994,0.15360000000000004,0.12880000000000005,100
Real_100,GaussianMix_tight_13,sim2real,Sim_504,0.04172500000000003,0.10279020312500003,1.0,1.0,0.286525,0.1822,0.09367500000000001,0.059593750000000056,0.04172500000000003,100
Real_100,GaussianMix_tight_13,sim2real,Sim_756,0.04216250000000002,0.10350567187500002,0.99,0.99,0.28973125000000005,0.18163124999999997,0.09490000000000003,0.060112500000000055,0.04216250000000002,100
Real_100,GaussianMix_tight_13,sim2real,Sim_7_biased,0.3782,0.42682300000000006,1.0,1.0,0.695,0.5045999999999999,0.4078,0.38660000000000005,0.3782,100
Real_100,GaussianMix_tight_13,t_test,none,0.02944868705610398,0.06442850956572001,0.96,0.46,0.1443780016324488,0.0979793008674739,0.05996295992916762,0.04197432874198547,0.02944868705610398,100
Real_100,GaussianMix_tight_13,vincent,gap_0.05,0.18551138972869904,0.2821071844843212,0.0,0.0,0.5643206186770378,0.43223729418152684,0.30231434557379355,0.23410676854541076,0.18551138972869904,100
Real_100,GaussianMix_tight_13,vincent,gap_0.1,0.2467191485131966,0.34093594356900775,0.51,0.47,0.6137782972687014,0.4884876548512225,0.3619494170406751,0.2946078875937374,0.2467191485131966,100
Real_100,GaussianMix_tight_13,vincent,gap_0.2,0.3667800631283999,0.45553571757266964,1.0,1.0,0.7057898656205761,0.5934482926937756,0.47805156786912406,0.4133542465805347,0.3667800631283999,100
Real_100,GaussianMix_tight_13,vincent,gap_0.3,0.4836176734299648,0.5643890053310591,1.0,1.0,0.7916179470512382,0.6877107014329841,0.5858896076125756,0.5279999072819933,0.4836176734299648,100
Real_100,GaussianMix_tight_13,z_test,none,0.02928087061832653,0.05761277752893515,0.96,0.29,0.13061059196253744,0.09375358730454643,0.058921964898553975,0.04118671825247752,0.02928087061832653,100
Real_100,GaussianMix_tight_14,e_value_constant_0.25,none,0.17099999999999999,0.44086099999999995,1.0,1.0,0.96,0.96,0.6339999999999999,0.32499999999999996,0.17099999999999999,100
Real_100,GaussianMix_tight_14,e_value_constant_0.5,none,0.10219999999999999,0.28964100000000004,1.0,1.0,0.96,0.7510000000000001,0.33380000000000004,0.17779999999999999,0.10219999999999999,100
Real_100,GaussianMix_tight_14,e_value_wsr,none,0.07780000000000001,0.15746800000000005,1.0,1.0,0.48040000000000005,0.24079999999999996,0.1406,0.1032,0.07780000000000001,100
Real_100,GaussianMix_tight_14,empirical_bernstein,none,0.13356905118244186,0.3582261739506375,1.0,1.0,1.0,0.8753347475053532,0.4444095219338831,0.23977835220511157,0.13356905118244186,100
Real_100,GaussianMix_tight_14,hoeffding,none,0.1920645582639841,0.34134534799169036,1.0,1.0,0.7820888834519298,0.6068035461108923,0.38412911652796816,0.27162030314812396,0.1920645582639841,100
Real_100,GaussianMix_tight_14,sequential_t_test,none,0.0871996563748382,0.16585569380882248,1.0,0.83,0.42558584824432155,0.268819376326071,0.16442475746084395,0.11888917600714724,0.0871996563748382,100
Real_100,GaussianMix_tight_14,sim2real,Sim_252,0.04939375000000004,0.11361082812500001,1.0,0.99,0.30346875,0.19643124999999997,0.10688125,0.07023124999999998,0.04939375000000004,100
Real_100,GaussianMix_tight_14,sim2real,Sim_35,0.11359999999999999,0.175051,1.0,1.0,0.36500000000000005,0.25900000000000006,0.16820000000000004,0.13220000000000007,0.11359999999999999,100
Real_100,GaussianMix_tight_14,sim2real,Sim_504,0.05060625000000003,0.11529760937499998,1.0,0.97,0.30898125,0.2031999999999999,0.10808750000000002,0.07145000000000001,0.05060625000000003,100
Real_100,GaussianMix_tight_14,sim2real,Sim_756,0.05110625000000001,0.11536559375000001,1.0,0.95,0.3086625,0.19881249999999998,0.10873125,0.07164375,0.05110625000000001,100
Real_100,GaussianMix_tight_14,sim2real,Sim_7_biased,0.407,0.453322,1.0,1.0,0.721,0.5316000000000001,0.43479999999999996,0.4164,0.407,100
Real_100,GaussianMix_tight_14,t_test,none,0.034688513349684376,0.07447668457143113,0.95,0.47,0.17192546043200807,0.11541298725045283,0.07087010263267603,0.04951521478030241,0.034688513349684376,100
Real_100,GaussianMix_tight_14,vincent,gap_0.05,0.1911441193144363,0.2896463484671308,0.0,0.0,0.5735499332494084,0.4432409141762681,0.3112541636745923,0.24123391557733367,0.1911441193144363,100
Real_100,GaussianMix_tight_14,vincent,gap_0.1,0.25424646238534804,0.35003185875643467,0.33,0.27,0.623151377249904,0.49992462409613303,0.37249450290358554,0.303627220421289,0.25424646238534804,100
Real_100,GaussianMix_tight_14,vincent,gap_0.2,0.3780434760507414,0.46732352457405063,1.0,1.0,0.715779023674651,0.6048924657801436,0.49061398296919967,0.42596393009062594,0.3780434760507414,100
Real_100,GaussianMix_tight_14,vincent,gap_0.3,0.4979602039144886,0.5774174654638209,1.0,1.0,0.7995859308564006,0.6991076189028798,0.5981147285984055,0.5419584495735152,0.4979602039144886,100
Real_100,GaussianMix_tight_14,z_test,none,0.03444198544178004,0.0670183364271824,0.96,0.3,0.1516855825615927,0.11021183700341444,0.06865933301277352,0.04856309526891439,0.03444198544178004,100
Real_100,GaussianMix_tight_15,e_value_constant_0.25,none,0.17320000000000008,0.4309700000000001,1.0,1.0,0.96,0.96,0.5882,0.3225999999999999,0.17320000000000008,100
Real_100,GaussianMix_tight_15,e_value_constant_0.5,none,0.09839999999999996,0.281854,1.0,1.0,0.96,0.6903999999999999,0.3299999999999999,0.17320000000000008,0.09839999999999996,100
Real_100,GaussianMix_tight_15,e_value_wsr,none,0.06079999999999993,0.134098,1.0,1.0,0.405,0.20920000000000002,0.11560000000000001,0.08019999999999997,0.06079999999999993,100
Real_100,GaussianMix_tight_15,empirical_bernstein,none,0.11932756982620692,0.33443685208540475,1.0,1.0,1.0,0.7938363984746729,0.4164685865451058,0.22000017306767766,0.11932756982620692,100
Real_100,GaussianMix_tight_15,hoeffding,none,0.1920645582639841,0.3372855605754509,1.0,1.0,0.7199635311605137,0.593946339995591,0.3841291165279682,0.27162030314812396,0.1920645582639841,100
Real_100,GaussianMix_tight_15,sequential_t_test,none,0.06049466706287911,0.12196771166887878,1.0,0.91,0.31789664364550874,0.19032705796701307,0.11337104295175716,0.08230627702617536,0.06049466706287911,100
Real_100,GaussianMix_tight_15,sim2real,Sim_252,0.03421875000000002,0.09756528124999997,1.0,1.0,0.3051375,0.18083749999999998,0.08851249999999997,0.05319374999999996,0.03421875000000002,100
Real_100,GaussianMix_tight_15,sim2real,Sim_35,0.07179999999999995,0.14070700000000003,1.0,1.0,0.3576,0.22759999999999994,0.13560000000000005,0.09439999999999996,0.07179999999999995,100
Real_100,GaussianMix_tight_15,sim2real,Sim_504,0.03488125000000001,0.09759415625,1.0,1.0,0.30265625,0.18125625000000004,0.08783749999999997,0.053212499999999954,0.03488125000000001,100
Real_100,GaussianMix_tight_15,sim2real,Sim_756,0.035293750000000006,0.09748587499999997,1.0,1.0,0.30199375,0.17976250000000008,0.08774374999999995,0.05332499999999998,0.035293750000000006,100
Real_100,GaussianMix_tight_15,sim2real,Sim_7_biased,0.45779999999999993,0.5025850000000001,1.0,1.0,0.7694000000000001,0.589,0.48499999999999993,0.46779999999999994,0.45779999999999993,100
Real_100,GaussianMix_tight_15,t_test,none,0.024175098372506816,0.054436064410567316,0.95,0.42,0.11989300113756102,0.08223624302510169,0.04922734390964723,0.03443866162163384,0.024175098372506816,100
Real_100,GaussianMix_tight_15,vincent,gap_0.05,0.17957891440639528,0.2736380399414949,0.0,0.0,0.5463391615577242,0.41783780254773767,0.2924478937783286,0.2266827578960966,0.17957891440639528,100
Real_100,GaussianMix_tight_15,vincent,gap_0.1,0.2387501187294615,0.33062521232874054,0.0,0.0,0.5959856513499313,0.47245493866054317,0.35000542230375287,0.2851709568501295,0.2387501187294615,100
Real_100,GaussianMix_tight_15,vincent,gap_0.2,0.3547352171486875,0.44175626217448155,1.0,1.0,0.6904023044368252,0.5762574108808739,0.4620376360093548,0.3997931287290487,0.3547352171486875,100
Real_100,GaussianMix_tight_15,vincent,gap_0.3,0.4673558359380489,0.5476468115402502,1.0,1.0,0.7796313769788421,0.6718864605093685,0.5673827272373119,0.509974113545406,0.4673558359380489,100
Real_100,GaussianMix_tight_15,z_test,none,0.02386412287363707,0.04778262342325885,0.95,0.28,0.10333854216992837,0.07574052513718557,0.04816079394379437,0.03342086270724983,0.02386412287363707,100
Real_100,GaussianMix_tight_16,e_value_constant_0.25,none,0.17199999999999993,0.42639299999999997,1.0,1.0,0.96,0.96,0.5620000000000002,0.32160000000000005,0.17199999999999993,100
Real_100,GaussianMix_tight_16,e_value_constant_0.5,none,0.10000000000000002,0.28095200000000004,1.0,1.0,0.96,0.6597999999999999,0.33220000000000005,0.17499999999999993,0.10000000000000002,100
Real_100,GaussianMix_tight_16,e_value_wsr,none,0.07060000000000005,0.14693600000000007,1.0,1.0,0.43860000000000005,0.22999999999999993,0.1298,0.09060000000000003,0.07060000000000005,100
Real_100,GaussianMix_tight_16,empirical_bernstein,none,0.1266182089569917,0.34039777176548563,1.0,1.0,1.0,0.776787719474921,0.43104223408976755,0.23015225441372533,0.1266182089569917,100
Real_100,GaussianMix_tight_16,hoeffding,none,0.1920645582639841,0.33440488495911735,1.0,1.0,0.6941029672847064,0.5692869011150945,0.3841291165279682,0.27162030314812396,0.1920645582639841,100
Real_100,GaussianMix_tight_16,sequential_t_test,none,0.07430637564059075,0.14391348421289013,1.0,0.85,0.37864840264225263,0.23230011635756603,0.1401779401109778,0.1010973606269249,0.07430637564059075,100
Real_100,GaussianMix_tight_16,sim2real,Sim_252,0.04283750000000005,0.11020301562500004,1.0,0.99,0.3331,0.20020625000000006,0.10459375,0.06467500000000004,0.04283750000000005,100
Real_100,GaussianMix_tight_16,sim2real,Sim_35,0.08100000000000007,0.14433400000000002,1.0,0.99,0.36339999999999995,0.22399999999999995,0.1296,0.09880000000000001,0.08100000000000007,100
Real_100,GaussianMix_tight_16,sim2real,Sim_504,0.04375625000000004,0.11036039062500003,1.0,0.98,0.32863125000000004,0.20120625000000003,0.10443749999999997,0.06478125000000003,0.04375625000000004,100
Real_100,GaussianMix_tight_16,sim2real,Sim_756,0.044118750000000026,0.11149748437500002,1.0,0.98,0.336425,0.20263124999999998,0.10614375000000001,0.06563125000000004,0.044118750000000026,100
Real_100,GaussianMix_tight_16,sim2real,Sim_7_biased,0.489,0.5323720000000001,1.0,1.0,0.767,0.6192,0.5170000000000001,0.49839999999999995,0.489,100
Real_100,GaussianMix_tight_16,t_test,none,0.029519603585232135,0.06419743088315263,0.96,0.44,0.1448968816917624,0.09767193746882054,0.05997568793377104,0.04203678960869579,0.029519603585232135,100
Real_100,GaussianMix_tight_16,vincent,gap_0.05,0.18548744586209714,0.28206642367791757,0.0,0.0,0.5642343934061236,0.4320857784950812,0.3022349125201204,0.23406437641799685,0.18548744586209714,100
Real_100,GaussianMix_tight_16,vincent,gap_0.1,0.24668757816625908,0.3408804898921802,0.0,0.0,0.6136926691814386,0.4883125761227506,0.3618398901075707,0.2945502621730447,0.24668757816625908,100
Real_100,GaussianMix_tight_16,vincent,gap_0.2,0.36673039320303064,0.4554461893044474,1.0,1.0,0.7057200745152075,0.5932362251574562,0.47786051168024135,0.413263627377845,0.36673039320303064,100
Real_100,GaussianMix_tight_16,vincent,gap_0.3,0.48353492216001415,0.5642634066881312,1.0,1.0,0.7915843555571282,0.687539936746055,0.585642224420174,0.5278506203105855,0.48353492216001415,100
Real_100,GaussianMix_tight_16,z_test,none,0.02938767919475991,0.057769343435611145,0.96,0.29,0.13142914859897067,0.09381340494463859,0.05900576521509096,0.041334658016738815,0.02938767919475991,100
Real_100,GaussianMix_tight_17,e_value_constant_0.25,none,0.17359999999999992,0.42134800000000006,1.0,1.0,0.96,0.96,0.5372,0.32300000000000006,0.17359999999999992,100
Real_100,GaussianMix_tight_17,e_value_constant_0.5,none,0.10220000000000001,0.280062,1.0,1.0,0.96,0.6385999999999998,0.3334000000000001,0.17699999999999994,0.10220000000000001,100
Real_100,GaussianMix_tight_17,e_value_wsr,none,0.07960000000000006,0.16084800000000002,1.0,0.99,0.4708,0.25440000000000007,0.1472,0.10520000000000002,0.07960000000000006,100
Real_100,GaussianMix_tight_17,empirical_bernstein,none,0.1335649037100574,0.34572967808747485,1.0,1.0,1.0,0.7647245850139035,0.44242661417654605,0.23986254520737155,0.1335649037100574,100
Real_100,GaussianMix_tight_17,hoeffding,none,0.1920645582639841,0.33140317915562006,1.0,1.0,0.67187545894493,0.546921771429925,0.3841291165279682,0.27162030314812396,0.1920645582639841,100
Real_100,GaussianMix_tight_17,sequential_t_test,none,0.08715744914652747,0.16454795059900387,1.0,0.85,0.4230178336319127,0.2698691547086141,0.16442261590868879,0.11878894745755446,0.08715744914652747,100
Real_100,GaussianMix_tight_17,sim2real,Sim_252,0.051550000000000054,0.12240792187500002,1.0,0.98,0.35768124999999995,0.21897499999999998,0.11928749999999999,0.07618750000000005,0.051550000000000054,100
Real_100,GaussianMix_tight_17,sim2real,Sim_35,0.09340000000000004,0.15297,1.0,0.99,0.3852,0.23179999999999995,0.1352,0.1094,0.09340000000000004,100
Real_100,GaussianMix_tight_17,sim2real,Sim_504,0.05308125000000005,0.12503065625000004,1.0,0.97,0.36269375000000004,0.22745625000000003,0.12276875000000001,0.07797500000000006,0.05308125000000005,100
Real_100,GaussianMix_tight_17,sim2real,Sim_756,0.05343750000000005,0.12474868750000002,1.0,0.95,0.36275625000000006,0.22398124999999997,0.12263124999999998,0.07811250000000004,0.05343750000000005,100
Real_100,GaussianMix_tight_17,sim2real,Sim_7_biased,0.5168,0.5582079999999999,1.0,0.99,0.7644,0.6452,0.5441999999999999,0.5254000000000001,0.5168,100
Real_100,GaussianMix_tight_17,t_test,none,0.03465208388441777,0.07405637907629174,0.95,0.5,0.17194343744379925,0.11564277984957291,0.0708277235788954,0.0494819027860196,0.03465208388441777,100
Real_100,GaussianMix_tight_17,vincent,gap_0.05,0.19126697253916056,0.28991343532640707,0.0,0.0,0.5744323092698024,0.4440027152923572,0.3116104034289857,0.24142432878160927,0.19126697253916056,100
Real_100,GaussianMix_tight_17,vincent,gap_0.1,0.25442840160718305,0.35037694333044156,0.0,0.0,0.6240240070073725,0.5008488982816951,0.3729749809941022,0.3038891388580074,0.25442840160718305,100
Real_100,GaussianMix_tight_17,vincent,gap_0.2,0.37837345155115076,0.4678518061391208,0.99,0.98,0.7165093000627959,0.6059577429924089,0.49141451160542465,0.4264293658077106,0.37837345155115076,100
Real_100,GaussianMix_tight_17,vincent,gap_0.3,0.4985608284030725,0.5781765349497028,1.0,1.0,0.8000935810233984,0.7000110693061155,0.5991413718731338,0.5427850625561718,0.4985608284030725,100
Real_100,GaussianMix_tight_17,z_test,none,0.0343649044179308,0.06690811755754673,0.95,0.3,0.1518404427397318,0.11031600569378268,0.06869346399734297,0.04846295997027189,0.0343649044179308,100
Real_100,GaussianMix_tight_18,e_value_constant_0.25,none,0.16840000000000008,0.401268,1.0,1.0,0.96,0.9594,0.47859999999999997,0.3191999999999999,0.16840000000000008,100
Real_100,GaussianMix_tight_18,e_value_constant_0.5,none,0.09699999999999996,0.26758399999999993,1.0,1.0,0.96,0.5792,0.3239999999999999,0.17360000000000006,0.09699999999999996,100
Real_100,GaussianMix_tight_18,e_value_wsr,none,0.06239999999999994,0.13975700000000002,1.0,1.0,0.4058,0.2235999999999999,0.12460000000000003,0.08499999999999996,0.06239999999999994,100
Real_100,GaussianMix_tight_18,empirical_bernstein,none,0.1194132107559426,0.3169183973918567,1.0,1.0,1.0,0.683492023891541,0.38720880345948927,0.22014024206110946,0.1194132107559426,100
Real_100,GaussianMix_tight_18,hoeffding,none,0.1920645582639841,0.3199915389022096,1.0,1.0,0.6093821542903417,0.4866827022104301,0.373781459129208,0.27162030314812396,0.1920645582639841,100
Real_100,GaussianMix_tight_18,sequential_t_test,none,0.06069840364586538,0.11996919476146442,1.0,0.92,0.31174867640411563,0.18912501233628587,0.11375765204712769,0.082673090938846,0.06069840364586538,100
Real_100,GaussianMix_tight_18,sim2real,Sim_252,0.03761249999999992,0.10632370312499997,1.0,0.99,0.3708375000000001,0.2039875,0.09913749999999993,0.059206249999999946,0.03761249999999992,100
Real_100,GaussianMix_tight_18,sim2real,Sim_35,0.07019999999999994,0.126479,1.0,0.94,0.39199999999999996,0.21459999999999999,0.10759999999999996,0.07579999999999995,0.07019999999999994,100
Real_100,GaussianMix_tight_18,sim2real,Sim_504,0.03831249999999993,0.10653781249999993,1.0,1.0,0.3687125000000001,0.204,0.09888124999999999,0.05934374999999996,0.03831249999999993,100
Real_100,GaussianMix_tight_18,sim2real,Sim_756,0.03835624999999994,0.10581856249999996,1.0,1.0,0.36685624999999994,0.20315624999999998,0.09728749999999996,0.05927499999999993,0.03835624999999994,100
Real_100,GaussianMix_tight_18,sim2real,Sim_7_biased,0.569,0.6076649999999999,1.0,1.0,0.7602000000000001,0.7082,0.5992,0.5783999999999999,0.569,100
Real_100,GaussianMix_tight_18,t_test,none,0.02427316318460247,0.0541651445330964,0.95,0.4,0.12111824843078799,0.08230251813021203,0.04926193998633765,0.034554443846596124,0.02427316318460247,100
Real_100,GaussianMix_tight_18,vincent,gap_0.05,0.17965529566416477,0.27373420057672676,0.0,0.0,0.5464614810742134,0.4179121563907906,0.29253229547721715,0.22679155174814206,0.17965529566416477,100
Real_100,GaussianMix_tight_18,vincent,gap_0.1,0.2388692727955949,0.33076098203825244,0.0,0.0,0.5961049840309106,0.4725640008342984,0.3501345478764922,0.2853237133700407,0.2388692727955949,100
Real_100,GaussianMix_tight_18,vincent,gap_0.2,0.35496367937820833,0.4419966630872796,0.33,0.26,0.6904904576298732,0.5763678677235825,0.4623012901045635,0.400075136148451,0.35496367937820833,100
Real_100,GaussianMix_tight_18,vincent,gap_0.3,0.4677730243210345,0.548052738599794,1.0,1.0,0.7796894980309702,0.6719915929253301,0.567765261389713,0.5105037044815548,0.4677730243210345,100
Real_100,GaussianMix_tight_18,z_test,none,0.02399247141871938,0.047907372091141084,0.95,0.28,0.10374996346903914,0.07572489268798747,0.04820736950333156,0.03358253848278496,0.02399247141871938,100
Real_100,GaussianMix_tight_19,e_value_constant_0.25,none,0.17199999999999996,0.38929900000000006,1.0,1.0,0.96,0.9483999999999999,0.45199999999999996,0.2934,0.17199999999999996,100
Real_100,GaussianMix_tight_19,e_value_constant_0.5,none,0.09919999999999997,0.262031,1.0,1.0,0.9597999999999999,0.551,0.2985999999999999,0.17619999999999997,0.09919999999999997,100
Real_100,GaussianMix_tight_19,e_value_wsr,none,0.06780000000000001,0.150685,1.0,1.0,0.4128,0.24339999999999992,0.14020000000000002,0.09539999999999997,0.06780000000000001,100
Real_100,GaussianMix_tight_19,empirical_bernstein,none,0.12584274188157396,0.3172389430742555,1.0,1.0,1.0,0.6665849634105122,0.36727299352634374,0.22916645257136403,0.12584274188157396,100
Real_100,GaussianMix_tight_19,hoeffding,none,0.1920645582639841,0.3114677013647367,1.0,1.0,0.5846545894350973,0.4603827979787693,0.3487119229271656,0.2715138315485497,0.1920645582639841,100
Real_100,GaussianMix_tight_19,sequential_t_test,none,0.07277944724017382,0.13858179791843703,1.0,0.85,0.3406899984026137,0.2280815543660963,0.1372145634273795,0.09894525271092654,0.07277944724017382,100
Real_100,GaussianMix_tight_19,sim2real,Sim_252,0.04479375000000005,0.11751846875,1.0,1.0,0.397675,0.22691875000000003,0.1123125,0.06920624999999998,0.04479375000000005,100
Real_100,GaussianMix_tight_19,sim2real,Sim_35,0.07899999999999997,0.139719,1.0,1.0,0.407,0.22939999999999997,0.12160000000000001,0.09279999999999998,0.07899999999999997,100
Real_100,GaussianMix_tight_19,sim2real,Sim_504,0.045350000000000036,0.117481375,1.0,0.99,0.39348749999999993,0.22745625,0.1125625,0.06873125,0.045350000000000036,100
Real_100,GaussianMix_tight_19,sim2real,Sim_756,0.045906250000000044,0.11873190624999998,1.0,1.0,0.4020375,0.23101250000000004,0.11433124999999998,0.06989374999999998,0.045906250000000044,100
Real_100,GaussianMix_tight_19,sim2real,Sim_7_biased,0.5982,0.634111,1.0,1.0,0.7600000000000001,0.7233999999999999,0.6285999999999999,0.608,0.5982,100
Real_100,GaussianMix_tight_19,t_test,none,0.02887490632763824,0.06230196655202189,0.96,0.47,0.1415823887757457,0.09616014583965042,0.05870963115238851,0.041158729689873115,0.02887490632763824,100
Real_100,GaussianMix_tight_19,vincent,gap_0.05,0.18551138936271006,0.2821071841177474,0.0,0.0,0.5643206183027774,0.4322372936963238,0.30231434519029576,0.23410676819958604,0.18551138936271006,100
Real_100,GaussianMix_tight_19,vincent,gap_0.1,0.2467191481276589,0.3409359431886238,0.0,0.0,0.6137782968951488,0.4884876543587884,0.36194941664459,0.2946078872320961,0.2467191481276589,100
Real_100,GaussianMix_tight_19,vincent,gap_0.2,0.3667800627150855,0.45553571717373487,0.27,0.2,0.7057898652579268,0.5934482921959785,0.4780515674546983,0.4133542461952415,0.3667800627150855,100
Real_100,GaussianMix_tight_19,vincent,gap_0.3,0.4836176729978165,0.5643890049233211,1.0,1.0,0.7916179467104086,0.6877107009414253,0.5858896071900221,0.5279999068811163,0.4836176729978165,100
Real_100,GaussianMix_tight_19,z_test,none,0.028700515783603962,0.05641767968356832,0.96,0.29,0.1271506459916475,0.0917335957943165,0.057806854965532686,0.04043729394329836,0.028700515783603962,100
Real_100,TruncNorm_tight_0_060,e_value_constant_0.25,none,0.12,0.31652500000000006,1.0,1.0,0.96,0.86,0.35999999999999993,0.19999999999999996,0.12,100
Real_100,TruncNorm_tight_0_060,e_value_constant_0.5,none,0.08499999999999998,0.212325,1.0,1.0,0.9399999999999996,0.46,0.19999999999999996,0.12,0.08499999999999998,100
Real_100,TruncNorm_tight_0_060,e_value_wsr,none,0.039999999999999994,0.11260000000000003,1.0,1.0,0.33,0.18499999999999997,0.08499999999999998,0.06,0.039999999999999994,100
Real_100,TruncNorm_tight_0_060,empirical_bernstein,none,0.09582774889149057,0.24459970590112698,1.0,1.0,1.0,0.5287863976435215,0.24583193918723686,0.15449440632683056,0.09582774889149057,100
Real_100,TruncNorm_tight_0_060,hoeffding,none,0.15549922776132596,0.23907335612364036,1.0,1.0,0.4887752929606561,0.3614851334498701,0.25151901117946135,0.19432429441005944,0.15549922776132596,100
Real_100,TruncNorm_tight_0_060,sequential_t_test,none,0.017267895585448497,0.03746120309797871,1.0,1.0,0.07763270933059556,0.046817980774080274,0.03158976611972727,0.02316251302821217,0.017267895585448497,100
Real_100,TruncNorm_tight_0_060,sim2real,Sim_252,0.020937500000000005,0.08817265625000001,1.0,1.0,0.4153125000000001,0.20609375,0.0721875,0.03796875,0.020937500000000005,100
Real_100,TruncNorm_tight_0_060,sim2real,Sim_35,0.07999999999999997,0.12310000000000003,1.0,1.0,0.35999999999999993,0.18499999999999997,0.08999999999999998,0.07999999999999997,0.07999999999999997,100
Real_100,TruncNorm_tight_0_060,sim2real,Sim_504,0.02171875000000002,0.08880625,1.0,1.0,0.41921875,0.21843750000000006,0.07187500000000001,0.03765625,0.02171875000000002,100
Real_100,TruncNorm_tight_0_060,sim2real,Sim_756,0.02046875000000002,0.086199609375,1.0,1.0,0.40890625,0.18875,0.07046874999999998,0.036406249999999994,0.02046875000000002,100
Real_100,TruncNorm_tight_0_060,sim2real,Sim_7_biased,0.105,0.14337500000000003,1.0,1.0,0.3,0.19999999999999996,0.13000000000000003,0.105,0.105,100
Real_100,TruncNorm_tight_0_060,t_test,none,0.0069444441630358966,0.01945895557657229,1.0,0.75,0.04077493334827229,0.025446057069103273,0.014403498442511618,0.009679093915268435,0.0069444441630358966,100
Real_100,TruncNorm_tight_0_060,vincent,gap_0.05,0.15748881108606905,0.2438717613689407,0.0,0.0,0.49725142193166944,0.37109690842540083,0.25731739547752475,0.19910706901961656,0.15748881108606905,100
Real_100,TruncNorm_tight_0_060,vincent,gap_0.1,0.2098663460967433,0.29509717837706495,0.0,0.0,0.5471910445751551,0.4218625371642624,0.3088336397331247,0.2510873657230188,0.2098663460967433,100
Real_100,TruncNorm_tight_0_060,vincent,gap_0.2,0.3132921829096064,0.39641421531002907,0.0,0.0,0.6461791012681003,0.5224256094066028,0.4108518293223892,0.3538836762500472,0.3132921829096064,100
Real_100,TruncNorm_tight_0_060,vincent,gap_0.3,0.41527983461646684,0.49599886245087094,0.0,0.0,0.7439577241487402,0.6217707155611063,0.5115744786772247,0.4553194287413993,0.41527983461646684,100
Real_100,TruncNorm_tight_0_060,z_test,none,0.006772200287897043,0.0170428690687086,1.0,0.25,0.028228395606437987,0.022636255063716252,0.013835386167977583,0.009609342470368583,0.006772200287897043,100
Real_100,TruncNorm_tight_0_083,e_value_constant_0.25,none,0.14500000000000005,0.33812499999999995,1.0,1.0,0.96,0.8900000000000002,0.38000000000000006,0.22,0.14500000000000005,100
Real_100,TruncNorm_tight_0_083,e_value_constant_0.5,none,0.09999999999999998,0.23092500000000002,1.0,1.0,0.9549999999999998,0.48,0.22,0.14500000000000005,0.09999999999999998,100
Real_100,TruncNorm_tight_0_083,e_value_wsr,none,0.05000000000000001,0.11687500000000003,1.0,1.0,0.3400000000000001,0.19499999999999995,0.095,0.06,0.05000000000000001,100
Real_100,TruncNorm_tight_0_083,empirical_bernstein,none,0.09952568160079252,0.2622748198171104,1.0,1.0,1.0,0.5576887254513294,0.27251504317217035,0.18013860406750773,0.09952568160079252,100
Real_100,TruncNorm_tight_0_083,hoeffding,none,0.17793262937156495,0.26105821569743964,1.0,1.0,0.5111603569750313,0.38327850027820065,0.2739507107581607,0.21638009107039274,0.17793262937156495,100
Real_100,TruncNorm_tight_0_083,sequential_t_test,none,0.024113864518137046,0.04977805448951589,1.0,1.0,0.10833793059669762,0.06537381250018681,0.044106384804797664,0.03233793142004551,0.024113864518137046,100
Real_100,TruncNorm_tight_0_083,sim2real,Sim_252,0.022812499999999982,0.089726953125,1.0,1.0,0.3989062500000001,0.20656249999999995,0.07562499999999998,0.03999999999999998,0.022812499999999982,100
Real_100,TruncNorm_tight_0_083,sim2real,Sim_35,0.055,0.10947500000000003,1.0,1.0,0.355,0.18499999999999997,0.09,0.055,0.055,100
Real_100,TruncNorm_tight_0_083,sim2real,Sim_504,0.02390625,0.09155234375000003,1.0,1.0,0.4039062500000001,0.21328125,0.07500000000000001,0.04234374999999999,0.02390625,100
Real_100,TruncNorm_tight_0_083,sim2real,Sim_756,0.02265625,0.08827890625,1.0,1.0,0.3903125,0.1890625,0.07265625000000002,0.04140625,0.02265625,100
Real_100,TruncNorm_tight_0_083,sim2real,Sim_7_biased,0.08499999999999998,0.133475,1.0,1.0,0.31999999999999995,0.18999999999999997,0.12,0.09499999999999999,0.08499999999999998,100
Real_100,TruncNorm_tight_0_083,t_test,none,0.009695530524214582,0.025161958545758808,1.0,0.75,0.05681010033056356,0.035458000137303367,0.02009391105329244,0.013511695621914071,0.009695530524214582,100
Real_100,TruncNorm_tight_0_083,vincent,gap_0.05,0.16207142341122666,0.249302117700922,0.0,0.0,0.5043642267748305,0.37806337897866976,0.26341852946216116,0.20442583541418077,0.16207142341122666,100
Real_100,TruncNorm_tight_0_083,vincent,gap_0.1,0.21539997240928813,0.3012177015021671,0.0,0.0,0.5542796984760662,0.4291352592086769,0.31554127141084054,0.2571982507861883,0.21539997240928813,100
Real_100,TruncNorm_tight_0_083,vincent,gap_0.2,0.32019614392611134,0.4034615531978815,0.0,0.0,0.6528629778522425,0.5299235603447648,0.4183667368242887,0.3611130855077235,0.32019614392611134,100
Real_100,TruncNorm_tight_0_083,vincent,gap_0.3,0.42297885630472076,0.5034482597455283,0.0,0.0,0.7497530498995149,0.6290067089647808,0.5193784459171039,0.46312313898790153,0.42297885630472076,100
Real_100,TruncNorm_tight_0_083,z_test,none,0.009458800580668524,0.0218178729233584,1.0,0.25,0.039390428238307726,0.03160685401791418,0.019322816071368466,0.013421580526177979,0.009458800580668524,100
Real_100,TruncNorm_tight_0_105,e_value_constant_0.25,none,0.17499999999999996,0.35942500000000005,1.0,1.0,0.96,0.9150000000000001,0.4049999999999999,0.25,0.17499999999999996,100
Real_100,TruncNorm_tight_0_105,e_value_constant_0.5,none,0.09999999999999998,0.24275,1.0,1.0,0.96,0.505,0.245,0.17999999999999997,0.09999999999999998,100
Real_100,TruncNorm_tight_0_105,e_value_wsr,none,0.04999999999999999,0.12040000000000005,1.0,1.0,0.34,0.20499999999999996,0.11,0.06,0.04999999999999999,100
Real_100,TruncNorm_tight_0_105,empirical_bernstein,none,0.10322248057561964,0.2768930012030219,1.0,1.0,1.0,0.5865929477972339,0.2992008362895463,0.1979763039997272,0.10322248057561964,100
Real_100,TruncNorm_tight_0_105,hoeffding,none,0.19206455826398408,0.28213002191257597,1.0,1.0,0.5335492342229382,0.4050762939597914,0.29638638148869867,0.23843986969529202,0.19206455826398408,100
Real_100,TruncNorm_tight_0_105,sequential_t_test,none,0.030957854885910244,0.06195471314652178,1.0,1.0,0.13903156928710464,0.08392348804140777,0.056619723238752986,0.04151079619758893,0.030957854885910244,100
Real_100,TruncNorm_tight_0_105,sim2real,Sim_252,0.02625,0.0928328125,1.0,1.0,0.38640624999999995,0.20578125,0.0790625,0.045468750000000016,0.02625,100
Real_100,TruncNorm_tight_0_105,sim2real,Sim_35,0.06,0.11455,1.0,1.0,0.35999999999999993,0.18999999999999997,0.09499999999999999,0.07,0.06,100
Real_100,TruncNorm_tight_0_105,sim2real,Sim_504,0.026562499999999996,0.09355039062500001,1.0,1.0,0.39140625,0.20953125000000003,0.07859374999999998,0.044531250000000036,0.026562499999999996,100
Real_100,TruncNorm_tight_0_105,sim2real,Sim_756,0.02453124999999999,0.089533984375,1.0,1.0,0.37609375000000006,0.18828125000000007,0.07453124999999998,0.04343750000000001,0.02453124999999999,100
Real_100,TruncNorm_tight_0_105,sim2real,Sim_7_biased,0.06,0.11770000000000001,1.0,1.0,0.3350000000000001,0.17999999999999997,0.09999999999999998,0.075,0.06,100
Real_100,TruncNorm_tight_0_105,t_test,none,0.012445744344739641,0.03086302255985741,1.0,0.75,0.07283853689581518,0.045465642582925604,0.025782241260133353,0.017342965228367514,0.012445744344739641,100
Real_100,TruncNorm_tight_0_105,vincent,gap_0.05,0.16665399036698328,0.2547324142310278,0.0,0.0,0.5114769727512796,0.38502980615858573,0.26951957418569844,0.20974454389199523,0.16665399036698328,100
Real_100,TruncNorm_tight_0_105,vincent,gap_0.1,0.22093355166927725,0.3073381638154648,0.0,0.0,0.5613682935457567,0.43640793744115697,0.32224881291416324,0.2633090766609026,0.22093355166927725,100
Real_100,TruncNorm_tight_0_105,vincent,gap_0.2,0.327100055777943,0.41050882923320087,0.0,0.0,0.6595467962086228,0.5374214671531049,0.42588155300306263,0.36834243395140964,0.327100055777943,100
Real_100,TruncNorm_tight_0_105,vincent,gap_0.3,0.43067782773211327,0.5108975950944137,0.0,0.0,0.7555483188558334,0.6362426586086197,0.5271823214395809,0.47092678765124796,0.43067782773211327,100
Real_100,TruncNorm_tight_0_105,z_test,none,0.012144547988922455,0.026591247793255723,1.0,0.25,0.05054787845726679,0.04057423647255329,0.02480841294409194,0.017232555588049286,0.012144547988922455,100
Real_100,TruncNorm_tight_0_128,e_value_constant_0.25,none,0.17999999999999997,0.3770499999999999,1.0,1.0,0.96,0.9349999999999996,0.43,0.27499999999999997,0.17999999999999997,100
Real_100,TruncNorm_tight_0_128,e_value_constant_0.5,none,0.09999999999999998,0.25165000000000004,1.0,1.0,0.96,0.525,0.27,0.17999999999999997,0.09999999999999998,100
Real_100,TruncNorm_tight_0_128,e_value_wsr,none,0.04500000000000002,0.12335000000000002,1.0,1.0,0.355,0.20999999999999996,0.11,0.06999999999999999,0.04500000000000002,100
Real_100,TruncNorm_tight_0_128,empirical_bernstein,none,0.1069187529895562,0.28951563513341744,1.0,1.0,1.0,0.6154980796798559,0.32588790794582173,0.203302075011344,0.1069187529895562,100
Real_100,TruncNorm_tight_0_128,hoeffding,none,0.19206455826398408,0.29745484932081584,1.0,1.0,0.5559399075519946,0.42687616274172513,0.31882392542078763,0.259960466324167,0.19206455826398408,100
Real_100,TruncNorm_tight_0_128,sequential_t_test,none,0.03780092776344274,0.07396320015633338,1.0,1.0,0.16971985546022472,0.10247030413571474,0.06913153751687343,0.05068247761956329,0.03780092776344274,100
Real_100,TruncNorm_tight_0_128,sim2real,Sim_252,0.028281250000000025,0.09532109375000002,1.0,1.0,0.374375,0.20390625,0.08250000000000002,0.04734374999999999,0.028281250000000025,100
Real_100,TruncNorm_tight_0_128,sim2real,Sim_35,0.08499999999999998,0.14185000000000006,1.0,1.0,0.345,0.20499999999999996,0.12500000000000003,0.105,0.08499999999999998,100
Real_100,TruncNorm_tight_0_128,sim2real,Sim_504,0.028750000000000022,0.09571289062500003,1.0,1.0,0.38015624999999986,0.20671874999999995,0.08406250000000001,0.04703125000000001,0.028750000000000022,100
Real_100,TruncNorm_tight_0_128,sim2real,Sim_756,0.027656250000000028,0.09112226562500002,1.0,1.0,0.36546875,0.18531250000000005,0.07656250000000002,0.044999999999999984,0.027656250000000028,100
Real_100,TruncNorm_tight_0_128,sim2real,Sim_7_biased,0.040000000000000015,0.10900000000000003,1.0,1.0,0.33,0.17499999999999996,0.09999999999999998,0.06999999999999998,0.040000000000000015,100
Real_100,TruncNorm_tight_0_128,t_test,none,0.01519555540939994,0.036563208047437824,1.0,0.75,0.08886396088221346,0.05547134690681114,0.031469623869138263,0.02117362226489152,0.01519555540939994,100
Real_100,TruncNorm_tight_0_128,vincent,gap_0.05,0.1712359991728167,0.2601619827106479,0.0,0.0,0.5185889753947724,0.39199568435218574,0.2756195571457173,0.21506255250483544,0.1712359991728167,100
Real_100,TruncNorm_tight_0_128,vincent,gap_0.1,0.22646655136509788,0.31345788520937834,0.0,0.0,0.5684561457340339,0.44368006110736685,0.3289552810343839,0.2694191864911073,0.22646655136509788,100
Real_100,TruncNorm_tight_0_128,vincent,gap_0.2,0.3340033611937332,0.41755535105589464,0.0,0.0,0.6662298793612343,0.5449188153507729,0.4333952811837193,0.3755710456693487,0.3340033611937332,100
Real_100,TruncNorm_tight_0_128,vincent,gap_0.3,0.4383761787769492,0.5183461749813649,0.71,0.67,0.7613428708438896,0.6434780543490293,0.534985103947667,0.47872968980295305,0.4383761787769492,100
Real_100,TruncNorm_tight_0_128,z_test,none,0.014829900155125187,0.031363869371357475,1.0,0.25,0.06170322972982171,0.04954013638003385,0.03029316075209279,0.021042944442273698,0.014829900155125187,100
Real_100,TruncNorm_tight_0_150,e_value_constant_0.25,none,0.17999999999999997,0.3876250000000001,1.0,1.0,0.96,0.9549999999999998,0.445,0.3,0.17999999999999997,100
Real_100,TruncNorm_tight_0_150,e_value_constant_0.5,none,0.09999999999999998,0.2569999999999999,1.0,1.0,0.96,0.545,0.3,0.17999999999999997,0.09999999999999998,100
Real_100,TruncNorm_tight_0_150,e_value_wsr,none,0.03999999999999998,0.11087500000000004,1.0,1.0,0.31999999999999995,0.17999999999999997,0.095,0.04999999999999999,0.03999999999999998,100
Real_100,TruncNorm_tight_0_150,empirical_bernstein,none,0.09607596373889267,0.28251396842723125,1.0,1.0,1.0,0.6188582146572805,0.3357741836954471,0.18766464608808525,0.09607596373889267,100
Real_100,TruncNorm_tight_0_150,hoeffding,none,0.19206455826398408,0.30901585584424635,1.0,1.0,0.578232094274226,0.4509415313422498,0.3411845612741431,0.2716203031481239,0.19206455826398408,100
Real_100,TruncNorm_tight_0_150,sequential_t_test,none,0.017818976098700808,0.039902168772782944,1.0,1.0,0.08043473378289157,0.04815484508199221,0.03278004761984357,0.024055249887156557,0.017818976098700808,100
Real_100,TruncNorm_tight_0_150,sim2real,Sim_252,0.019062499999999954,0.08294648437499999,1.0,1.0,0.35734375000000007,0.18187499999999995,0.06890625,0.03515624999999997,0.019062499999999954,100
Real_100,TruncNorm_tight_0_150,sim2real,Sim_35,0.08499999999999998,0.142625,1.0,1.0,0.3400000000000001,0.21499999999999994,0.13000000000000003,0.105,0.08499999999999998,100
Real_100,TruncNorm_tight_0_150,sim2real,Sim_504,0.01999999999999995,0.082900390625,1.0,1.0,0.35890625,0.18281250000000007,0.06859375,0.03515624999999997,0.01999999999999995,100
Real_100,TruncNorm_tight_0_150,sim2real,Sim_756,0.01859374999999995,0.08119531249999998,1.0,1.0,0.35546875,0.17546875,0.06703124999999999,0.034531249999999986,0.01859374999999995,100
Real_100,TruncNorm_tight_0_150,sim2real,Sim_7_biased,0.03999999999999998,0.10072500000000001,1.0,1.0,0.30499999999999994,0.17499999999999996,0.09999999999999998,0.055,0.03999999999999998,100
Real_100,TruncNorm_tight_0_150,t_test,none,0.007169597875817378,0.020490014199622417,1.0,0.75,0.04316742782743312,0.02688635620860355,0.01499123583268776,0.009983029228790796,0.007169597875817378,100
Real_100,TruncNorm_tight_0_150,vincent,gap_0.05,0.15748881108609655,0.24387176136897704,0.0,0.0,0.49725142193170513,0.37109690842542703,0.2573173954775789,0.1991070690196517,0.15748881108609655,100
Real_100,TruncNorm_tight_0_150,vincent,gap_0.1,0.20986634609677185,0.29509717837710175,0.0,0.0,0.5471910445751906,0.42186253716428884,0.30883363973317945,0.2510873657230548,0.20986634609677185,100
Real_100,TruncNorm_tight_0_150,vincent,gap_0.2,0.31329218290963623,0.39641421531006654,0.0,0.0,0.6461791012681357,0.5224256094066295,0.41085182932244474,0.35388367625008416,0.31329218290963623,100
Real_100,TruncNorm_tight_0_150,vincent,gap_0.3,0.4152798346164973,0.4959988624509085,0.01,0.01,0.7439577241487747,0.6217707155611326,0.5115744786772803,0.4553194287414367,0.4152798346164973,100
Real_100,TruncNorm_tight_0_150,z_test,none,0.006937136992511263,0.01734895234239572,1.0,0.25,0.029192650477388896,0.023241024001860823,0.014172939783979795,0.009835286326291992,0.006937136992511263,100
Real_100,TruncNorm_tight_0_173,e_value_constant_0.25,none,0.17499999999999996,0.39879999999999993,1.0,1.0,0.96,0.96,0.48,0.31999999999999995,0.17499999999999996,100
Real_100,TruncNorm_tight_0_173,e_value_constant_0.5,none,0.09999999999999998,0.2633499999999999,1.0,1.0,0.96,0.57,0.31999999999999995,0.17999999999999997,0.09999999999999998,100
Real_100,TruncNorm_tight_0_173,e_value_wsr,none,0.05000000000000001,0.113875,1.0,1.0,0.32499999999999996,0.18499999999999997,0.09499999999999996,0.06,0.05000000000000001,100
Real_100,TruncNorm_tight_0_173,empirical_bernstein,none,0.0999037585324907,0.29257819905060944,1.0,1.0,1.0,0.6476549371751971,0.36228104674067574,0.19317584182743772,0.0999037585324907,100
Real_100,TruncNorm_tight_0_173,hoeffding,none,0.19206455826398408,0.3168278643397605,1.0,1.0,0.6001987998194257,0.47230746726015205,0.3632941509692914,0.2716203031481238,0.19206455826398408,100
Real_100,TruncNorm_tight_0_173,sequential_t_test,none,0.024946475077405744,0.05302759414314997,1.0,1.0,0.11260835347390302,0.0674166567755658,0.04589186567016947,0.033677168575938984,0.024946475077405744,100
Real_100,TruncNorm_tight_0_173,sim2real,Sim_252,0.02187500000000002,0.084818359375,1.0,1.0,0.34453125000000007,0.1809375,0.07187499999999998,0.03796875000000001,0.02187500000000002,100
Real_100,TruncNorm_tight_0_173,sim2real,Sim_35,0.06,0.11100000000000002,1.0,1.0,0.34,0.19999999999999996,0.09499999999999996,0.06,0.06,100
Real_100,TruncNorm_tight_0_173,sim2real,Sim_504,0.022031250000000027,0.085849609375,1.0,1.0,0.34734375,0.18140625000000005,0.07187500000000002,0.038593750000000024,0.022031250000000027,100
Real_100,TruncNorm_tight_0_173,sim2real,Sim_756,0.020781250000000032,0.08297304687500001,1.0,1.0,0.34484375,0.17234375,0.06859374999999997,0.03765625000000003,0.020781250000000032,100
Real_100,TruncNorm_tight_0_173,sim2real,Sim_7_biased,0.06,0.11367500000000003,1.0,1.0,0.3,0.18499999999999997,0.09999999999999996,0.06999999999999998,0.06,100
Real_100,TruncNorm_tight_0_173,t_test,none,0.01003740889869964,0.026582988584803867,1.0,0.75,0.0604341551289329,0.03764075040361894,0.020987672368097895,0.013976213031751757,0.01003740889869964,100
Real_100,TruncNorm_tight_0_173,vincent,gap_0.05,0.16207142386773832,0.24930211830321627,0.0,0.0,0.5043642273656922,0.3780633794139368,0.2634185303630169,0.20442583599788766,0.16207142386773832,100
Real_100,TruncNorm_tight_0_173,vincent,gap_0.1,0.21539997288268378,0.3012177021145909,0.0,0.0,0.5542796990665718,0.4291352596483434,0.3155412723208576,0.25719825138265184,0.21539997288268378,100
Real_100,TruncNorm_tight_0_173,vincent,gap_0.2,0.320196144420694,0.4034615538207415,0.0,0.0,0.6528629784366947,0.5299235607876203,0.4183667377458289,0.361113086120493,0.320196144420694,100
Real_100,TruncNorm_tight_0_173,vincent,gap_0.3,0.4229788568102994,0.5034482603693196,1.0,1.0,0.7497530504695896,0.6290067094039248,0.5193784468425989,0.4631231396083865,0.4229788568102994,100
Real_100,TruncNorm_tight_0_173,z_test,none,0.00971197742600656,0.022288507872660023,1.0,0.25,0.04086962965699643,0.032537384676906866,0.019842087830127544,0.01376938224381388,0.00971197742600656,100
Real_100,TruncNorm_tight_0_195,e_value_constant_0.25,none,0.16500000000000004,0.4077000000000001,1.0,1.0,0.96,0.96,0.5,0.31999999999999995,0.16500000000000004,100
Real_100,TruncNorm_tight_0_195,e_value_constant_0.5,none,0.08999999999999997,0.26872500000000005,1.0,1.0,0.96,0.59,0.33,0.17,0.08999999999999997,100
Real_100,TruncNorm_tight_0_195,e_value_wsr,none,0.05000000000000001,0.11600000000000003,1.0,1.0,0.3299999999999999,0.18499999999999997,0.09999999999999996,0.06,0.05000000000000001,100
Real_100,TruncNorm_tight_0_195,empirical_bernstein,none,0.1037307926188527,0.30197660190417325,1.0,1.0,1.0,0.6764519063847358,0.38592196765899395,0.19868633874833627,0.1037307926188527,100
Real_100,TruncNorm_tight_0_195,hoeffding,none,0.19206455826398408,0.32271500475746784,1.0,1.0,0.6221674526124346,0.4936750275055447,0.3811652021906142,0.27162030314812385,0.19206455826398408,100
Real_100,TruncNorm_tight_0_195,sequential_t_test,none,0.03207205948803418,0.06576308767013203,1.0,1.0,0.1447762176762709,0.08667581281321095,0.05899946885467935,0.04329529676903295,0.03207205948803418,100
Real_100,TruncNorm_tight_0_195,sim2real,Sim_252,0.02515625000000005,0.087533984375,1.0,1.0,0.3343749999999999,0.1815625,0.0746875,0.04140624999999999,0.02515625000000005,100
Real_100,TruncNorm_tight_0_195,sim2real,Sim_35,0.040000000000000015,0.10532500000000003,1.0,1.0,0.3350000000000001,0.19999999999999996,0.09999999999999998,0.06,0.040000000000000015,100
Real_100,TruncNorm_tight_0_195,sim2real,Sim_504,0.024687500000000025,0.08857421875000002,1.0,1.0,0.3364062499999999,0.18171875,0.0759375,0.04171874999999999,0.024687500000000025,100
Real_100,TruncNorm_tight_0_195,sim2real,Sim_756,0.023750000000000028,0.08465937500000002,1.0,1.0,0.33296875,0.17015625,0.07015624999999999,0.03937499999999999,0.023750000000000028,100
Real_100,TruncNorm_tight_0_195,sim2real,Sim_7_biased,0.07999999999999997,0.13330000000000003,1.0,1.0,0.3149999999999999,0.19999999999999996,0.12,0.09999999999999996,0.07999999999999997,100
Real_100,TruncNorm_tight_0_195,t_test,none,0.012904629732549244,0.03262844002678622,1.0,0.75,0.07769575736283914,0.04839202786907313,0.026982894027111515,0.017968810570244288,0.012904629732549244,100
Real_100,TruncNorm_tight_0_195,vincent,gap_0.05,0.16665403664918224,0.25473247523719444,0.0,0.0,0.5114770327994231,0.3850298504022579,0.26951966524806426,0.20974460297587055,0.16665403664918224,100
Real_100,TruncNorm_tight_0_195,vincent,gap_0.1,0.22093359966839046,0.3073382258518146,0.0,0.0,0.5613683535576971,0.4364079821322073,0.3222489049081412,0.26330913704199044,0.22093359966839046,100
Real_100,TruncNorm_tight_0_195,vincent,gap_0.2,0.32710010593153727,0.4105088923311467,0.0,0.0,0.6595468556050007,0.537421512168419,0.42588164616881374,0.36834249599063623,0.32710010593153727,100
Real_100,TruncNorm_tight_0_195,vincent,gap_0.3,0.43067787900388227,0.5108976582874604,1.0,1.0,0.7555483767901575,0.6362427032465265,0.5271824150075163,0.4709268504750675,0.43067787900388227,100
Real_100,TruncNorm_tight_0_195,z_test,none,0.012486515897140909,0.02722752921531936,1.0,0.25,0.05254490551050574,0.041832716600117614,0.025510649944859007,0.017703086814366692,0.012486515897140909,100
Real_100,TruncNorm_tight_0_218,e_value_constant_0.25,none,0.16499999999999995,0.4150500000000001,1.0,1.0,0.96,0.96,0.52,0.31999999999999995,0.16499999999999995,100
Real_100,TruncNorm_tight_0_218,e_value_constant_0.5,none,0.08500000000000003,0.272175,1.0,1.0,0.96,0.6099999999999999,0.32499999999999996,0.15999999999999995,0.08500000000000003,100
Real_100,TruncNorm_tight_0_218,e_value_wsr,none,0.04999999999999999,0.12050000000000002,1.0,1.0,0.34,0.19499999999999995,0.10000000000000003,0.065,0.04999999999999999,100
Real_100,TruncNorm_tight_0_218,empirical_bernstein,none,0.10755422033012922,0.3108379194241747,1.0,1.0,1.0,0.7052500797798967,0.39402320204649166,0.20419344386306942,0.10755422033012922,100
Real_100,TruncNorm_tight_0_218,hoeffding,none,0.19206455826398408,0.3272818198094896,1.0,1.0,0.6441455332772638,0.5150504736657056,0.38412911652796816,0.2716203031481238,0.19206455826398408,100
Real_100,TruncNorm_tight_0_218,sequential_t_test,none,0.039188543359773564,0.07845807679441712,1.0,1.0,0.17691609363219857,0.10592205127022353,0.0720868486620355,0.05289551394675054,0.039188543359773564,100
Real_100,TruncNorm_tight_0_218,sim2real,Sim_252,0.02703124999999998,0.09011914062499998,1.0,1.0,0.32421875,0.18281249999999996,0.07765625000000001,0.04562499999999997,0.02703124999999998,100
Real_100,TruncNorm_tight_0_218,sim2real,Sim_35,0.06,0.12142500000000002,1.0,1.0,0.3400000000000001,0.19999999999999996,0.10000000000000005,0.08000000000000003,0.06,100
Real_100,TruncNorm_tight_0_218,sim2real,Sim_504,0.0275,0.09037343750000001,1.0,1.0,0.32640625,0.18234375,0.07953125,0.043281249999999966,0.0275,100
Real_100,TruncNorm_tight_0_218,sim2real,Sim_756,0.026093749999999957,0.08580585937499999,1.0,1.0,0.321875,0.1690625,0.07203125,0.041093749999999984,0.026093749999999957,100
Real_100,TruncNorm_tight_0_218,sim2real,Sim_7_biased,0.06,0.11265000000000004,1.0,1.0,0.31999999999999995,0.18999999999999997,0.09500000000000003,0.065,0.06,100
Real_100,TruncNorm_tight_0_218,t_test,none,0.015769008374001706,0.03865596002313813,1.0,0.75,0.09493243716153922,0.059128153469866815,0.0329722072493105,0.02195855512499799,0.015769008374001706,100
Real_100,TruncNorm_tight_0_218,vincent,gap_0.05,0.1712366493504604,0.26016283206540564,0.0,0.0,0.5185898381293986,0.39199632131414625,0.2756207999749116,0.2150633698513498,0.1712366493504604,100
Real_100,TruncNorm_tight_0_218,vincent,gap_0.1,0.2264672263709667,0.3134587494814926,0.0,0.0,0.5684570079451297,0.44368070453886593,0.3289565373356161,0.26942002259658526,0.2264672263709667,100
Real_100,TruncNorm_tight_0_218,vincent,gap_0.2,0.33400406735552957,0.4175562307321733,0.48,0.44,0.6662307326706767,0.5449194634714527,0.4333965544299662,0.37557190575317245,0.33400406735552957,100
Real_100,TruncNorm_tight_0_218,vincent,gap_0.3,0.4383769011086833,0.5183470560960594,1.0,1.0,0.76134370301062,0.6434786970120144,0.5349863830099069,0.47873056123278657,0.4383769011086833,100
Real_100,TruncNorm_tight_0_218,z_test,none,0.015259584418459995,0.03216394829313765,1.0,0.25,0.06421188302388005,0.051123035154254565,0.031176357576187155,0.021634884957685716,0.015259584418459995,100
Real_100,TruncNorm_tight_0_241,e_value_constant_0.25,none,0.15999999999999998,0.41977500000000023,1.0,1.0,0.96,0.96,0.54,0.31999999999999995,0.15999999999999998,100
Real_100,TruncNorm_tight_0_241,e_value_constant_0.5,none,0.08500000000000002,0.2742000000000001,1.0,1.0,0.96,0.6399999999999999,0.31999999999999995,0.15999999999999998,0.08500000000000002,100
Real_100,TruncNorm_tight_0_241,e_value_wsr,none,0.040000000000000015,0.10700000000000003,1.0,1.0,0.31499999999999995,0.16999999999999996,0.08499999999999996,0.05500000000000002,0.040000000000000015,100
Real_100,TruncNorm_tight_0_241,empirical_bernstein,none,0.09607596379991636,0.2988560169914037,1.0,1.0,1.0,0.709114624894011,0.37073404111188546,0.1876646461438921,0.09607596379991636,100
Real_100,TruncNorm_tight_0_241,hoeffding,none,0.19206455826398408,0.33138580397399303,1.0,1.0,0.6684885043750612,0.5411979414689495,0.38412911652796816,0.27162030314812385,0.19206455826398408,100
Real_100,TruncNorm_tight_0_241,sequential_t_test,none,0.017818976252202995,0.0403768942706018,1.0,1.0,0.08043473424235513,0.04815484529398427,0.03278004795715331,0.02405525019139987,0.017818976252202995,100
Real_100,TruncNorm_tight_0_241,sim2real,Sim_252,0.017968750000000023,0.08014296875000004,1.0,1.0,0.3065625,0.16828124999999997,0.06734375000000004,0.03406250000000002,0.017968750000000023,100
Real_100,TruncNorm_tight_0_241,sim2real,Sim_35,0.065,0.1352000000000001,1.0,1.0,0.33,0.22,0.12,0.10000000000000005,0.065,100
Real_100,TruncNorm_tight_0_241,sim2real,Sim_504,0.018437500000000023,0.08042031250000001,1.0,1.0,0.309375,0.16874999999999996,0.06703125000000001,0.03406250000000004,0.018437500000000023,100
Real_100,TruncNorm_tight_0_241,sim2real,Sim_756,0.017812500000000023,0.07925625000000001,1.0,1.0,0.3078125000000001,0.16390624999999998,0.06515625000000007,0.03328125000000001,0.017812500000000023,100
Real_100,TruncNorm_tight_0_241,sim2real,Sim_7_biased,0.060000000000000026,0.10710000000000004,1.0,1.0,0.305,0.16999999999999996,0.09499999999999996,0.060000000000000026,0.060000000000000026,100
Real_100,TruncNorm_tight_0_241,t_test,none,0.007169597923018676,0.02068991089482226,1.0,0.75,0.043167428236570105,0.02688635645742681,0.014991235929670029,0.00998302927558646,0.007169597923018676,100
Real_100,TruncNorm_tight_0_241,vincent,gap_0.05,0.15748881108609653,0.24387176136897704,0.0,0.0,0.49725142193170513,0.3710969084254269,0.257317395477579,0.19910706901965175,0.15748881108609653,100
Real_100,TruncNorm_tight_0_241,vincent,gap_0.1,0.20986634609677185,0.29509717837710175,0.0,0.0,0.5471910445751906,0.42186253716428884,0.30883363973317945,0.25108736572305473,0.20986634609677185,100
Real_100,TruncNorm_tight_0_241,vincent,gap_0.2,0.31329218290963623,0.39641421531006654,0.0,0.0,0.6461791012681356,0.5224256094066296,0.41085182932244474,0.35388367625008416,0.31329218290963623,100
Real_100,TruncNorm_tight_0_241,vincent,gap_0.3,0.4152798346164973,0.4959988624509085,1.0,1.0,0.7439577241487747,0.6217707155611326,0.5115744786772803,0.45531942874143666,0.4152798346164973,100
Real_100,TruncNorm_tight_0_241,z_test,none,0.006937137016612472,0.01734895238502653,1.0,0.25,0.029192650613320655,0.02324102408395474,0.014172939830739585,0.009835286357523398,0.006937137016612472,100
Real_100,TruncNorm_tight_0_263,e_value_constant_0.25,none,0.16500000000000004,0.4253500000000001,1.0,1.0,0.96,0.96,0.5599999999999999,0.3199999999999999,0.16500000000000004,100
Real_100,TruncNorm_tight_0_263,e_value_constant_0.5,none,0.09999999999999998,0.2767,1.0,1.0,0.96,0.66,0.3199999999999999,0.16500000000000004,0.09999999999999998,100
Real_100,TruncNorm_tight_0_263,e_value_wsr,none,0.040000000000000036,0.10979999999999998,1.0,1.0,0.31499999999999995,0.16999999999999996,0.085,0.05500000000000001,0.040000000000000036,100
Real_100,TruncNorm_tight_0_263,empirical_bernstein,none,0.09990379497643294,0.30672273090431984,1.0,1.0,1.0,0.7379113356751694,0.37849891644753464,0.19317587516360799,0.09990379497643294,100
Real_100,TruncNorm_tight_0_263,hoeffding,none,0.19206455826398408,0.33424694506904795,1.0,1.0,0.6904551171453717,0.5625638000338484,0.38412911652796816,0.2716203031481239,0.19206455826398408,100
Real_100,TruncNorm_tight_0_263,sequential_t_test,none,0.024946566753077663,0.05355804310740214,1.0,1.0,0.11260862793927767,0.06741678341156898,0.04589206714000027,0.033677350267946896,0.024946566753077663,100
Real_100,TruncNorm_tight_0_263,sim2real,Sim_252,0.02015625000000003,0.08135546875,1.0,1.0,0.29671875,0.168125,0.06875000000000003,0.03562500000000003,0.02015625000000003,100
Real_100,TruncNorm_tight_0_263,sim2real,Sim_35,0.08500000000000002,0.14725000000000002,1.0,1.0,0.33,0.215,0.14000000000000007,0.10999999999999999,0.08500000000000002,100
Real_100,TruncNorm_tight_0_263,sim2real,Sim_504,0.02062500000000002,0.08208437500000003,1.0,1.0,0.29968750000000005,0.16859375000000007,0.07031249999999999,0.036406250000000015,0.02062500000000002,100
Real_100,TruncNorm_tight_0_263,sim2real,Sim_756,0.019218750000000003,0.080731640625,1.0,1.0,0.2984375000000001,0.16234375,0.06671875,0.03531250000000001,0.019218750000000003,100
Real_100,TruncNorm_tight_0_263,sim2real,Sim_7_biased,0.040000000000000036,0.11140000000000003,1.0,1.0,0.3149999999999999,0.17999999999999997,0.09999999999999998,0.07499999999999997,0.040000000000000036,100
Real_100,TruncNorm_tight_0_263,t_test,none,0.010037437092224129,0.026817814911818408,1.0,0.75,0.06043439953118077,0.03764089904038692,0.020987730301533895,0.013976240985819066,0.010037437092224129,100
Real_100,TruncNorm_tight_0_263,vincent,gap_0.05,0.16207142386773832,0.24930211830321627,0.0,0.0,0.5043642273656922,0.3780633794139367,0.2634185303630169,0.20442583599788766,0.16207142386773832,100
Real_100,TruncNorm_tight_0_263,vincent,gap_0.1,0.21539997288268378,0.3012177021145909,0.0,0.0,0.5542796990665717,0.4291352596483434,0.3155412723208576,0.2571982513826518,0.21539997288268378,100
Real_100,TruncNorm_tight_0_263,vincent,gap_0.2,0.320196144420694,0.40346155382074156,1.0,1.0,0.6528629784366947,0.5299235607876204,0.4183667377458289,0.3611130861204931,0.320196144420694,100
Real_100,TruncNorm_tight_0_263,vincent,gap_0.3,0.4229788568102994,0.5034482603693197,1.0,1.0,0.7497530504695896,0.6290067094039248,0.5193784468425989,0.46312313960838664,0.4229788568102994,100
Real_100,TruncNorm_tight_0_263,z_test,none,0.009711991823256438,0.02228853333903534,1.0,0.25,0.040869710858643125,0.03253743371753314,0.019842115763033418,0.013769400900531444,0.009711991823256438,100
Real_100,TruncNorm_tight_0_286,e_value_constant_0.25,none,0.17499999999999996,0.43,1.0,1.0,0.96,0.96,0.585,0.325,0.17499999999999996,100
Real_100,TruncNorm_tight_0_286,e_value_constant_0.5,none,0.10000000000000005,0.27882500000000005,1.0,1.0,0.96,0.6850000000000002,0.32499999999999996,0.17999999999999997,0.10000000000000005,100
Real_100,TruncNorm_tight_0_286,e_value_wsr,none,0.04999999999999999,0.11345000000000002,1.0,1.0,0.31999999999999995,0.17499999999999996,0.09000000000000004,0.06,0.04999999999999999,100
Real_100,TruncNorm_tight_0_286,empirical_bernstein,none,0.10373162613998392,0.3142573597964717,1.0,1.0,1.0,0.7667080464605089,0.38626379176997977,0.1986871041714667,0.10373162613998392,100
Real_100,TruncNorm_tight_0_286,hoeffding,none,0.19206455826398408,0.3366013074537932,1.0,1.0,0.7124217299487371,0.5839296586263065,0.38412911652796816,0.27162030314812385,0.19206455826398408,100
Real_100,TruncNorm_tight_0_286,sequential_t_test,none,0.032074157221337794,0.06645750958921633,1.0,1.0,0.14478252153857818,0.08667872148411183,0.0590040862511792,0.04329945027985144,0.032074157221337794,100
Real_100,TruncNorm_tight_0_286,sim2real,Sim_252,0.02296874999999995,0.0838375,1.0,1.0,0.28937499999999994,0.1684375,0.07109374999999998,0.03937499999999998,0.02296874999999995,100
Real_100,TruncNorm_tight_0_286,sim2real,Sim_35,0.06,0.12440000000000001,1.0,1.0,0.3350000000000001,0.19499999999999995,0.11000000000000006,0.08000000000000003,0.06,100
Real_100,TruncNorm_tight_0_286,sim2real,Sim_504,0.02343749999999996,0.08462929687500001,1.0,1.0,0.29140625000000003,0.16875,0.07249999999999997,0.03953124999999995,0.02343749999999996,100
Real_100,TruncNorm_tight_0_286,sim2real,Sim_756,0.022031249999999978,0.08239023437499998,1.0,1.0,0.29,0.16093750000000004,0.06750000000000003,0.03781249999999994,0.022031249999999978,100
Real_100,TruncNorm_tight_0_286,sim2real,Sim_7_biased,0.08000000000000003,0.127675,1.0,1.0,0.30999999999999994,0.17999999999999997,0.12,0.08000000000000003,0.08000000000000003,100
Real_100,TruncNorm_tight_0_286,t_test,none,0.012905276251400729,0.03291997445932301,1.0,0.75,0.07770137073886224,0.0483954415704797,0.026984224652791985,0.017969452686109,0.012905276251400729,100
Real_100,TruncNorm_tight_0_286,vincent,gap_0.05,0.16665403664938017,0.25473247523745557,0.0,0.0,0.5114770327996793,0.3850298504024466,0.26951966524845483,0.20974460297612357,0.16665403664938017,100
Real_100,TruncNorm_tight_0_286,vincent,gap_0.1,0.22093359966859574,0.3073382258520801,0.0,0.0,0.5613683535579531,0.4364079821323979,0.32224890490853575,0.26330913704224895,0.22093359966859574,100
Real_100,TruncNorm_tight_0_286,vincent,gap_0.2,0.32710010593175165,0.4105088923314165,1.0,1.0,0.6595468556052541,0.537421512168611,0.4258816461692132,0.36834249599090185,0.32710010593175165,100
Real_100,TruncNorm_tight_0_286,vincent,gap_0.3,0.4306778790041015,0.5108976582877308,1.0,1.0,0.7555483767904044,0.6362427032467167,0.5271824150079174,0.4709268504753365,0.4306778790041015,100
Real_100,TruncNorm_tight_0_286,z_test,none,0.012486846624779587,0.027228114283986367,1.0,0.25,0.05254677107508424,0.041833843333669074,0.025511291685392203,0.01770351543690374,0.012486846624779587,100
Real_100,TruncNorm_tight_0_308,e_value_constant_0.25,none,0.17499999999999996,0.4339500000000001,1.0,1.0,0.96,0.96,0.605,0.31999999999999995,0.17499999999999996,100
Real_100,TruncNorm_tight_0_308,e_value_constant_0.5,none,0.09999999999999996,0.28095,1.0,1.0,0.96,0.7050000000000002,0.33,0.17999999999999997,0.09999999999999996,100
Real_100,TruncNorm_tight_0_308,e_value_wsr,none,0.04999999999999999,0.11630000000000003,1.0,1.0,0.325,0.17499999999999996,0.08999999999999998,0.06,0.04999999999999999,100
Real_100,TruncNorm_tight_0_308,empirical_bernstein,none,0.10755945580897315,0.3215181145930363,1.0,1.0,1.0,0.7955047577278437,0.3940286655703723,0.20419833181252425,0.10755945580897315,100
Real_100,TruncNorm_tight_0_308,hoeffding,none,0.19206455826398408,0.33856053895609434,1.0,1.0,0.7343883465623879,0.6013282474950595,0.38412911652796816,0.2716203031481239,0.19206455826398408,100
Real_100,TruncNorm_tight_0_308,sequential_t_test,none,0.03920174393009451,0.07933059738343917,1.0,1.0,0.1769564038848487,0.10594065436461438,0.07211609710110553,0.05292154284038106,0.03920174393009451,100
Real_100,TruncNorm_tight_0_308,sim2real,Sim_252,0.025156250000000005,0.08572734374999998,1.0,1.0,0.28343749999999995,0.16968750000000005,0.07390624999999994,0.041875000000000016,0.025156250000000005,100
Real_100,TruncNorm_tight_0_308,sim2real,Sim_35,0.06,0.1174,1.0,1.0,0.325,0.18999999999999997,0.10499999999999997,0.06499999999999999,0.06,100
Real_100,TruncNorm_tight_0_308,sim2real,Sim_504,0.02609375,0.08629492187499999,1.0,1.0,0.28515624999999994,0.169375,0.07437499999999998,0.04109374999999997,0.02609375,100
Real_100,TruncNorm_tight_0_308,sim2real,Sim_756,0.024531250000000004,0.08353320312500001,1.0,1.0,0.28359375,0.16046875000000005,0.07062499999999995,0.03874999999999999,0.024531250000000004,100
Real_100,TruncNorm_tight_0_308,sim2real,Sim_7_biased,0.10000000000000005,0.14637500000000003,1.0,1.0,0.30999999999999994,0.20499999999999996,0.12500000000000003,0.10500000000000004,0.10000000000000005,100
Real_100,TruncNorm_tight_0_308,t_test,none,0.01577311425454181,0.039022131198035936,1.0,0.75,0.09496833192609629,0.05914997800647621,0.032980716628792234,0.02196266324029478,0.01577311425454181,100
Real_100,TruncNorm_tight_0_308,vincent,gap_0.05,0.17123664943102127,0.2601628321716939,0.0,0.0,0.5185898382336652,0.39199632139095564,0.27562080013389134,0.21506336995435865,0.17123664943102127,100
Real_100,TruncNorm_tight_0_308,vincent,gap_0.1,0.2264672264545069,0.3134587495895683,0.0,0.0,0.5684570080493335,0.4436807046164518,0.3289565374962125,0.26942002270184523,0.2264672264545069,100
Real_100,TruncNorm_tight_0_308,vincent,gap_0.2,0.3340040674428085,0.41755623084209065,1.0,1.0,0.6662307327738123,0.5449194635496012,0.43339655459259613,0.37557190586130973,0.3340040674428085,100
Real_100,TruncNorm_tight_0_308,vincent,gap_0.3,0.4383769011979027,0.5183470562061411,1.0,1.0,0.7613437031112185,0.6434786970895082,0.5349863831732345,0.47873056134228553,0.4383769011979027,100
Real_100,TruncNorm_tight_0_308,z_test,none,0.01526170083602385,0.032167694184837455,1.0,0.25,0.06422382796232867,0.05113025093918738,0.031180466462525983,0.021637629208366316,0.01526170083602385,100
Real_100,TruncNorm_tight_0_331,e_value_constant_0.25,none,0.17999999999999997,0.43620000000000003,1.0,1.0,0.96,0.96,0.6249999999999999,0.31999999999999995,0.17999999999999997,100
Real_100,TruncNorm_tight_0_331,e_value_constant_0.5,none,0.09999999999999996,0.28180000000000005,1.0,1.0,0.96,0.7249999999999999,0.3400000000000001,0.17999999999999997,0.09999999999999996,100
Real_100,TruncNorm_tight_0_331,e_value_wsr,none,0.52,0.14315,0.5,0.5,0.31000000000000005,0.16999999999999996,0.08000000000000003,0.055,0.52,100
Real_100,TruncNorm_tight_0_331,empirical_bernstein,none,0.0960759637999164,0.30748948492498923,1.0,1.0,1.0,0.7993710351504214,0.37073404111188546,0.1876646461438921,0.0960759637999164,100
Real_100,TruncNorm_tight_0_331,hoeffding,none,0.19206455826398408,0.3403765989049684,1.0,1.0,0.7587449146314712,0.607361461908305,0.38412911652796816,0.2716203031481239,0.19206455826398408,100
Real_100,TruncNorm_tight_0_331,sequential_t_test,none,0.017818976252202995,0.040700159400018476,1.0,1.0,0.08043473424235514,0.04815484529398427,0.03278004795715331,0.02405525019139987,0.017818976252202995,100
Real_100,TruncNorm_tight_0_331,sim2real,Sim_252,0.017343750000000005,0.07789453124999998,1.0,1.0,0.273125,0.16093749999999996,0.065625,0.03328124999999997,0.017343750000000005,100
Real_100,TruncNorm_tight_0_331,sim2real,Sim_35,0.07999999999999996,0.12930000000000005,1.0,1.0,0.325,0.19999999999999996,0.115,0.07999999999999996,0.07999999999999996,100
Real_100,TruncNorm_tight_0_331,sim2real,Sim_504,0.017656250000000026,0.07808593749999998,1.0,1.0,0.27453125,0.16078125,0.06515624999999999,0.03343749999999995,0.017656250000000026,100
Real_100,TruncNorm_tight_0_331,sim2real,Sim_756,0.01765625,0.07716796874999998,1.0,1.0,0.2743750000000001,0.15749999999999997,0.06374999999999999,0.03296874999999997,0.01765625,100
Real_100,TruncNorm_tight_0_331,sim2real,Sim_7_biased,0.12,0.16287500000000005,1.0,1.0,0.31999999999999995,0.22,0.14000000000000007,0.12,0.12,100
Real_100,TruncNorm_tight_0_331,t_test,none,0.007169597923018661,0.020729072693429048,1.0,0.75,0.043167428236570105,0.026886356457426784,0.01499123592967,0.009983029275586447,0.007169597923018661,100
Real_100,TruncNorm_tight_0_331,vincent,gap_0.05,0.15748881108609655,0.24387176136897704,0.0,0.0,0.49725142193170513,0.371096908425427,0.2573173954775789,0.1991070690196517,0.15748881108609655,100
Real_100,TruncNorm_tight_0_331,vincent,gap_0.1,0.20986634609677185,0.29509717837710175,0.0,0.0,0.5471910445751906,0.42186253716428884,0.30883363973317945,0.25108736572305473,0.20986634609677185,100
Real_100,TruncNorm_tight_0_331,vincent,gap_0.2,0.31329218290963623,0.39641421531006654,1.0,1.0,0.6461791012681356,0.5224256094066296,0.41085182932244474,0.35388367625008416,0.31329218290963623,100
Real_100,TruncNorm_tight_0_331,vincent,gap_0.3,0.4152798346164973,0.4959988624509085,1.0,1.0,0.7439577241487747,0.6217707155611326,0.5115744786772805,0.4553194287414367,0.4152798346164973,100
Real_100,TruncNorm_tight_0_331,z_test,none,0.006937137016612471,0.01734895238502653,1.0,0.25,0.029192650613320638,0.023241024083954735,0.014172939830739585,0.009835286357523426,0.006937137016612471,100
Real_100,TruncNorm_tight_0_353,e_value_constant_0.25,none,0.16999999999999996,0.439175,1.0,1.0,0.96,0.96,0.6399999999999999,0.31999999999999995,0.16999999999999996,100
Real_100,TruncNorm_tight_0_353,e_value_constant_0.5,none,0.09500000000000003,0.284125,1.0,1.0,0.96,0.75,0.33,0.17999999999999997,0.09500000000000003,100
Real_100,TruncNorm_tight_0_353,e_value_wsr,none,0.03999999999999998,0.11017500000000002,1.0,1.0,0.3150000000000001,0.17,0.08500000000000003,0.055,0.03999999999999998,100
Real_100,TruncNorm_tight_0_353,empirical_bernstein,none,0.09990379497643558,0.3142156435526255,1.0,1.0,1.0,0.8281677459315787,0.3784989164475373,0.19317587516361037,0.09990379497643558,100
Real_100,TruncNorm_tight_0_353,hoeffding,none,0.19206455826398405,0.3416577334144035,1.0,1.0,0.7807115274017753,0.6073614619083051,0.38412911652796816,0.2716203031481239,0.19206455826398405,100
Real_100,TruncNorm_tight_0_353,sequential_t_test,none,0.024946566753084206,0.05384501447118328,1.0,1.0,0.11260862793929718,0.067416783411578,0.04589206714001465,0.033677350267959844,0.024946566753084206,100
Real_100,TruncNorm_tight_0_353,sim2real,Sim_252,0.01968750000000001,0.07915859374999999,1.0,1.0,0.27140625000000007,0.16078125,0.06703125000000001,0.03468749999999997,0.01968750000000001,100
Real_100,TruncNorm_tight_0_353,sim2real,Sim_35,0.08000000000000003,0.14425000000000002,1.0,1.0,0.32500000000000007,0.19999999999999996,0.12499999999999999,0.10499999999999997,0.08000000000000003,100
Real_100,TruncNorm_tight_0_353,sim2real,Sim_504,0.019531250000000014,0.07952890625000002,1.0,1.0,0.2707812499999999,0.16125,0.06796875,0.03515624999999999,0.019531250000000014,100
Real_100,TruncNorm_tight_0_353,sim2real,Sim_756,0.019062499999999996,0.07830390625000003,1.0,1.0,0.27109375,0.15640625000000002,0.06609375,0.03406249999999998,0.019062499999999996,100
Real_100,TruncNorm_tight_0_353,sim2real,Sim_7_biased,0.14000000000000007,0.18340000000000004,1.0,1.0,0.3400000000000001,0.24,0.16500000000000004,0.14500000000000007,0.14000000000000007,100
Real_100,TruncNorm_tight_0_353,t_test,none,0.010037437092226128,0.026986644483520394,1.0,0.75,0.06043439953119814,0.037640899040397496,0.020987730301538027,0.013976240985821039,0.010037437092226128,100
Real_100,TruncNorm_tight_0_353,vincent,gap_0.05,0.16207142386773832,0.24930211830321627,0.0,0.0,0.5043642273656921,0.3780633794139368,0.2634185303630169,0.20442583599788766,0.16207142386773832,100
Real_100,TruncNorm_tight_0_353,vincent,gap_0.1,0.21539997288268378,0.3012177021145909,0.0,0.0,0.5542796990665718,0.4291352596483434,0.3155412723208576,0.25719825138265184,0.21539997288268378,100
Real_100,TruncNorm_tight_0_353,vincent,gap_0.2,0.320196144420694,0.40346155382074156,1.0,1.0,0.6528629784366947,0.5299235607876203,0.4183667377458289,0.3611130861204931,0.320196144420694,100
Real_100,TruncNorm_tight_0_353,vincent,gap_0.3,0.42297885681029923,0.5034482603693197,1.0,1.0,0.7497530504695896,0.6290067094039248,0.5193784468425989,0.46312313960838664,0.42297885681029923,100
Real_100,TruncNorm_tight_0_353,z_test,none,0.009711991823257465,0.02228853333903714,1.0,0.25,0.040869710858648885,0.03253743371753662,0.01984211576303538,0.013769400900532771,0.009711991823257465,100
Real_100,TruncNorm_tight_0_376,e_value_constant_0.25,none,0.16500000000000004,0.44144999999999995,1.0,1.0,0.96,0.96,0.6399999999999998,0.3200000000000001,0.16500000000000004,100
Real_100,TruncNorm_tight_0_376,e_value_constant_0.5,none,0.08999999999999997,0.286225,1.0,1.0,0.96,0.7700000000000001,0.33000000000000007,0.16500000000000004,0.08999999999999997,100
Real_100,TruncNorm_tight_0_376,e_value_wsr,none,0.05000000000000002,0.11252500000000003,1.0,1.0,0.31,0.17499999999999996,0.08499999999999996,0.06,0.05000000000000002,100
Real_100,TruncNorm_tight_0_376,empirical_bernstein,none,0.10373162615295481,0.3206852004444181,1.0,1.0,1.0,0.8569644567127359,0.38626379178318904,0.19868710418332866,0.10373162615295481,100
Real_100,TruncNorm_tight_0_376,hoeffding,none,0.1920645582639841,0.3427344265012021,1.0,1.0,0.8026781401720793,0.6073614619083052,0.38412911652796816,0.27162030314812385,0.1920645582639841,100
Real_100,TruncNorm_tight_0_376,sequential_t_test,none,0.03207415725396537,0.06685869278645869,1.0,1.0,0.14478252163623923,0.08667872152917172,0.05900408632287593,0.04329945034451974,0.03207415725396537,100
Real_100,TruncNorm_tight_0_376,sim2real,Sim_252,0.021718749999999995,0.08126015625,1.0,1.0,0.27203124999999995,0.15890624999999997,0.06937500000000002,0.03796875000000005,0.021718749999999995,100
Real_100,TruncNorm_tight_0_376,sim2real,Sim_35,0.10000000000000005,0.15717500000000004,1.0,1.0,0.30999999999999994,0.21999999999999992,0.15499999999999997,0.12499999999999999,0.10000000000000005,100
Real_100,TruncNorm_tight_0_376,sim2real,Sim_504,0.021875000000000023,0.08152656250000001,1.0,1.0,0.27125,0.15874999999999997,0.07031250000000001,0.03750000000000005,0.021875000000000023,100
Real_100,TruncNorm_tight_0_376,sim2real,Sim_756,0.0209375,0.07993671875000001,1.0,1.0,0.27109375,0.15484374999999997,0.06750000000000002,0.036718750000000015,0.0209375,100
Real_100,TruncNorm_tight_0_376,sim2real,Sim_7_biased,0.16000000000000006,0.20480000000000004,1.0,1.0,0.35,0.26,0.18499999999999997,0.17,0.16000000000000006,100
Real_100,TruncNorm_tight_0_376,t_test,none,0.012905276261433557,0.03314561550934054,1.0,0.75,0.07770137082582615,0.0483954416233682,0.026984224673406026,0.017969452696055627,0.012905276261433557,100
Real_100,TruncNorm_tight_0_376,vincent,gap_0.05,0.1666540366493801,0.2547324752374555,0.0,0.0,0.5114770327996793,0.3850298504024465,0.26951966524845483,0.2097446029761236,0.1666540366493801,100
Real_100,TruncNorm_tight_0_376,vincent,gap_0.1,0.22093359966859574,0.30733822585208004,0.0,0.0,0.5613683535579531,0.4364079821323979,0.32224890490853575,0.26330913704224895,0.22093359966859574,100
Real_100,TruncNorm_tight_0_376,vincent,gap_0.2,0.32710010593175165,0.4105088923314165,1.0,1.0,0.6595468556052541,0.537421512168611,0.4258816461692132,0.3683424959909019,0.32710010593175165,100
Real_100,TruncNorm_tight_0_376,vincent,gap_0.3,0.4306778790041015,0.5108976582877308,1.0,1.0,0.7555483767904044,0.636242703246717,0.5271824150079174,0.4709268504753365,0.4306778790041015,100
Real_100,TruncNorm_tight_0_376,z_test,none,0.01248684662990243,0.027228114293047743,1.0,0.25,0.05254677110397715,0.04183384335111848,0.025511291695331225,0.017703515443542123,0.01248684662990243,100
Real_100,TruncNorm_tight_0_398,e_value_constant_0.25,none,0.16499999999999995,0.4435250000000001,1.0,1.0,0.96,0.96,0.6349999999999999,0.3200000000000001,0.16499999999999995,100
Real_100,TruncNorm_tight_0_398,e_value_constant_0.5,none,0.08500000000000003,0.28702500000000003,1.0,1.0,0.96,0.79,0.32500000000000007,0.15999999999999995,0.08500000000000003,100
Real_100,TruncNorm_tight_0_398,e_value_wsr,none,0.04999999999999999,0.1154,1.0,1.0,0.32499999999999996,0.17999999999999997,0.09000000000000002,0.06,0.04999999999999999,100
Real_100,TruncNorm_tight_0_398,empirical_bernstein,none,0.10755945732944261,0.326963180218376,1.0,1.0,1.0,0.8857611674939032,0.39402866711880896,0.20419833320301822,0.10755945732944261,100
Real_100,TruncNorm_tight_0_398,hoeffding,none,0.1920645582639841,0.34356989194937493,1.0,1.0,0.824644752942463,0.6073614619083052,0.38412911652796816,0.2716203031481239,0.1920645582639841,100
Real_100,TruncNorm_tight_0_398,sequential_t_test,none,0.03920174775476756,0.07975453696498076,1.0,1.0,0.17695641533294493,0.10594065964665637,0.07211610550556373,0.0529215504209232,0.03920174775476756,100
Real_100,TruncNorm_tight_0_398,sim2real,Sim_252,0.024062500000000014,0.08317734375,1.0,1.0,0.27359375,0.15718749999999995,0.07187499999999998,0.039999999999999994,0.024062500000000014,100
Real_100,TruncNorm_tight_0_398,sim2real,Sim_35,0.12500000000000003,0.17620000000000005,1.0,1.0,0.30999999999999994,0.20499999999999996,0.17499999999999996,0.145,0.12500000000000003,100
Real_100,TruncNorm_tight_0_398,sim2real,Sim_504,0.024531250000000032,0.08341484375000001,1.0,1.0,0.2725,0.15609375000000003,0.07218750000000003,0.03921874999999998,0.024531250000000032,100
Real_100,TruncNorm_tight_0_398,sim2real,Sim_756,0.023593750000000045,0.08149062500000001,1.0,1.0,0.27171875,0.15296875000000004,0.06921875,0.038125000000000006,0.023593750000000045,100
Real_100,TruncNorm_tight_0_398,sim2real,Sim_7_biased,0.13999999999999996,0.21682500000000002,1.0,1.0,0.405,0.2900000000000001,0.22,0.17999999999999997,0.13999999999999996,100
Real_100,TruncNorm_tight_0_398,t_test,none,0.015773115430616796,0.039170693871874634,1.0,0.75,0.09496834212024374,0.05914998420621093,0.032980719045224156,0.02196266440626613,0.015773115430616796,100
Real_100,TruncNorm_tight_0_398,vincent,gap_0.05,0.1712366494310219,0.2601628321716948,0.0,0.0,0.5185898382336661,0.39199632139095625,0.2756208001338927,0.2150633699543595,0.1712366494310219,100
Real_100,TruncNorm_tight_0_398,vincent,gap_0.1,0.2264672264545076,0.3134587495895692,0.23,0.22,0.5684570080493344,0.4436807046164525,0.3289565374962139,0.2694200227018461,0.2264672264545076,100
Real_100,TruncNorm_tight_0_398,vincent,gap_0.2,0.3340040674428093,0.4175562308420917,1.0,1.0,0.6662307327738131,0.5449194635496017,0.43339655459259746,0.37557190586131073,0.3340040674428093,100
Real_100,TruncNorm_tight_0_398,vincent,gap_0.3,0.43837690119790346,0.518347056206142,1.0,1.0,0.7613437031112195,0.643478697089509,0.534986383173236,0.4787305613422864,0.43837690119790346,100
Real_100,TruncNorm_tight_0_398,z_test,none,0.015261701436535042,0.03216769524703642,1.0,0.25,0.06422383134923548,0.05113025298465811,0.03118046762760301,0.021637629986535428,0.015261701436535042,100
Real_100,TruncNorm_tight_0_421,e_value_constant_0.25,none,0.15999999999999995,0.443975,1.0,1.0,0.96,0.96,0.6399999999999999,0.3199999999999999,0.15999999999999995,100
Real_100,TruncNorm_tight_0_421,e_value_constant_0.5,none,0.08500000000000002,0.28675000000000006,1.0,1.0,0.96,0.8199999999999998,0.3199999999999999,0.15999999999999995,0.08500000000000002,100
Real_100,TruncNorm_tight_0_421,e_value_wsr,none,0.03999999999999998,0.1053,1.0,1.0,0.30999999999999994,0.17499999999999996,0.08000000000000003,0.044999999999999984,0.03999999999999998,100
Real_100,TruncNorm_tight_0_421,empirical_bernstein,none,0.09607596379991631,0.3117764965712295,1.0,1.0,1.0,0.8896274454068316,0.37073404111188535,0.1876646461438921,0.09607596379991631,100
Real_100,TruncNorm_tight_0_421,hoeffding,none,0.19206455826398408,0.34427364350855244,1.0,1.0,0.8490013248878817,0.607361461908305,0.38412911652796816,0.27162030314812385,0.19206455826398408,100
Real_100,TruncNorm_tight_0_421,sequential_t_test,none,0.017818976252202995,0.04081411645093232,1.0,1.0,0.08043473424235514,0.04815484529398427,0.03278004795715331,0.02405525019139987,0.017818976252202995,100
Real_100,TruncNorm_tight_0_421,sim2real,Sim_252,0.01718749999999997,0.07622890624999996,1.0,1.0,0.2696874999999999,0.14828125,0.06406250000000002,0.033124999999999974,0.01718749999999997,100
Real_100,TruncNorm_tight_0_421,sim2real,Sim_35,0.09999999999999996,0.14845000000000005,1.0,1.0,0.295,0.17999999999999997,0.14000000000000007,0.12,0.09999999999999996,100
Real_100,TruncNorm_tight_0_421,sim2real,Sim_504,0.017031249999999956,0.07629843749999997,1.0,1.0,0.26953125,0.14812500000000006,0.064375,0.03312499999999996,0.017031249999999956,100
Real_100,TruncNorm_tight_0_421,sim2real,Sim_756,0.017031249999999956,0.07571328124999999,1.0,1.0,0.269375,0.14781250000000004,0.063125,0.03249999999999997,0.017031249999999956,100
Real_100,TruncNorm_tight_0_421,sim2real,Sim_7_biased,0.15999999999999995,0.229275,1.0,1.0,0.475,0.31999999999999995,0.21999999999999992,0.19499999999999995,0.15999999999999995,100
Real_100,TruncNorm_tight_0_421,t_test,none,0.007169597923018661,0.020729072693429055,1.0,0.75,0.043167428236570105,0.026886356457426784,0.01499123592967,0.009983029275586447,0.007169597923018661,100
Real_100,TruncNorm_tight_0_421,vincent,gap_0.05,0.15748881108609655,0.24387176136897704,0.0,0.0,0.49725142193170513,0.3710969084254269,0.2573173954775789,0.1991070690196517,0.15748881108609655,100
Real_100,TruncNorm_tight_0_421,vincent,gap_0.1,0.20986634609677185,0.29509717837710175,0.0,0.0,0.5471910445751906,0.42186253716428895,0.30883363973317945,0.25108736572305473,0.20986634609677185,100
Real_100,TruncNorm_tight_0_421,vincent,gap_0.2,0.31329218290963623,0.39641421531006654,1.0,1.0,0.6461791012681357,0.5224256094066295,0.41085182932244474,0.35388367625008416,0.31329218290963623,100
Real_100,TruncNorm_tight_0_421,vincent,gap_0.3,0.4152798346164973,0.4959988624509085,1.0,1.0,0.7439577241487747,0.6217707155611326,0.5115744786772803,0.4553194287414367,0.4152798346164973,100
Real_100,TruncNorm_tight_0_421,z_test,none,0.006937137016612471,0.01734895238502653,1.0,0.25,0.029192650613320638,0.02324102408395476,0.014172939830739585,0.009835286357523426,0.006937137016612471,100
Real_100,TruncNorm_tight_0_444,e_value_constant_0.25,none,0.16500000000000006,0.44535,1.0,1.0,0.96,0.96,0.6349999999999999,0.3199999999999999,0.16500000000000006,100
Real_100,TruncNorm_tight_0_444,e_value_constant_0.5,none,0.09999999999999996,0.28697500000000004,1.0,1.0,0.96,0.83,0.3199999999999999,0.17000000000000007,0.09999999999999996,100
Real_100,TruncNorm_tight_0_444,e_value_wsr,none,0.040000000000000036,0.10727500000000005,1.0,1.0,0.30999999999999994,0.17000000000000007,0.08499999999999996,0.05500000000000001,0.040000000000000036,100
Real_100,TruncNorm_tight_0_444,empirical_bernstein,none,0.09990379497643558,0.3176790298152813,1.0,1.0,1.0,0.918424156187989,0.3784989164475373,0.1931758751636104,0.09990379497643558,100
Real_100,TruncNorm_tight_0_444,hoeffding,none,0.19206455826398408,0.3447210016181957,1.0,1.0,0.8577509775541291,0.6073614619083052,0.38412911652796816,0.27162030314812385,0.19206455826398408,100
Real_100,TruncNorm_tight_0_444,sequential_t_test,none,0.024946566753084206,0.05407065549682431,1.0,1.0,0.11260862793929718,0.067416783411578,0.04589206714001465,0.033677350267959844,0.024946566753084206,100
Real_100,TruncNorm_tight_0_444,sim2real,Sim_252,0.019062500000000027,0.07753828125000002,1.0,1.0,0.27046874999999987,0.14890625,0.06515624999999996,0.03437500000000002,0.019062500000000027,100
Real_100,TruncNorm_tight_0_444,sim2real,Sim_35,0.07500000000000002,0.12302500000000004,1.0,1.0,0.3,0.18000000000000008,0.11,0.08000000000000003,0.07500000000000002,100
Real_100,TruncNorm_tight_0_444,sim2real,Sim_504,0.019218750000000003,0.0775828125,1.0,1.0,0.27015624999999993,0.14703125000000003,0.06593749999999995,0.03453125,0.019218750000000003,100
Real_100,TruncNorm_tight_0_444,sim2real,Sim_756,0.01843750000000001,0.07687734375000001,1.0,1.0,0.27015624999999993,0.14703125,0.06484375,0.03374999999999999,0.01843750000000001,100
Real_100,TruncNorm_tight_0_444,sim2real,Sim_7_biased,0.17999999999999997,0.250225,1.0,1.0,0.495,0.32500000000000007,0.24,0.19999999999999993,0.17999999999999997,100
Real_100,TruncNorm_tight_0_444,t_test,none,0.010037437092226128,0.02702070177080067,1.0,0.75,0.06043439953119817,0.037640899040397496,0.020987730301538027,0.013976240985821039,0.010037437092226128,100
Real_100,TruncNorm_tight_0_444,vincent,gap_0.05,0.1620714238677384,0.24930211830321627,0.0,0.0,0.5043642273656922,0.3780633794139368,0.2634185303630169,0.20442583599788766,0.1620714238677384,100
Real_100,TruncNorm_tight_0_444,vincent,gap_0.1,0.21539997288268378,0.3012177021145909,0.66,0.66,0.5542796990665718,0.4291352596483434,0.3155412723208576,0.2571982513826519,0.21539997288268378,100
Real_100,TruncNorm_tight_0_444,vincent,gap_0.2,0.3201961444206939,0.4034615538207415,1.0,1.0,0.6528629784366947,0.5299235607876204,0.4183667377458289,0.361113086120493,0.3201961444206939,100
Real_100,TruncNorm_tight_0_444,vincent,gap_0.3,0.4229788568102994,0.5034482603693197,1.0,1.0,0.7497530504695896,0.6290067094039248,0.5193784468425989,0.46312313960838664,0.4229788568102994,100
Real_100,TruncNorm_tight_0_444,z_test,none,0.009711991823257465,0.02228853333903714,1.0,0.25,0.040869710858648885,0.03253743371753662,0.01984211576303538,0.013769400900532771,0.009711991823257465,100
Real_100,TruncNorm_tight_0_466,e_value_constant_0.25,none,0.17500000000000007,0.44615000000000005,1.0,1.0,0.96,0.96,0.6249999999999999,0.325,0.17500000000000007,100
Real_100,TruncNorm_tight_0_466,e_value_constant_0.5,none,0.10000000000000005,0.287375,1.0,1.0,0.96,0.835,0.33,0.18000000000000008,0.10000000000000005,100
Real_100,TruncNorm_tight_0_466,e_value_wsr,none,0.044999999999999984,0.11197500000000002,1.0,1.0,0.31499999999999995,0.18000000000000005,0.09000000000000002,0.06,0.044999999999999984,100
Real_100,TruncNorm_tight_0_466,empirical_bernstein,none,0.10373162615295478,0.32337866203834964,1.0,1.0,1.0,0.9472208669691463,0.38626379178318904,0.19868710418332866,0.10373162615295478,100
Real_100,TruncNorm_tight_0_466,hoeffding,none,0.19206455826398408,0.3450327197894296,1.0,1.0,0.8589388166934754,0.6073614619083052,0.38412911652796816,0.27162030314812385,0.19206455826398408,100
Real_100,TruncNorm_tight_0_466,sequential_t_test,none,0.03207415725396537,0.06711611750690598,1.0,1.0,0.14478252163623923,0.08667872152917172,0.059004086322875994,0.04329945034451977,0.03207415725396537,100
Real_100,TruncNorm_tight_0_466,sim2real,Sim_252,0.021249999999999977,0.0796578125,1.0,1.0,0.271875,0.15093750000000003,0.06765624999999993,0.03718749999999997,0.021249999999999977,100
Real_100,TruncNorm_tight_0_466,sim2real,Sim_35,0.055,0.10875000000000007,1.0,1.0,0.3,0.18000000000000008,0.09500000000000003,0.065,0.055,100
Real_100,TruncNorm_tight_0_466,sim2real,Sim_504,0.02156249999999994,0.07972265625,1.0,1.0,0.27125,0.148125,0.06703125000000001,0.03687499999999996,0.02156249999999994,100
Real_100,TruncNorm_tight_0_466,sim2real,Sim_756,0.02140624999999999,0.0789375,1.0,1.0,0.27046875000000004,0.1478125,0.06609375,0.03624999999999998,0.02140624999999999,100
Real_100,TruncNorm_tight_0_466,sim2real,Sim_7_biased,0.21999999999999992,0.2730499999999999,1.0,1.0,0.52,0.355,0.26,0.21999999999999992,0.21999999999999992,100
Real_100,TruncNorm_tight_0_466,t_test,none,0.012905276261433557,0.0332724095303574,1.0,0.75,0.07770137082582616,0.04839544162336828,0.026984224673406026,0.017969452696055627,0.012905276261433557,100
Real_100,TruncNorm_tight_0_466,vincent,gap_0.05,0.1666540366493801,0.25473247523745557,0.0,0.0,0.5114770327996792,0.3850298504024467,0.26951966524845483,0.2097446029761236,0.1666540366493801,100
Real_100,TruncNorm_tight_0_466,vincent,gap_0.1,0.22093359966859574,0.30733822585208004,1.0,1.0,0.5613683535579531,0.4364079821323979,0.3222489049085357,0.26330913704224895,0.22093359966859574,100
Real_100,TruncNorm_tight_0_466,vincent,gap_0.2,0.32710010593175165,0.4105088923314165,1.0,1.0,0.659546855605254,0.537421512168611,0.4258816461692132,0.3683424959909019,0.32710010593175165,100
Real_100,TruncNorm_tight_0_466,vincent,gap_0.3,0.4306778790041015,0.5108976582877308,1.0,1.0,0.7555483767904044,0.6362427032467168,0.5271824150079174,0.4709268504753365,0.4306778790041015,100
Real_100,TruncNorm_tight_0_466,z_test,none,0.01248684662990243,0.027228114293047764,1.0,0.25,0.05254677110397715,0.041833843351118526,0.025511291695331225,0.017703515443542123,0.01248684662990243,100
Real_100,TruncNorm_tight_0_489,e_value_constant_0.25,none,0.17499999999999996,0.446625,1.0,1.0,0.96,0.96,0.6249999999999999,0.31999999999999995,0.17499999999999996,100
Real_100,TruncNorm_tight_0_489,e_value_constant_0.5,none,0.10000000000000005,0.28787500000000005,1.0,1.0,0.96,0.835,0.33,0.17999999999999994,0.10000000000000005,100
Real_100,TruncNorm_tight_0_489,e_value_wsr,none,0.04999999999999999,0.11382500000000002,1.0,1.0,0.31,0.18499999999999997,0.09500000000000003,0.065,0.04999999999999999,100
Real_100,TruncNorm_tight_0_489,empirical_bernstein,none,0.10755945732947399,0.3288739693912622,1.0,1.0,1.0,0.9714756117550065,0.394028667118841,0.20419833320304698,0.10755945732947399,100
Real_100,TruncNorm_tight_0_489,hoeffding,none,0.1920645582639841,0.34514386321777685,1.0,1.0,0.8589388166934754,0.6073614619083052,0.38412911652796816,0.2716203031481239,0.1920645582639841,100
Real_100,TruncNorm_tight_0_489,sequential_t_test,none,0.03920174775484658,0.07992891354218218,1.0,1.0,0.17695641533318124,0.10594065964676537,0.07211610550573729,0.05292155042107974,0.03920174775484658,100
Real_100,TruncNorm_tight_0_489,sim2real,Sim_252,0.02359375,0.08126015625,1.0,1.0,0.27359374999999997,0.15312499999999996,0.06968750000000007,0.038124999999999985,0.02359375,100
Real_100,TruncNorm_tight_0_489,sim2real,Sim_35,0.05000000000000002,0.10385000000000005,1.0,1.0,0.3,0.17999999999999994,0.08500000000000003,0.05500000000000001,0.05000000000000002,100
Real_100,TruncNorm_tight_0_489,sim2real,Sim_504,0.02406250000000003,0.08125859375000002,1.0,1.0,0.2720312500000001,0.14953125000000006,0.06874999999999998,0.03781250000000004,0.02406250000000003,100
Real_100,TruncNorm_tight_0_489,sim2real,Sim_756,0.02296874999999997,0.08060625000000002,1.0,1.0,0.27156249999999993,0.1490625,0.06765624999999999,0.03796874999999998,0.02296874999999997,100
Real_100,TruncNorm_tight_0_489,sim2real,Sim_7_biased,0.24,0.29285000000000005,1.0,1.0,0.535,0.38000000000000006,0.28000000000000014,0.245,0.24,100
Real_100,TruncNorm_tight_0_489,t_test,none,0.015773115430641055,0.03927738942599239,1.0,0.75,0.09496834212045424,0.05914998420633902,0.03298071904527402,0.021962664406290213,0.015773115430641055,100
Real_100,TruncNorm_tight_0_489,vincent,gap_0.05,0.1712366494309477,0.26016283217161,0.0,0.0,0.518589838233533,0.3919963213908597,0.2756208001338017,0.21506336995428055,0.1712366494309477,100
Real_100,TruncNorm_tight_0_489,vincent,gap_0.1,0.22646722645442935,0.31345874958948206,1.0,1.0,0.5684570080492012,0.4436807046163549,0.32895653749612075,0.269420022701764,0.22646722645442935,100
Real_100,TruncNorm_tight_0_489,vincent,gap_0.2,0.33400406744272615,0.41755623084200194,1.0,1.0,0.6662307327736814,0.5449194635495034,0.43339655459250165,0.37557190586122474,0.33400406744272615,100
Real_100,TruncNorm_tight_0_489,vincent,gap_0.3,0.43837690119781775,0.518347056206052,1.0,1.0,0.7613437031110911,0.6434786970894115,0.5349863831731393,0.47873056134219866,0.43837690119781775,100
Real_100,TruncNorm_tight_0_489,z_test,none,0.015261701436547455,0.03216769524705837,1.0,0.25,0.06422383134930545,0.05113025298470042,0.03118046762762707,0.021637629986551454,0.015261701436547455,100
Real_100,TruncNorm_tight_0_511,e_value_constant_0.25,none,0.17999999999999997,0.44615000000000005,1.0,1.0,0.96,0.96,0.6249999999999999,0.3200000000000001,0.17999999999999997,100
Real_100,TruncNorm_tight_0_511,e_value_constant_0.5,none,0.10000000000000005,0.28712499999999985,1.0,1.0,0.96,0.825,0.3400000000000001,0.17999999999999997,0.10000000000000005,100
Real_100,TruncNorm_tight_0_511,e_value_wsr,none,0.040000000000000036,0.10770000000000003,1.0,1.0,0.31500000000000006,0.16999999999999996,0.09000000000000005,0.060000000000000074,0.040000000000000036,100
Real_100,TruncNorm_tight_0_511,empirical_bernstein,none,0.09607596379991631,0.3128570402711199,1.0,1.0,1.0,0.9357837695306975,0.37073404111188546,0.18766464614389208,0.09607596379991631,100
Real_100,TruncNorm_tight_0_511,hoeffding,none,0.1920645582639841,0.34518130172643724,1.0,1.0,0.8589388166934754,0.607361461908305,0.38412911652796816,0.27162030314812396,0.1920645582639841,100
Real_100,TruncNorm_tight_0_511,sequential_t_test,none,0.01781897625220291,0.04081411645093232,1.0,1.0,0.08043473424235517,0.048154845293984304,0.03278004795715331,0.02405525019139987,0.01781897625220291,100
Real_100,TruncNorm_tight_0_511,sim2real,Sim_252,0.26265625,0.10244921874999999,0.75,0.75,0.26984375000000005,0.14656249999999996,0.06296875000000003,0.03250000000000006,0.26265625,100
Real_100,TruncNorm_tight_0_511,sim2real,Sim_35,0.055000000000000056,0.10485000000000005,1.0,1.0,0.3,0.17999999999999997,0.09000000000000005,0.060000000000000074,0.055000000000000056,100
Real_100,TruncNorm_tight_0_511,sim2real,Sim_504,0.50859375,0.12323750000000003,0.5,0.5,0.26953125000000006,0.14640624999999996,0.0626562500000001,0.03234375000000004,0.50859375,100
Real_100,TruncNorm_tight_0_511,sim2real,Sim_756,0.2628125,0.09383984375000004,0.75,0.75,0.26953125000000006,0.14624999999999996,0.0625,0.03281250000000004,0.2628125,100
Real_100,TruncNorm_tight_0_511,sim2real,Sim_7_biased,0.26,0.31024999999999986,1.0,1.0,0.5600000000000003,0.3999999999999999,0.3,0.26,0.26,100
Real_100,TruncNorm_tight_0_511,t_test,none,0.0071695979230186335,0.02072907269342905,1.0,0.75,0.043167428236570105,0.02688635645742675,0.014991235929670041,0.009983029275586475,0.0071695979230186335,100
Real_100,TruncNorm_tight_0_511,vincent,gap_0.05,0.15748881108609655,0.24387176136897704,0.0,0.0,0.49725142193170513,0.371096908425427,0.257317395477579,0.1991070690196517,0.15748881108609655,100
Real_100,TruncNorm_tight_0_511,vincent,gap_0.1,0.20986634609677185,0.29509717837710175,1.0,1.0,0.5471910445751906,0.42186253716428884,0.30883363973317945,0.2510873657230548,0.20986634609677185,100
Real_100,TruncNorm_tight_0_511,vincent,gap_0.2,0.31329218290963623,0.39641421531006654,1.0,1.0,0.6461791012681356,0.5224256094066295,0.41085182932244474,0.35388367625008416,0.31329218290963623,100
Real_100,TruncNorm_tight_0_511,vincent,gap_0.3,0.4152798346164973,0.4959988624509085,1.0,1.0,0.7439577241487747,0.6217707155611326,0.5115744786772803,0.4553194287414367,0.4152798346164973,100
Real_100,TruncNorm_tight_0_511,z_test,none,0.006937137016612471,0.01734895238502653,1.0,0.25,0.02919265061332066,0.023241024083954672,0.014172939830739584,0.009835286357523343,0.006937137016612471,100
Real_100,TruncNorm_tight_0_534,e_value_constant_0.25,none,0.16999999999999996,0.44597499999999995,1.0,1.0,0.96,0.96,0.6399999999999999,0.3199999999999999,0.16999999999999996,100
Real_100,TruncNorm_tight_0_534,e_value_constant_0.5,none,0.09499999999999996,0.287625,1.0,1.0,0.96,0.83,0.33,0.17499999999999996,0.09499999999999996,100
Real_100,TruncNorm_tight_0_534,e_value_wsr,none,0.040000000000000036,0.10847500000000006,1.0,1.0,0.31000000000000005,0.16999999999999996,0.09,0.060000000000000074,0.040000000000000036,100
Real_100,TruncNorm_tight_0_534,empirical_bernstein,none,0.09990379497643553,0.3180019750325357,1.0,1.0,1.0,0.9390004838277348,0.3784989164475373,0.19317587516361046,0.09990379497643553,100
Real_100,TruncNorm_tight_0_534,hoeffding,none,0.1920645582639841,0.3450070693702944,1.0,1.0,0.8589388166934754,0.6073614619083052,0.38412911652796816,0.27162030314812396,0.1920645582639841,100
Real_100,TruncNorm_tight_0_534,sequential_t_test,none,0.024946566753084154,0.05413976303130525,1.0,1.0,0.1126086279392972,0.06741678341157802,0.04589206714001465,0.03367735026795982,0.024946566753084154,100
Real_100,TruncNorm_tight_0_534,sim2real,Sim_252,0.01890624999999993,0.07726718750000003,1.0,1.0,0.27046875,0.14781249999999993,0.06468750000000004,0.034687499999999954,0.01890624999999993,100
Real_100,TruncNorm_tight_0_534,sim2real,Sim_35,0.08000000000000007,0.12142500000000006,1.0,1.0,0.30499999999999994,0.17999999999999997,0.09999999999999996,0.08000000000000007,0.08000000000000007,100
Real_100,TruncNorm_tight_0_534,sim2real,Sim_504,0.018437499999999996,0.07691718750000004,1.0,1.0,0.27015625,0.14718749999999997,0.06453125000000008,0.03406250000000002,0.018437499999999996,100
Real_100,TruncNorm_tight_0_534,sim2real,Sim_756,0.018906250000000013,0.07726093750000002,1.0,1.0,0.27,0.14687499999999998,0.06515625000000007,0.03437499999999999,0.018906250000000013,100
Real_100,TruncNorm_tight_0_534,sim2real,Sim_7_biased,0.28000000000000014,0.3305000000000001,1.0,1.0,0.585,0.3999999999999999,0.3199999999999999,0.28000000000000014,0.28000000000000014,100
Real_100,TruncNorm_tight_0_534,t_test,none,0.010037437092226154,0.02702070177080067,1.0,0.75,0.06043439953119812,0.037640899040397566,0.020987730301538,0.013976240985821065,0.010037437092226154,100
Real_100,TruncNorm_tight_0_534,vincent,gap_0.05,0.16207142386773835,0.24930211830321627,0.0,0.0,0.5043642273656922,0.3780633794139368,0.2634185303630169,0.20442583599788766,0.16207142386773835,100
Real_100,TruncNorm_tight_0_534,vincent,gap_0.1,0.2153999728826838,0.3012177021145909,0.97,0.97,0.5542796990665718,0.4291352596483434,0.3155412723208576,0.25719825138265184,0.2153999728826838,100
Real_100,TruncNorm_tight_0_534,vincent,gap_0.2,0.320196144420694,0.4034615538207415,1.0,1.0,0.6528629784366947,0.5299235607876203,0.4183667377458289,0.3611130861204931,0.320196144420694,100
Real_100,TruncNorm_tight_0_534,vincent,gap_0.3,0.42297885681029923,0.5034482603693197,1.0,1.0,0.7497530504695896,0.6290067094039249,0.5193784468425989,0.4631231396083865,0.42297885681029923,100
Real_100,TruncNorm_tight_0_534,z_test,none,0.009711991823257493,0.02228853333903715,1.0,0.25,0.040869710858648885,0.03253743371753659,0.01984211576303546,0.013769400900532747,0.009711991823257493,100
Real_100,TruncNorm_tight_0_556,e_value_constant_0.25,none,0.16500000000000004,0.44510000000000005,1.0,1.0,0.96,0.96,0.6399999999999999,0.3199999999999999,0.16500000000000004,100
Real_100,TruncNorm_tight_0_556,e_value_constant_0.5,none,0.08999999999999997,0.28870000000000007,1.0,1.0,0.96,0.83,0.33,0.16500000000000004,0.08999999999999997,100
Real_100,TruncNorm_tight_0_556,e_value_wsr,none,0.04499999999999996,0.11057499999999995,1.0,1.0,0.31,0.17499999999999996,0.08999999999999997,0.05999999999999993,0.04499999999999996,100
Real_100,TruncNorm_tight_0_556,empirical_bernstein,none,0.1037316261529548,0.3229173501014438,1.0,1.0,1.0,0.9221010537880135,0.38626379178318904,0.19868710418332866,0.1037316261529548,100
Real_100,TruncNorm_tight_0_556,hoeffding,none,0.1920645582639841,0.3446626574664573,1.0,1.0,0.8587591801957518,0.6073614619083051,0.38412911652796816,0.27162030314812396,0.1920645582639841,100
Real_100,TruncNorm_tight_0_556,sequential_t_test,none,0.032074157253965285,0.06721639594027465,1.0,1.0,0.14478252163623923,0.08667872152917179,0.05900408632287596,0.04329945034451977,0.032074157253965285,100
Real_100,TruncNorm_tight_0_556,sim2real,Sim_252,0.0215624999999999,0.07992734374999998,1.0,1.0,0.27187500000000003,0.15015625,0.06874999999999987,0.03703124999999995,0.0215624999999999,100
Real_100,TruncNorm_tight_0_556,sim2real,Sim_35,0.09999999999999996,0.14090000000000003,1.0,1.0,0.30999999999999994,0.17999999999999997,0.12,0.10499999999999997,0.09999999999999996,100
Real_100,TruncNorm_tight_0_556,sim2real,Sim_504,0.020781250000000005,0.07921406250000002,1.0,1.0,0.27109375,0.14875000000000005,0.06687499999999996,0.03625000000000006,0.020781250000000005,100
Real_100,TruncNorm_tight_0_556,sim2real,Sim_756,0.0209375,0.07981796874999997,1.0,1.0,0.27062500000000006,0.14921875000000004,0.0675,0.03718749999999999,0.0209375,100
Real_100,TruncNorm_tight_0_556,sim2real,Sim_7_biased,0.2999999999999999,0.3518999999999999,1.0,1.0,0.62,0.425,0.345,0.3049999999999999,0.2999999999999999,100
Real_100,TruncNorm_tight_0_556,t_test,none,0.012905276261433674,0.03318854179349065,1.0,0.75,0.07770137082582618,0.04839544162336824,0.02698422467340605,0.0179694526960556,0.012905276261433674,100
Real_100,TruncNorm_tight_0_556,vincent,gap_0.05,0.1666540366493801,0.25473247523745557,0.0,0.0,0.5114770327996793,0.3850298504024465,0.26951966524845483,0.2097446029761236,0.1666540366493801,100
Real_100,TruncNorm_tight_0_556,vincent,gap_0.1,0.22093359966859574,0.3073382258520801,0.81,0.81,0.5613683535579531,0.4364079821323979,0.3222489049085357,0.26330913704224895,0.22093359966859574,100
Real_100,TruncNorm_tight_0_556,vincent,gap_0.2,0.32710010593175165,0.4105088923314165,1.0,1.0,0.6595468556052541,0.537421512168611,0.4258816461692132,0.36834249599090185,0.32710010593175165,100
Real_100,TruncNorm_tight_0_556,vincent,gap_0.3,0.4306778790041015,0.5108976582877308,1.0,1.0,0.7555483767904044,0.6362427032467168,0.5271824150079174,0.4709268504753365,0.4306778790041015,100
Real_100,TruncNorm_tight_0_556,z_test,none,0.01248684662990246,0.027228114293047764,1.0,0.25,0.052546771103977166,0.04183384335111851,0.025511291695331284,0.017703515443542095,0.01248684662990246,100
Real_100,TruncNorm_tight_0_579,e_value_constant_0.25,none,0.16000000000000006,0.44415000000000004,1.0,1.0,0.96,0.96,0.6349999999999999,0.31999999999999995,0.16000000000000006,100
Real_100,TruncNorm_tight_0_579,e_value_constant_0.5,none,0.08499999999999996,0.2875750000000001,1.0,1.0,0.96,0.8149999999999998,0.31999999999999995,0.16000000000000006,0.08499999999999996,100
Real_100,TruncNorm_tight_0_579,e_value_wsr,none,0.049999999999999926,0.11495000000000002,1.0,1.0,0.31499999999999995,0.18000000000000005,0.08999999999999997,0.05999999999999993,0.049999999999999926,100
Real_100,TruncNorm_tight_0_579,empirical_bernstein,none,0.10755945732947328,0.3275815295064659,1.0,1.0,1.0,0.9052016237482928,0.39402866711883994,0.2041983332030459,0.10755945732947328,100
Real_100,TruncNorm_tight_0_579,hoeffding,none,0.1920645582639841,0.3441957314971203,1.0,1.0,0.8484783061469647,0.607361461908305,0.38412911652796816,0.27162030314812396,0.1920645582639841,100
Real_100,TruncNorm_tight_0_579,sequential_t_test,none,0.039201747754844585,0.07993115059366647,1.0,1.0,0.17695641533317918,0.10594065964676386,0.07211610550573544,0.052921550421076324,0.039201747754844585,100
Real_100,TruncNorm_tight_0_579,sim2real,Sim_252,0.023593749999999948,0.08263437499999993,1.0,1.0,0.2737499999999999,0.15515625,0.07234375000000004,0.039531249999999934,0.023593749999999948,100
Real_100,TruncNorm_tight_0_579,sim2real,Sim_35,0.12,0.16430000000000006,1.0,1.0,0.31999999999999995,0.20000000000000004,0.14500000000000007,0.13500000000000006,0.12,100
Real_100,TruncNorm_tight_0_579,sim2real,Sim_504,0.023749999999999855,0.08189296874999995,1.0,1.0,0.27234375,0.15234375000000006,0.06937499999999991,0.038124999999999964,0.023749999999999855,100
Real_100,TruncNorm_tight_0_579,sim2real,Sim_756,0.023437499999999938,0.08239609374999994,1.0,1.0,0.27171875,0.15328125,0.06984374999999993,0.03999999999999995,0.023437499999999938,100
Real_100,TruncNorm_tight_0_579,sim2real,Sim_7_biased,0.3199999999999999,0.37347499999999983,1.0,1.0,0.6299999999999999,0.45,0.36499999999999994,0.33,0.3199999999999999,100
Real_100,TruncNorm_tight_0_579,t_test,none,0.01577311543064025,0.039277389425990385,1.0,0.75,0.09496834212045126,0.05914998420633749,0.03298071904527028,0.02196266440628852,0.01577311543064025,100
Real_100,TruncNorm_tight_0_579,vincent,gap_0.05,0.1712366494310219,0.2601628321716948,0.0,0.0,0.5185898382336662,0.39199632139095636,0.27562080013389273,0.21506336995435946,0.1712366494310219,100
Real_100,TruncNorm_tight_0_579,vincent,gap_0.1,0.2264672264545076,0.3134587495895692,0.6,0.59,0.5684570080493344,0.44368070461645237,0.3289565374962139,0.26942002270184606,0.2264672264545076,100
Real_100,TruncNorm_tight_0_579,vincent,gap_0.2,0.3340040674428092,0.4175562308420917,1.0,1.0,0.6662307327738131,0.5449194635496019,0.4333965545925974,0.37557190586131073,0.3340040674428092,100
Real_100,TruncNorm_tight_0_579,vincent,gap_0.3,0.43837690119790346,0.518347056206142,1.0,1.0,0.7613437031112195,0.643478697089509,0.534986383173236,0.4787305613422864,0.43837690119790346,100
Real_100,TruncNorm_tight_0_579,z_test,none,0.015261701436546371,0.03216769524705626,1.0,0.25,0.06422383134930422,0.05113025298469376,0.031180467627624216,0.02163762998654945,0.015261701436546371,100
Real_100,TruncNorm_tight_0_602,e_value_constant_0.25,none,0.16000000000000006,0.4422500000000001,1.0,1.0,0.96,0.96,0.6399999999999999,0.31999999999999995,0.16000000000000006,100
Real_100,TruncNorm_tight_0_602,e_value_constant_0.5,none,0.08999999999999997,0.2861000000000001,1.0,1.0,0.96,0.7949999999999998,0.31999999999999995,0.16000000000000006,0.08999999999999997,100
Real_100,TruncNorm_tight_0_602,e_value_wsr,none,0.040000000000000036,0.10512500000000005,1.0,1.0,0.31499999999999995,0.17500000000000007,0.07999999999999996,0.04999999999999998,0.040000000000000036,100
Real_100,TruncNorm_tight_0_602,empirical_bernstein,none,0.09607596379991629,0.3109188107488812,1.0,1.0,1.0,0.8656435036110455,0.37073404111188546,0.1876646461438921,0.09607596379991629,100
Real_100,TruncNorm_tight_0_602,hoeffding,none,0.1920645582639841,0.34362099037593785,1.0,1.0,0.8294246712927728,0.6073614619083052,0.38412911652796816,0.27162030314812396,0.1920645582639841,100
Real_100,TruncNorm_tight_0_602,sequential_t_test,none,0.01781897625220291,0.04081411645093233,1.0,1.0,0.08043473424235514,0.048154845293984325,0.03278004795715328,0.02405525019139987,0.01781897625220291,100
Real_100,TruncNorm_tight_0_602,sim2real,Sim_252,0.017187499999999967,0.07657500000000002,1.0,1.0,0.26984375,0.15296875000000007,0.06406249999999995,0.03281250000000003,0.017187499999999967,100
Real_100,TruncNorm_tight_0_602,sim2real,Sim_35,0.14000000000000007,0.1788750000000001,1.0,1.0,0.31499999999999995,0.20500000000000004,0.16000000000000006,0.14500000000000007,0.14000000000000007,100
Real_100,TruncNorm_tight_0_602,sim2real,Sim_504,0.016718749999999893,0.07628515625,1.0,1.0,0.26953124999999994,0.15265624999999997,0.06421874999999994,0.032656250000000026,0.016718749999999893,100
Real_100,TruncNorm_tight_0_602,sim2real,Sim_756,0.01749999999999996,0.07686171875000002,1.0,1.0,0.26953124999999994,0.15390625000000002,0.06437499999999996,0.03312499999999995,0.01749999999999996,100
Real_100,TruncNorm_tight_0_602,sim2real,Sim_7_biased,0.3400000000000001,0.3917,1.0,1.0,0.66,0.475,0.36499999999999994,0.35,0.3400000000000001,100
Real_100,TruncNorm_tight_0_602,t_test,none,0.0071695979230186335,0.02072907269342905,1.0,0.75,0.043167428236570105,0.02688635645742676,0.014991235929670055,0.009983029275586475,0.0071695979230186335,100
Real_100,TruncNorm_tight_0_602,vincent,gap_0.05,0.15748881108609655,0.24387176136897704,0.0,0.0,0.49725142193170513,0.37109690842542703,0.2573173954775789,0.1991070690196517,0.15748881108609655,100
Real_100,TruncNorm_tight_0_602,vincent,gap_0.1,0.20986634609677185,0.29509717837710175,0.0,0.0,0.5471910445751906,0.42186253716428895,0.30883363973317945,0.2510873657230548,0.20986634609677185,100
Real_100,TruncNorm_tight_0_602,vincent,gap_0.2,0.31329218290963623,0.39641421531006654,1.0,1.0,0.6461791012681356,0.5224256094066295,0.4108518293224448,0.35388367625008416,0.31329218290963623,100
Real_100,TruncNorm_tight_0_602,vincent,gap_0.3,0.4152798346164973,0.4959988624509085,1.0,1.0,0.7439577241487747,0.6217707155611326,0.5115744786772803,0.4553194287414367,0.4152798346164973,100
Real_100,TruncNorm_tight_0_602,z_test,none,0.006937137016612471,0.017348952385026536,1.0,0.25,0.029192650613320718,0.023241024083954672,0.014172939830739584,0.009835286357523343,0.006937137016612471,100
Real_100,TruncNorm_tight_0_624,e_value_constant_0.25,none,0.16999999999999993,0.44054999999999994,1.0,1.0,0.96,0.96,0.6299999999999999,0.31999999999999995,0.16999999999999993,100
Real_100,TruncNorm_tight_0_624,e_value_constant_0.5,none,0.10000000000000007,0.284675,1.0,1.0,0.96,0.7700000000000001,0.32499999999999996,0.16999999999999993,0.10000000000000007,100
Real_100,TruncNorm_tight_0_624,e_value_wsr,none,0.040000000000000036,0.10705000000000008,1.0,1.0,0.31499999999999995,0.17999999999999997,0.08500000000000002,0.055000000000000056,0.040000000000000036,100
Real_100,TruncNorm_tight_0_624,empirical_bernstein,none,0.09990379497643553,0.31519124761798767,1.0,1.0,1.0,0.8487440735713244,0.3784989164475373,0.19317587516361046,0.09990379497643553,100
Real_100,TruncNorm_tight_0_624,hoeffding,none,0.1920645582639841,0.34280747320159755,1.0,1.0,0.807458058522469,0.6073614619083051,0.38412911652796816,0.27162030314812396,0.1920645582639841,100
Real_100,TruncNorm_tight_0_624,sequential_t_test,none,0.024946566753084154,0.05409845140556107,1.0,1.0,0.1126086279392972,0.06741678341157803,0.04589206714001465,0.03367735026795982,0.024946566753084154,100
Real_100,TruncNorm_tight_0_624,sim2real,Sim_252,0.01890625000000007,0.07866640625000001,1.0,1.0,0.27124999999999994,0.15765625000000003,0.06578124999999999,0.035156250000000056,0.01890625000000007,100
Real_100,TruncNorm_tight_0_624,sim2real,Sim_35,0.12,0.18105000000000002,1.0,1.0,0.355,0.24,0.17,0.13500000000000006,0.12,100
Real_100,TruncNorm_tight_0_624,sim2real,Sim_504,0.018437500000000023,0.07815390625000003,1.0,1.0,0.27031249999999996,0.1559375,0.06562500000000013,0.03453125000000004,0.018437500000000023,100
Real_100,TruncNorm_tight_0_624,sim2real,Sim_756,0.01906250000000001,0.07883750000000002,1.0,1.0,0.26984375,0.15937499999999993,0.06640625000000011,0.034687500000000066,0.01906250000000001,100
Real_100,TruncNorm_tight_0_624,sim2real,Sim_7_biased,0.35999999999999993,0.415975,1.0,1.0,0.6850000000000002,0.5,0.395,0.38000000000000006,0.35999999999999993,100
Real_100,TruncNorm_tight_0_624,t_test,none,0.010037437092226154,0.026963025383541166,1.0,0.75,0.06043439953119812,0.03764089904039758,0.020987730301538,0.013976240985821065,0.010037437092226154,100
Real_100,TruncNorm_tight_0_624,vincent,gap_0.05,0.16207142386773835,0.24930211830321627,0.0,0.0,0.5043642273656921,0.3780633794139368,0.2634185303630169,0.20442583599788766,0.16207142386773835,100
Real_100,TruncNorm_tight_0_624,vincent,gap_0.1,0.21539997288268378,0.3012177021145909,0.0,0.0,0.5542796990665718,0.4291352596483434,0.3155412723208576,0.2571982513826518,0.21539997288268378,100
Real_100,TruncNorm_tight_0_624,vincent,gap_0.2,0.3201961444206939,0.4034615538207415,1.0,1.0,0.6528629784366947,0.5299235607876204,0.4183667377458289,0.361113086120493,0.3201961444206939,100
Real_100,TruncNorm_tight_0_624,vincent,gap_0.3,0.4229788568102994,0.5034482603693197,1.0,1.0,0.7497530504695896,0.6290067094039248,0.5193784468425989,0.4631231396083866,0.4229788568102994,100
Real_100,TruncNorm_tight_0_624,z_test,none,0.009711991823257493,0.02228853333903714,1.0,0.25,0.040869710858648885,0.03253743371753659,0.01984211576303546,0.013769400900532747,0.009711991823257493,100
Real_100,TruncNorm_tight_0_647,e_value_constant_0.25,none,0.17499999999999993,0.4382,1.0,1.0,0.96,0.96,0.6249999999999999,0.32499999999999996,0.17499999999999993,100
Real_100,TruncNorm_tight_0_647,e_value_constant_0.5,none,0.09999999999999996,0.283825,1.0,1.0,0.96,0.75,0.33000000000000007,0.17999999999999994,0.09999999999999996,100
Real_100,TruncNorm_tight_0_647,e_value_wsr,none,0.04500000000000005,0.11177500000000001,1.0,1.0,0.325,0.17999999999999994,0.08500000000000008,0.055000000000000056,0.04500000000000005,100
Real_100,TruncNorm_tight_0_647,empirical_bernstein,none,0.10373162615295474,0.3191484336439961,1.0,1.0,1.0,0.8318446435316034,0.3862637917831889,0.19868710418332847,0.10373162615295474,100
Real_100,TruncNorm_tight_0_647,hoeffding,none,0.1920645582639841,0.3417939435344656,1.0,1.0,0.7854914457521653,0.6073614619083052,0.38412911652796816,0.27162030314812396,0.1920645582639841,100
Real_100,TruncNorm_tight_0_647,sequential_t_test,none,0.03207415725396501,0.06711440599376434,1.0,1.0,0.1447825216362389,0.0866787215291715,0.059004086322875626,0.04329945034451915,0.03207415725396501,100
Real_100,TruncNorm_tight_0_647,sim2real,Sim_252,0.022343750000000023,0.08189687500000002,1.0,1.0,0.27703125,0.16140624999999997,0.06968750000000007,0.03765625000000003,0.022343750000000023,100
Real_100,TruncNorm_tight_0_647,sim2real,Sim_35,0.115,0.16722500000000007,1.0,1.0,0.35999999999999993,0.22499999999999998,0.15000000000000008,0.12,0.115,100
Real_100,TruncNorm_tight_0_647,sim2real,Sim_504,0.020937500000000053,0.08099531250000001,1.0,1.0,0.273125,0.1582812499999999,0.06828125000000002,0.03687499999999999,0.020937500000000053,100
Real_100,TruncNorm_tight_0_647,sim2real,Sim_756,0.021718750000000037,0.08182734375000006,1.0,1.0,0.27390624999999996,0.16359374999999993,0.06921875000000005,0.0382812500000001,0.021718750000000037,100
Real_100,TruncNorm_tight_0_647,sim2real,Sim_7_biased,0.3999999999999999,0.441975,1.0,1.0,0.7199999999999999,0.525,0.42,0.3999999999999999,0.3999999999999999,100
Real_100,TruncNorm_tight_0_647,t_test,none,0.012905276261433396,0.03307572128066979,1.0,0.75,0.07770137082582568,0.048395441623368,0.026984224673405336,0.017969452696055377,0.012905276261433396,100
Real_100,TruncNorm_tight_0_647,vincent,gap_0.05,0.16665403664938008,0.25473247523745557,0.0,0.0,0.5114770327996793,0.3850298504024465,0.2695196652484549,0.20974460297612357,0.16665403664938008,100
Real_100,TruncNorm_tight_0_647,vincent,gap_0.1,0.22093359966859574,0.30733822585208004,0.0,0.0,0.5613683535579531,0.4364079821323979,0.32224890490853575,0.26330913704224895,0.22093359966859574,100
Real_100,TruncNorm_tight_0_647,vincent,gap_0.2,0.32710010593175165,0.4105088923314165,1.0,1.0,0.6595468556052541,0.537421512168611,0.4258816461692132,0.36834249599090185,0.32710010593175165,100
Real_100,TruncNorm_tight_0_647,vincent,gap_0.3,0.4306778790041015,0.5108976582877308,1.0,1.0,0.7555483767904044,0.636242703246717,0.5271824150079174,0.4709268504753365,0.4306778790041015,100
Real_100,TruncNorm_tight_0_647,z_test,none,0.012486846629902237,0.027228114293047386,1.0,0.25,0.05254677110397694,0.04183384335111733,0.025511291695330788,0.017703515443541762,0.012486846629902237,100
Real_100,TruncNorm_tight_0_669,e_value_constant_0.25,none,0.17500000000000007,0.435925,1.0,1.0,0.96,0.96,0.6199999999999999,0.32499999999999984,0.17500000000000007,100
Real_100,TruncNorm_tight_0_669,e_value_constant_0.5,none,0.09999999999999996,0.2829999999999999,1.0,1.0,0.96,0.7299999999999999,0.33,0.18000000000000008,0.09999999999999996,100
Real_100,TruncNorm_tight_0_669,e_value_wsr,none,0.04999999999999998,0.11627500000000003,1.0,1.0,0.335,0.17999999999999997,0.09,0.06499999999999997,0.04999999999999998,100
Real_100,TruncNorm_tight_0_669,empirical_bernstein,none,0.1075594572607901,0.3227556895173557,1.0,1.0,1.0,0.8149452135436868,0.3940286670157146,0.20419833310798072,0.1075594572607901,100
Real_100,TruncNorm_tight_0_669,hoeffding,none,0.1920645582639841,0.340516356433107,1.0,1.0,0.7635248330998159,0.607361461908305,0.38412911652796816,0.27162030314812396,0.1920645582639841,100
Real_100,TruncNorm_tight_0_669,sequential_t_test,none,0.03920174756820049,0.07986391299257818,1.0,1.0,0.17695641513143356,0.10594065950302994,0.07211610533302609,0.05292155009887357,0.03920174756820049,100
Real_100,TruncNorm_tight_0_669,sim2real,Sim_252,0.024687500000000053,0.08488984375000001,1.0,1.0,0.285625,0.16531249999999997,0.07343749999999993,0.04093749999999993,0.024687500000000053,100
Real_100,TruncNorm_tight_0_669,sim2real,Sim_35,0.09499999999999996,0.15072500000000003,1.0,1.0,0.355,0.23999999999999996,0.14000000000000004,0.09999999999999996,0.09499999999999996,100
Real_100,TruncNorm_tight_0_669,sim2real,Sim_504,0.023906250000000046,0.08393242187500002,1.0,1.0,0.27984375000000006,0.1624999999999999,0.07078125000000002,0.03937499999999999,0.023906250000000046,100
Real_100,TruncNorm_tight_0_669,sim2real,Sim_756,0.024531250000000088,0.08487031249999999,1.0,1.0,0.28078125,0.16859374999999993,0.07140624999999995,0.04109374999999996,0.024531250000000088,100
Real_100,TruncNorm_tight_0_669,sim2real,Sim_7_biased,0.42,0.4634,1.0,1.0,0.75,0.5500000000000002,0.44499999999999995,0.425,0.42,100
Real_100,TruncNorm_tight_0_669,t_test,none,0.01577311534984044,0.03918841698796722,1.0,0.75,0.09496834184539482,0.05914998406889988,0.03298071869085101,0.021962664247750778,0.01577311534984044,100
Real_100,TruncNorm_tight_0_669,vincent,gap_0.05,0.1712366494310219,0.2601628321716948,0.0,0.0,0.5185898382336661,0.39199632139095625,0.27562080013389273,0.21506336995435946,0.1712366494310219,100
Real_100,TruncNorm_tight_0_669,vincent,gap_0.1,0.2264672264545076,0.3134587495895692,0.0,0.0,0.5684570080493344,0.4436807046164525,0.3289565374962138,0.2694200227018461,0.2264672264545076,100
Real_100,TruncNorm_tight_0_669,vincent,gap_0.2,0.3340040674428092,0.4175562308420917,1.0,1.0,0.6662307327738131,0.5449194635496017,0.4333965545925974,0.37557190586131073,0.3340040674428092,100
Real_100,TruncNorm_tight_0_669,vincent,gap_0.3,0.4383769011979034,0.518347056206142,1.0,1.0,0.7613437031112195,0.643478697089509,0.5349863831732359,0.4787305613422864,0.4383769011979034,100
Real_100,TruncNorm_tight_0_669,z_test,none,0.015261701336760136,0.03216769504960305,1.0,0.25,0.06422383124003361,0.05113025236375207,0.031180467364242404,0.02163762979754158,0.015261701336760136,100
Real_100,TruncNorm_tight_0_692,e_value_constant_0.25,none,0.18000000000000008,0.43229999999999996,1.0,1.0,0.96,0.96,0.6,0.3199999999999999,0.18000000000000008,100
Real_100,TruncNorm_tight_0_692,e_value_constant_0.5,none,0.09999999999999996,0.2804,1.0,1.0,0.96,0.7000000000000002,0.3350000000000001,0.18000000000000008,0.09999999999999996,100
Real_100,TruncNorm_tight_0_692,e_value_wsr,none,0.2799999999999999,0.12867499999999998,0.75,0.75,0.31500000000000006,0.18000000000000005,0.07999999999999996,0.049999999999999926,0.2799999999999999,100
Real_100,TruncNorm_tight_0_692,empirical_bernstein,none,0.09607596379991629,0.30553877372999677,1.0,1.0,1.0,0.7753870933546354,0.37073404111188546,0.1876646461438921,0.09607596379991629,100
Real_100,TruncNorm_tight_0_692,hoeffding,none,0.1920645582639841,0.3389420796553991,1.0,1.0,0.7391682610363627,0.6073057207682867,0.3841291165279682,0.27162030314812396,0.1920645582639841,100
Real_100,TruncNorm_tight_0_692,sequential_t_test,none,0.01781897625220291,0.04078128865224737,1.0,1.0,0.08043473424235514,0.048154845293984325,0.03278004795715328,0.02405525019139987,0.01781897625220291,100
Real_100,TruncNorm_tight_0_692,sim2real,Sim_252,0.7546875,0.15208749999999993,0.25,0.25,0.28781249999999997,0.16109374999999995,0.06531249999999994,0.03328124999999987,0.7546875,100
Real_100,TruncNorm_tight_0_692,sim2real,Sim_35,0.06999999999999995,0.1428,1.0,1.0,0.355,0.23000000000000007,0.13000000000000003,0.09499999999999996,0.06999999999999995,100
Real_100,TruncNorm_tight_0_692,sim2real,Sim_504,1.0,0.15290390624999994,0.0,0.0,0.2853125000000001,0.15921875000000008,0.06484374999999998,0.03312499999999994,1.0,100
Real_100,TruncNorm_tight_0_692,sim2real,Sim_756,0.75453125,0.15109921874999996,0.25,0.25,0.2859375,0.16281249999999992,0.06593749999999998,0.03343749999999992,0.75453125,100
Real_100,TruncNorm_tight_0_692,sim2real,Sim_7_biased,0.43999999999999984,0.4816,1.0,1.0,0.7800000000000001,0.575,0.46,0.43999999999999984,0.43999999999999984,100
Real_100,TruncNorm_tight_0_692,t_test,none,0.0071695979230186335,0.02072907269342905,1.0,0.75,0.043167428236570105,0.02688635645742676,0.014991235929670055,0.009983029275586475,0.0071695979230186335,100
Real_100,TruncNorm_tight_0_692,vincent,gap_0.05,0.15748881108609653,0.24387176136897704,0.0,0.0,0.49725142193170513,0.371096908425427,0.2573173954775789,0.1991070690196517,0.15748881108609653,100
Real_100,TruncNorm_tight_0_692,vincent,gap_0.1,0.20986634609677185,0.29509717837710175,0.0,0.0,0.5471910445751906,0.42186253716428884,0.30883363973317945,0.25108736572305473,0.20986634609677185,100
Real_100,TruncNorm_tight_0_692,vincent,gap_0.2,0.31329218290963623,0.3964142153100665,1.0,1.0,0.6461791012681357,0.5224256094066295,0.4108518293224448,0.35388367625008416,0.31329218290963623,100
Real_100,TruncNorm_tight_0_692,vincent,gap_0.3,0.4152798346164973,0.4959988624509085,1.0,1.0,0.7439577241487747,0.6217707155611326,0.5115744786772805,0.45531942874143666,0.4152798346164973,100
Real_100,TruncNorm_tight_0_692,z_test,none,0.006937137016612471,0.017348952385026536,1.0,0.25,0.029192650613320718,0.023241024083954672,0.014172939830739584,0.009835286357523343,0.006937137016612471,100
Real_100,TruncNorm_tight_0_714,e_value_constant_0.25,none,0.16500000000000006,0.42857499999999993,1.0,1.0,0.96,0.96,0.58,0.3199999999999999,0.16500000000000006,100
Real_100,TruncNorm_tight_0_714,e_value_constant_0.5,none,0.09499999999999996,0.279375,1.0,1.0,0.96,0.6800000000000002,0.33,0.17000000000000007,0.09499999999999996,100
Real_100,TruncNorm_tight_0_714,e_value_wsr,none,0.03999999999999998,0.10944999999999999,1.0,1.0,0.32,0.18000000000000008,0.08499999999999996,0.05499999999999993,0.03999999999999998,100
Real_100,TruncNorm_tight_0_714,empirical_bernstein,none,0.09990379497643553,0.30860075162319506,1.0,1.0,1.0,0.7584876633149142,0.3784989164475373,0.19317587516361046,0.09990379497643553,100
Real_100,TruncNorm_tight_0_714,hoeffding,none,0.1920645582639841,0.3370503520449198,1.0,1.0,0.7172016482660588,0.5935156105924111,0.3841291165279682,0.27162030314812396,0.1920645582639841,100
Real_100,TruncNorm_tight_0_714,sequential_t_test,none,0.024946566753084154,0.0538938257444381,1.0,1.0,0.1126086279392972,0.06741678341157797,0.0458920671400146,0.03367735026795982,0.024946566753084154,100
Real_100,TruncNorm_tight_0_714,sim2real,Sim_252,0.019843749999999938,0.08073437499999998,1.0,1.0,0.29828125,0.16421875000000002,0.06796874999999994,0.03546875000000002,0.019843749999999938,100
Real_100,TruncNorm_tight_0_714,sim2real,Sim_35,0.10000000000000007,0.15917500000000007,1.0,1.0,0.35,0.23499999999999996,0.14000000000000007,0.12,0.10000000000000007,100
Real_100,TruncNorm_tight_0_714,sim2real,Sim_504,0.019062500000000066,0.0801,1.0,1.0,0.29375000000000007,0.16265625,0.06656249999999997,0.035312500000000024,0.019062500000000066,100
Real_100,TruncNorm_tight_0_714,sim2real,Sim_756,0.01953125,0.081246875,1.0,1.0,0.29546875,0.168125,0.06781249999999997,0.03562500000000007,0.01953125,100
Real_100,TruncNorm_tight_0_714,sim2real,Sim_7_biased,0.46,0.50275,1.0,1.0,0.7750000000000001,0.6,0.485,0.465,0.46,100
Real_100,TruncNorm_tight_0_714,t_test,none,0.010037437092226098,0.026850204870720634,1.0,0.75,0.06043439953119812,0.037640899040397524,0.020987730301538,0.013976240985821009,0.010037437092226098,100
Real_100,TruncNorm_tight_0_714,vincent,gap_0.05,0.16207142386773835,0.24930211830321627,0.0,0.0,0.5043642273656922,0.3780633794139368,0.2634185303630169,0.20442583599788772,0.16207142386773835,100
Real_100,TruncNorm_tight_0_714,vincent,gap_0.1,0.21539997288268378,0.301217702114591,0.0,0.0,0.5542796990665718,0.4291352596483434,0.3155412723208576,0.25719825138265184,0.21539997288268378,100
Real_100,TruncNorm_tight_0_714,vincent,gap_0.2,0.320196144420694,0.40346155382074156,1.0,1.0,0.6528629784366947,0.5299235607876203,0.4183667377458289,0.3611130861204931,0.320196144420694,100
Real_100,TruncNorm_tight_0_714,vincent,gap_0.3,0.4229788568102994,0.5034482603693197,1.0,1.0,0.7497530504695896,0.6290067094039249,0.5193784468425989,0.4631231396083866,0.4229788568102994,100
Real_100,TruncNorm_tight_0_714,z_test,none,0.009711991823257438,0.02228853333903712,1.0,0.25,0.040869710858648885,0.032537433717536535,0.019842115763035406,0.013769400900532747,0.009711991823257438,100
Real_100,TruncNorm_tight_0_737,e_value_constant_0.25,none,0.16499999999999992,0.4238,1.0,1.0,0.96,0.96,0.5600000000000003,0.3200000000000001,0.16499999999999992,100
Real_100,TruncNorm_tight_0_737,e_value_constant_0.5,none,0.08500000000000008,0.27812499999999996,1.0,1.0,0.96,0.6549999999999998,0.33000000000000007,0.15999999999999992,0.08500000000000008,100
Real_100,TruncNorm_tight_0_737,e_value_wsr,none,0.04500000000000003,0.11175000000000004,1.0,1.0,0.32499999999999996,0.18000000000000008,0.08999999999999997,0.055000000000000056,0.04500000000000003,100
Real_100,TruncNorm_tight_0_737,empirical_bernstein,none,0.1037316259967786,0.31120618604754346,1.0,1.0,1.0,0.7415882333929883,0.3862637915486964,0.19868710396716321,0.1037316259967786,100
Real_100,TruncNorm_tight_0_737,hoeffding,none,0.1920645582639841,0.334773126445208,1.0,1.0,0.695235035763965,0.5721497522555689,0.3841291165279682,0.27162030314812396,0.1920645582639841,100
Real_100,TruncNorm_tight_0_737,sequential_t_test,none,0.03207415682956233,0.06682009090865185,1.0,1.0,0.14478252117749718,0.08667872120234044,0.05900408593015832,0.043299449611874874,0.03207415682956233,100
Real_100,TruncNorm_tight_0_737,sim2real,Sim_252,0.0234375,0.08474101562500001,1.0,1.0,0.31015625,0.17015625,0.07140625,0.03953124999999999,0.0234375,100
Real_100,TruncNorm_tight_0_737,sim2real,Sim_35,0.08000000000000007,0.14020000000000005,1.0,1.0,0.3400000000000001,0.21499999999999994,0.13499999999999995,0.09500000000000007,0.08000000000000007,100
Real_100,TruncNorm_tight_0_737,sim2real,Sim_504,0.021875000000000037,0.08275273437500004,1.0,1.0,0.30374999999999996,0.16593749999999996,0.06968750000000007,0.038437500000000006,0.021875000000000037,100
Real_100,TruncNorm_tight_0_737,sim2real,Sim_756,0.02296875000000004,0.08502578124999999,1.0,1.0,0.3065625,0.17281249999999995,0.07140625000000009,0.03984375000000004,0.02296875000000004,100
Real_100,TruncNorm_tight_0_737,sim2real,Sim_7_biased,0.48,0.524375,1.0,1.0,0.7650000000000001,0.6199999999999999,0.505,0.49,0.48,100
Real_100,TruncNorm_tight_0_737,t_test,none,0.012905276077705918,0.03296290033620262,1.0,0.75,0.07770137020038514,0.04839544131085388,0.026984223867505826,0.017969452335562686,0.012905276077705918,100
Real_100,TruncNorm_tight_0_737,vincent,gap_0.05,0.1666540366493801,0.25473247523745557,0.0,0.0,0.5114770327996793,0.3850298504024465,0.26951966524845483,0.2097446029761236,0.1666540366493801,100
Real_100,TruncNorm_tight_0_737,vincent,gap_0.1,0.22093359966859574,0.30733822585208004,0.0,0.0,0.5613683535579531,0.4364079821323979,0.3222489049085357,0.26330913704224895,0.22093359966859574,100
Real_100,TruncNorm_tight_0_737,vincent,gap_0.2,0.3271001059317517,0.4105088923314165,1.0,1.0,0.6595468556052541,0.537421512168611,0.4258816461692132,0.3683424959909019,0.3271001059317517,100
Real_100,TruncNorm_tight_0_737,vincent,gap_0.3,0.43067787900410137,0.5108976582877308,1.0,1.0,0.7555483767904044,0.6362427032467167,0.5271824150079174,0.47092685047533633,0.43067787900410137,100
Real_100,TruncNorm_tight_0_737,z_test,none,0.012486846403002239,0.027228113844066187,1.0,0.25,0.05254677085551046,0.04183384193918222,0.025511291096437017,0.01770351501376405,0.012486846403002239,100
Real_100,TruncNorm_tight_0_759,e_value_constant_0.25,none,0.16499999999999992,0.418275,1.0,1.0,0.96,0.96,0.535,0.3200000000000001,0.16499999999999992,100
Real_100,TruncNorm_tight_0_759,e_value_constant_0.5,none,0.09000000000000002,0.2753999999999999,1.0,1.0,0.96,0.6349999999999998,0.3200000000000001,0.15999999999999992,0.09000000000000002,100
Real_100,TruncNorm_tight_0_759,e_value_wsr,none,0.05000000000000004,0.11907500000000004,1.0,1.0,0.35,0.18499999999999997,0.10000000000000003,0.07000000000000008,0.05000000000000004,100
Real_100,TruncNorm_tight_0_759,empirical_bernstein,none,0.10755899237886858,0.313242347785967,1.0,1.0,1.0,0.7246891540273467,0.3940279688733542,0.20419768968036578,0.10755899237886858,100
Real_100,TruncNorm_tight_0_759,hoeffding,none,0.1920645582639841,0.33203060637937404,1.0,1.0,0.6732692214024035,0.5507845725655873,0.3841291165279682,0.27162030314812396,0.1920645582639841,100
Real_100,TruncNorm_tight_0_759,sequential_t_test,none,0.03920048631176726,0.07954860918097492,1.0,1.0,0.17695504925221,0.1059396863850085,0.07211493617083164,0.05291937504563588,0.03920048631176726,100
Real_100,TruncNorm_tight_0_759,sim2real,Sim_252,0.026718749999999954,0.08885976562500002,1.0,1.0,0.32343749999999993,0.17578125,0.07578125000000005,0.04343750000000002,0.026718749999999954,100
Real_100,TruncNorm_tight_0_759,sim2real,Sim_35,0.060000000000000074,0.12595000000000006,1.0,1.0,0.35999999999999993,0.21499999999999994,0.12,0.08000000000000003,0.060000000000000074,100
Real_100,TruncNorm_tight_0_759,sim2real,Sim_504,0.025312499999999988,0.086533203125,1.0,1.0,0.31609374999999984,0.16968749999999994,0.07437500000000005,0.0425,0.025312499999999988,100
Real_100,TruncNorm_tight_0_759,sim2real,Sim_756,0.0259375,0.08886406250000004,1.0,1.0,0.31875,0.17875,0.07468750000000009,0.04359375000000006,0.0259375,100
Real_100,TruncNorm_tight_0_759,sim2real,Sim_7_biased,0.5,0.5485250000000002,1.0,1.0,0.7600000000000001,0.6449999999999999,0.5399999999999999,0.52,0.5,100
Real_100,TruncNorm_tight_0_759,t_test,none,0.01577256981906089,0.03906084810997833,1.0,0.75,0.09496648003642844,0.05914905373560086,0.0329783312153053,0.02196159526052921,0.01577256981906089,100
Real_100,TruncNorm_tight_0_759,vincent,gap_0.05,0.1712366494273467,0.2601628321674989,0.0,0.0,0.5185898382270673,0.39199632138617396,0.27562080012938694,0.215063369950448,0.1712366494273467,100
Real_100,TruncNorm_tight_0_759,vincent,gap_0.1,0.2264672264506338,0.3134587495852528,0.0,0.0,0.5684570080427394,0.4436807046116194,0.3289565374916011,0.2694200226977822,0.2264672264506338,100
Real_100,TruncNorm_tight_0_759,vincent,gap_0.2,0.3340040674386925,0.4175562308376514,0.97,0.95,0.6662307327672861,0.544919463544733,0.4333965545878531,0.3755719058570561,0.3340040674386925,100
Real_100,TruncNorm_tight_0_759,vincent,gap_0.3,0.4383769011936606,0.5183470562016824,1.0,1.0,0.7613437031048658,0.643478697084682,0.5349863831684472,0.47873056133794134,0.4383769011936606,100
Real_100,TruncNorm_tight_0_759,z_test,none,0.015261027086839019,0.032166361050124534,1.0,0.25,0.06422309145818061,0.05112605893090927,0.03117868770536775,0.021636353610089813,0.015261027086839019,100
Real_100,TruncNorm_tight_0_782,e_value_constant_0.25,none,0.16000000000000006,0.41242500000000004,1.0,1.0,0.96,0.96,0.515,0.3199999999999999,0.16000000000000006,100
Real_100,TruncNorm_tight_0_782,e_value_constant_0.5,none,0.09999999999999996,0.27115,1.0,1.0,0.96,0.6149999999999999,0.3199999999999999,0.16000000000000006,0.09999999999999996,100
Real_100,TruncNorm_tight_0_782,e_value_wsr,none,0.040000000000000036,0.10760000000000006,1.0,1.0,0.3149999999999999,0.16999999999999993,0.08000000000000007,0.060000000000000074,0.040000000000000036,100
Real_100,TruncNorm_tight_0_782,empirical_bernstein,none,0.09607596379991629,0.2952615703197123,1.0,1.0,1.0,0.6851306830982251,0.37073404111188546,0.1876646461438921,0.09607596379991629,100
Real_100,TruncNorm_tight_0_782,hoeffding,none,0.1920645582639841,0.32830290950107127,1.0,1.0,0.6489118507799523,0.5246250589008941,0.3841291165279682,0.27162030314812396,0.1920645582639841,100
Real_100,TruncNorm_tight_0_782,sequential_t_test,none,0.01781897625220291,0.04052759718360603,1.0,1.0,0.08043473424235514,0.048154845293984325,0.03278004795715328,0.02405525019139987,0.01781897625220291,100
Real_100,TruncNorm_tight_0_782,sim2real,Sim_252,0.018125000000000085,0.08044921875000004,1.0,1.0,0.32953125000000005,0.16921875,0.06718750000000005,0.03406250000000002,0.018125000000000085,100
Real_100,TruncNorm_tight_0_782,sim2real,Sim_35,0.04500000000000001,0.11587499999999999,1.0,1.0,0.35,0.19999999999999993,0.09999999999999996,0.07499999999999996,0.04500000000000001,100
Real_100,TruncNorm_tight_0_782,sim2real,Sim_504,0.018281250000000027,0.07968046875000004,1.0,1.0,0.3259375,0.16750000000000007,0.06609375000000009,0.03343750000000001,0.018281250000000027,100
Real_100,TruncNorm_tight_0_782,sim2real,Sim_756,0.01843750000000005,0.08119179687500001,1.0,1.0,0.32781249999999984,0.17171874999999998,0.06765625000000014,0.034218749999999964,0.01843750000000005,100
Real_100,TruncNorm_tight_0_782,sim2real,Sim_7_biased,0.52,0.5655249999999998,1.0,1.0,0.7600000000000001,0.67,0.5599999999999999,0.5399999999999999,0.52,100
Real_100,TruncNorm_tight_0_782,t_test,none,0.0071695979230186335,0.020624688460771163,1.0,0.75,0.043167428236570105,0.02688635645742676,0.014991235929670055,0.009983029275586475,0.0071695979230186335,100
Real_100,TruncNorm_tight_0_782,vincent,gap_0.05,0.15748881108609653,0.24387176136897704,0.0,0.0,0.49725142193170513,0.371096908425427,0.257317395477579,0.1991070690196517,0.15748881108609653,100
Real_100,TruncNorm_tight_0_782,vincent,gap_0.1,0.20986634609677185,0.29509717837710175,0.0,0.0,0.5471910445751906,0.42186253716428884,0.30883363973317945,0.2510873657230548,0.20986634609677185,100
Real_100,TruncNorm_tight_0_782,vincent,gap_0.2,0.31329218290963623,0.39641421531006654,0.0,0.0,0.6461791012681356,0.5224256094066295,0.41085182932244474,0.35388367625008404,0.31329218290963623,100
Real_100,TruncNorm_tight_0_782,vincent,gap_0.3,0.4152798346164973,0.4959988624509085,1.0,1.0,0.7439577241487747,0.6217707155611326,0.5115744786772805,0.4553194287414367,0.4152798346164973,100
Real_100,TruncNorm_tight_0_782,z_test,none,0.006937137016612471,0.017348952385026536,1.0,0.25,0.029192650613320718,0.023241024083954672,0.014172939830739584,0.009835286357523343,0.006937137016612471,100
Real_100,TruncNorm_tight_0_805,e_value_constant_0.25,none,0.17000000000000007,0.4048000000000001,1.0,1.0,0.96,0.96,0.49,0.3199999999999999,0.17000000000000007,100
Real_100,TruncNorm_tight_0_805,e_value_constant_0.5,none,0.09999999999999996,0.26717499999999994,1.0,1.0,0.96,0.59,0.32499999999999984,0.17500000000000007,0.09999999999999996,100
Real_100,TruncNorm_tight_0_805,e_value_wsr,none,0.03999999999999993,0.10952499999999998,1.0,1.0,0.34,0.16999999999999993,0.08999999999999997,0.05499999999999993,0.03999999999999993,100
Real_100,TruncNorm_tight_0_805,empirical_bernstein,none,0.09990379440370062,0.2963739736777075,1.0,1.0,1.0,0.6682312534904868,0.3784989155875965,0.1931758743708804,0.09990379440370062,100
Real_100,TruncNorm_tight_0_805,hoeffding,none,0.1920645582639841,0.3238952307670035,1.0,1.0,0.6269452389932384,0.5032592011723179,0.3829490249693326,0.27162030314812396,0.1920645582639841,100
Real_100,TruncNorm_tight_0_805,sequential_t_test,none,0.0249465651967013,0.05359169308423757,1.0,1.0,0.11260862625698043,0.06741678221300956,0.045892065699825346,0.03367734758118812,0.0249465651967013,100
Real_100,TruncNorm_tight_0_805,sim2real,Sim_252,0.02156249999999998,0.08417070312499997,1.0,1.0,0.341875,0.17484374999999988,0.07046874999999994,0.03718749999999993,0.02156249999999998,100
Real_100,TruncNorm_tight_0_805,sim2real,Sim_35,0.03999999999999993,0.10594999999999997,1.0,1.0,0.36499999999999994,0.19999999999999993,0.09999999999999996,0.05999999999999993,0.03999999999999993,100
Real_100,TruncNorm_tight_0_805,sim2real,Sim_504,0.020468750000000088,0.0826828125,1.0,1.0,0.33703125,0.17156249999999995,0.06859374999999998,0.036562499999999915,0.020468750000000088,100
Real_100,TruncNorm_tight_0_805,sim2real,Sim_756,0.021093749999999994,0.08409101562499995,1.0,1.0,0.3421874999999999,0.1790625,0.06999999999999998,0.03671874999999991,0.021093749999999994,100
Real_100,TruncNorm_tight_0_805,sim2real,Sim_7_biased,0.5449999999999999,0.5910499999999997,1.0,1.0,0.7600000000000001,0.6850000000000002,0.58,0.5599999999999999,0.5449999999999999,100
Real_100,TruncNorm_tight_0_805,t_test,none,0.01003743641845578,0.026737382774956197,1.0,0.75,0.06043439723755727,0.03764089789433289,0.02098772734613225,0.01397623966381556,0.01003743641845578,100
Real_100,TruncNorm_tight_0_805,vincent,gap_0.05,0.16207142386773835,0.24930211830321627,0.0,0.0,0.5043642273656923,0.3780633794139368,0.2634185303630169,0.2044258359978877,0.16207142386773835,100
Real_100,TruncNorm_tight_0_805,vincent,gap_0.1,0.21539997288268378,0.3012177021145909,0.0,0.0,0.5542796990665718,0.4291352596483434,0.3155412723208576,0.25719825138265184,0.21539997288268378,100
Real_100,TruncNorm_tight_0_805,vincent,gap_0.2,0.3201961444206939,0.4034615538207415,0.0,0.0,0.6528629784366947,0.5299235607876204,0.4183667377458289,0.361113086120493,0.3201961444206939,100
Real_100,TruncNorm_tight_0_805,vincent,gap_0.3,0.4229788568102994,0.5034482603693197,1.0,1.0,0.7497530504695896,0.6290067094039248,0.5193784468425989,0.4631231396083866,0.4229788568102994,100
Real_100,TruncNorm_tight_0_805,z_test,none,0.0097119909911626,0.022288531692519847,1.0,0.25,0.04086970994746236,0.03253742853964886,0.019842113566754194,0.013769399324440545,0.0097119909911626,100
Real_100,TruncNorm_tight_0_827,e_value_constant_0.25,none,0.17500000000000007,0.39570000000000005,1.0,1.0,0.96,0.96,0.46,0.3099999999999999,0.17500000000000007,100
Real_100,TruncNorm_tight_0_827,e_value_constant_0.5,none,0.09999999999999996,0.26315,1.0,1.0,0.96,0.5700000000000002,0.3199999999999999,0.18000000000000008,0.09999999999999996,100
Real_100,TruncNorm_tight_0_827,e_value_wsr,none,0.04499999999999993,0.11687499999999997,1.0,1.0,0.3549999999999999,0.18500000000000003,0.09499999999999996,0.06499999999999993,0.04499999999999993,100
Real_100,TruncNorm_tight_0_827,empirical_bernstein,none,0.1037278246104466,0.29652063254507355,1.0,1.0,1.0,0.651334698874023,0.36568547523996076,0.19868184414609918,0.1037278246104466,100
Real_100,TruncNorm_tight_0_827,hoeffding,none,0.1920645582639841,0.3182942563845538,1.0,1.0,0.6049851694094792,0.48189890703977056,0.3669369302107162,0.27162030314812396,0.1920645582639841,100
Real_100,TruncNorm_tight_0_827,sequential_t_test,none,0.03206398403593563,0.06627797427113856,1.0,1.0,0.14477132560561237,0.08667074524483397,0.05899451256061867,0.04328206175028887,0.03206398403593563,100
Real_100,TruncNorm_tight_0_827,sim2real,Sim_252,0.025624999999999957,0.08912499999999993,1.0,1.0,0.3539062499999999,0.18234375,0.07609374999999989,0.04249999999999998,0.025624999999999957,100
Real_100,TruncNorm_tight_0_827,sim2real,Sim_35,0.06499999999999993,0.12007499999999997,1.0,1.0,0.38,0.19999999999999993,0.09999999999999996,0.07999999999999996,0.06499999999999993,100
Real_100,TruncNorm_tight_0_827,sim2real,Sim_504,0.024218749999999904,0.08726445312499993,1.0,1.0,0.3465624999999999,0.1765624999999999,0.07328124999999985,0.04218749999999996,0.024218749999999904,100
Real_100,TruncNorm_tight_0_827,sim2real,Sim_756,0.025,0.08849296874999998,1.0,1.0,0.3573437499999999,0.18671874999999993,0.07421874999999992,0.041406250000000006,0.025,100
Real_100,TruncNorm_tight_0_827,sim2real,Sim_7_biased,0.58,0.61335,1.0,1.0,0.7600000000000001,0.715,0.605,0.58,0.58,100
Real_100,TruncNorm_tight_0_827,t_test,none,0.012900907573658693,0.03279892914049938,1.0,0.75,0.07768613964515741,0.04838782758739247,0.026965475857395064,0.01796098765038029,0.012900907573658693,100
Real_100,TruncNorm_tight_0_827,vincent,gap_0.05,0.16665403664524642,0.25473247523273623,0.0,0.0,0.511477032792257,0.38502985039706755,0.2695196652433869,0.20974460297172415,0.16665403664524642,100
Real_100,TruncNorm_tight_0_827,vincent,gap_0.1,0.22093359966423873,0.3073382258472252,0.0,0.0,0.5613683535505353,0.4364079821269622,0.32224890490334746,0.2633091370376781,0.22093359966423873,100
Real_100,TruncNorm_tight_0_827,vincent,gap_0.2,0.32710010592712124,0.41050889232642246,0.0,0.0,0.6595468555979127,0.537421512163135,0.4258816461638771,0.36834249598611635,0.32710010592712124,100
Real_100,TruncNorm_tight_0_827,vincent,gap_0.3,0.43067787899932924,0.510897658282715,1.0,1.0,0.7555483767832581,0.6362427032412877,0.5271824150025312,0.4709268504704495,0.43067787899932924,100
Real_100,TruncNorm_tight_0_827,z_test,none,0.012481413865996382,0.02721737947718948,1.0,0.25,0.05254070818541606,0.04180021835297948,0.025496954735219627,0.017693297499611904,0.012481413865996382,100
Real_100,TruncNorm_tight_0_850,e_value_constant_0.25,none,0.17999999999999994,0.38515,1.0,1.0,0.96,0.9449999999999996,0.43999999999999984,0.2850000000000001,0.17999999999999994,100
Real_100,TruncNorm_tight_0_850,e_value_constant_0.5,none,0.09999999999999996,0.25839999999999996,1.0,1.0,0.96,0.5500000000000002,0.2999999999999999,0.17999999999999994,0.09999999999999996,100
Real_100,TruncNorm_tight_0_850,e_value_wsr,none,0.050000000000000044,0.12310000000000004,1.0,1.0,0.36500000000000005,0.19500000000000003,0.10499999999999997,0.07499999999999996,0.050000000000000044,100
Real_100,TruncNorm_tight_0_850,empirical_bernstein,none,0.10734504626290242,0.29538929392862107,1.0,1.0,1.0,0.6346134959869224,0.3472137136353,0.20390366035030297,0.10734504626290242,100
Real_100,TruncNorm_tight_0_850,hoeffding,none,0.1920645582639841,0.3112563828152507,1.0,1.0,0.5834128985131614,0.4608711068916817,0.34520956772302264,0.27162030314812396,0.1920645582639841,100
Real_100,TruncNorm_tight_0_850,sequential_t_test,none,0.0387347711055685,0.07806386470154404,1.0,1.0,0.1762625055559629,0.10544734263149508,0.0715505326473402,0.0522455814303835,0.0387347711055685,100
Real_100,TruncNorm_tight_0_850,sim2real,Sim_252,0.028125000000000067,0.09383593750000002,1.0,1.0,0.3698437499999999,0.19250000000000006,0.08093749999999991,0.04640625000000002,0.028125000000000067,100
Real_100,TruncNorm_tight_0_850,sim2real,Sim_35,0.09499999999999996,0.14250000000000007,1.0,1.0,0.4099999999999999,0.21000000000000008,0.10499999999999997,0.09999999999999996,0.09499999999999996,100
Real_100,TruncNorm_tight_0_850,sim2real,Sim_504,0.02765625000000002,0.09226210937500001,1.0,1.0,0.35656249999999995,0.18359375,0.07968749999999997,0.04703125,0.02765625000000002,100
Real_100,TruncNorm_tight_0_850,sim2real,Sim_756,0.02750000000000008,0.09266679687500004,1.0,1.0,0.3770312500000001,0.1971874999999999,0.07796874999999989,0.045625,0.02750000000000008,100
Real_100,TruncNorm_tight_0_850,sim2real,Sim_7_biased,0.6,0.6333749999999999,1.0,1.0,0.7600000000000001,0.7299999999999999,0.6249999999999999,0.605,0.6,100
Real_100,TruncNorm_tight_0_850,t_test,none,0.01558663260924903,0.0383085826385635,1.0,0.75,0.09410712077202789,0.058711169486579014,0.03243874399330465,0.02166864994024748,0.01558663260924903,100
Real_100,TruncNorm_tight_0_850,vincent,gap_0.05,0.1712365905112596,0.2601627649152347,0.0,0.0,0.5185897325052617,0.391996244749969,0.275620727906796,0.21506330724922232,0.1712365905112596,100
Real_100,TruncNorm_tight_0_850,vincent,gap_0.1,0.22646716435145453,0.3134586803998645,0.0,0.0,0.5684569023821863,0.443680627164965,0.3289564635538629,0.2694199575534828,0.22646716435145453,100
Real_100,TruncNorm_tight_0_850,vincent,gap_0.2,0.33400400144247144,0.41755615966748244,0.0,0.0,0.6662306281983094,0.5449193855230189,0.4333964785415821,0.375571837653887,0.33400400144247144,100
Real_100,TruncNorm_tight_0_850,vincent,gap_0.3,0.4383768331756888,0.5183469847209479,1.0,1.0,0.7613436013150473,0.6434786197345812,0.5349863064078821,0.47873049168639276,0.4383768331756888,100
Real_100,TruncNorm_tight_0_850,z_test,none,0.015035407513644072,0.03174830157385096,1.0,0.25,0.06385148158604531,0.04996639293080952,0.030624911482764645,0.021270010362325564,0.015035407513644072,100
Real_100,TruncNorm_tight_0_872,e_value_constant_0.25,none,0.17499999999999993,0.3720499999999998,1.0,1.0,0.96,0.92,0.42,0.26,0.17499999999999993,100
Real_100,TruncNorm_tight_0_872,e_value_constant_0.5,none,0.10000000000000007,0.2506999999999999,1.0,1.0,0.96,0.52,0.27500000000000013,0.17999999999999994,0.10000000000000007,100
Real_100,TruncNorm_tight_0_872,e_value_wsr,none,0.04500000000000005,0.10917500000000008,1.0,1.0,0.33,0.18000000000000008,0.09499999999999996,0.055000000000000056,0.04500000000000005,100
Real_100,TruncNorm_tight_0_872,empirical_bernstein,none,0.0960759581754005,0.27574168541643296,1.0,1.0,1.0,0.5948742770841121,0.31290858192598814,0.187664638358933,0.0960759581754005,100
Real_100,TruncNorm_tight_0_872,hoeffding,none,0.1920645582639841,0.3002923146243568,1.0,1.0,0.558655450182895,0.4343686568575486,0.3208932826232347,0.2656293902430371,0.1920645582639841,100
Real_100,TruncNorm_tight_0_872,sequential_t_test,none,0.01781896096843627,0.04010481044027725,1.0,1.0,0.0804347177211377,0.04815483352342597,0.032780033813792686,0.024055223807827823,0.01781896096843627,100
Real_100,TruncNorm_tight_0_872,sim2real,Sim_252,0.019843749999999966,0.08363476562500002,1.0,1.0,0.37109374999999994,0.18515625000000008,0.06796875000000008,0.03562500000000007,0.019843749999999966,100
Real_100,TruncNorm_tight_0_872,sim2real,Sim_35,0.10499999999999997,0.15177500000000002,1.0,1.0,0.4099999999999999,0.2000000000000001,0.12,0.12,0.10499999999999997,100
Real_100,TruncNorm_tight_0_872,sim2real,Sim_504,0.01953125,0.08288046875,1.0,1.0,0.36765625,0.18250000000000002,0.0675,0.03531250000000005,0.01953125,100
Real_100,TruncNorm_tight_0_872,sim2real,Sim_756,0.26484375000000004,0.08996171875000003,0.75,0.75,0.3784375,0.1900000000000001,0.06859375000000012,0.03531250000000005,0.26484375000000004,100
Real_100,TruncNorm_tight_0_872,sim2real,Sim_7_biased,0.6199999999999999,0.6507999999999999,1.0,1.0,0.7600000000000001,0.7199999999999999,0.6449999999999999,0.6249999999999999,0.6199999999999999,100
Real_100,TruncNorm_tight_0_872,t_test,none,0.007169591306700029,0.020511852404010687,1.0,0.75,0.04316740571195677,0.02688634520253019,0.014991206909689192,0.00998301629412407,0.007169591306700029,100
Real_100,TruncNorm_tight_0_872,vincent,gap_0.05,0.15748881108609655,0.24387176136897704,0.0,0.0,0.49725142193170513,0.37109690842542703,0.2573173954775789,0.1991070690196517,0.15748881108609655,100
Real_100,TruncNorm_tight_0_872,vincent,gap_0.1,0.20986634609677185,0.29509717837710175,0.0,0.0,0.5471910445751906,0.42186253716428884,0.30883363973317945,0.25108736572305473,0.20986634609677185,100
Real_100,TruncNorm_tight_0_872,vincent,gap_0.2,0.31329218290963623,0.39641421531006654,0.0,0.0,0.6461791012681356,0.5224256094066295,0.41085182932244485,0.35388367625008416,0.31329218290963623,100
Real_100,TruncNorm_tight_0_872,vincent,gap_0.3,0.4152798346164973,0.4959988624509085,0.0,0.0,0.7439577241487747,0.6217707155611326,0.5115744786772803,0.4553194287414367,0.4152798346164973,100
Real_100,TruncNorm_tight_0_872,z_test,none,0.006937128845411811,0.01734893621622328,1.0,0.25,0.02919264166500307,0.023240973237585276,0.014172918263179735,0.009835270880521607,0.006937128845411811,100
Real_100,TruncNorm_tight_0_895,e_value_constant_0.25,none,0.16500000000000004,0.354475,1.0,1.0,0.96,0.9000000000000005,0.3999999999999999,0.24,0.16500000000000004,100
Real_100,TruncNorm_tight_0_895,e_value_constant_0.5,none,0.09499999999999996,0.242725,1.0,1.0,0.96,0.5,0.25,0.17,0.09499999999999996,100
Real_100,TruncNorm_tight_0_895,e_value_wsr,none,0.050000000000000044,0.11637500000000005,1.0,1.0,0.35,0.18999999999999997,0.09000000000000007,0.06500000000000007,0.050000000000000044,100
Real_100,TruncNorm_tight_0_895,empirical_bernstein,none,0.09984274540717657,0.2720442812873399,1.0,1.0,1.0,0.5780235333377203,0.2942410290381508,0.19309177327612645,0.09984274540717657,100
Real_100,TruncNorm_tight_0_895,hoeffding,none,0.1920645582639841,0.286141643311653,1.0,1.0,0.5367983100879427,0.4130962146815569,0.29888967804064603,0.24401976445183213,0.1920645582639841,100
Real_100,TruncNorm_tight_0_895,sequential_t_test,none,0.024804804447128844,0.05271940322844925,1.0,1.0,0.11242034412255503,0.06728276362250017,0.04573452497921126,0.033459786101318,0.024804804447128844,100
Real_100,TruncNorm_tight_0_895,sim2real,Sim_252,0.024687500000000025,0.09015859375000002,1.0,1.0,0.38812499999999983,0.19625000000000012,0.07593750000000007,0.04156250000000008,0.024687500000000025,100
Real_100,TruncNorm_tight_0_895,sim2real,Sim_35,0.10000000000000007,0.1472000000000001,1.0,1.0,0.4049999999999999,0.22499999999999998,0.12499999999999999,0.10000000000000007,0.10000000000000007,100
Real_100,TruncNorm_tight_0_895,sim2real,Sim_504,0.02359375000000008,0.08808632812500004,1.0,1.0,0.3784375,0.18828125000000018,0.07218750000000003,0.03984375000000007,0.02359375000000008,100
Real_100,TruncNorm_tight_0_895,sim2real,Sim_756,0.02343750000000006,0.08904648437500003,1.0,1.0,0.39765624999999993,0.2035937500000001,0.0731250000000001,0.03937500000000004,0.02343750000000006,100
Real_100,TruncNorm_tight_0_895,sim2real,Sim_7_biased,0.6399999999999999,0.6703749999999999,1.0,1.0,0.7600000000000001,0.7249999999999999,0.6800000000000002,0.65,0.6399999999999999,100
Real_100,TruncNorm_tight_0_895,t_test,none,0.00997986951358898,0.02637448302182025,1.0,0.75,0.060188717567877414,0.03751701148648201,0.02079426213766855,0.013878575806853477,0.00997986951358898,100
Real_100,TruncNorm_tight_0_895,vincent,gap_0.05,0.16207142386246093,0.2493021182971912,0.0,0.0,0.5043642273562164,0.3780633794070696,0.2634185303565468,0.204425835992271,0.16207142386246093,100
Real_100,TruncNorm_tight_0_895,vincent,gap_0.1,0.21539997287712126,0.3012177021083928,0.0,0.0,0.5542796990571016,0.4291352596414035,0.31554127231423384,0.2571982513768163,0.21539997287712126,100
Real_100,TruncNorm_tight_0_895,vincent,gap_0.2,0.3201961444147824,0.40346155381436577,0.0,0.0,0.6528629784273222,0.529923560780629,0.4183667377390163,0.36111308611438353,0.3201961444147824,100
Real_100,TruncNorm_tight_0_895,vincent,gap_0.3,0.42297885680420677,0.503448260362916,0.0,0.0,0.7497530504604658,0.6290067093969937,0.5193784468357223,0.4631231396021475,0.42297885680420677,100
Real_100,TruncNorm_tight_0_895,z_test,none,0.009639798613297446,0.022150556612127913,1.0,0.25,0.040768142117016855,0.03213229336240392,0.01965747553945446,0.01364510378531053,0.009639798613297446,100
Real_100,TruncNorm_tight_0_917,e_value_constant_0.25,none,0.15000000000000008,0.3366,1.0,1.0,0.96,0.88,0.38000000000000006,0.21999999999999992,0.15000000000000008,100
Real_100,TruncNorm_tight_0_917,e_value_constant_0.5,none,0.09499999999999996,0.23262500000000003,1.0,1.0,0.96,0.485,0.22999999999999995,0.15000000000000008,0.09499999999999996,100
Real_100,TruncNorm_tight_0_917,e_value_wsr,none,0.04999999999999998,0.11874999999999998,1.0,1.0,0.345,0.19999999999999993,0.095,0.06499999999999997,0.04999999999999998,100
Real_100,TruncNorm_tight_0_917,empirical_bernstein,none,0.10246433702877839,0.26585737628107986,1.0,1.0,1.0,0.5626742945640535,0.2776608018098652,0.18399255381075247,0.10246433702877839,100
Real_100,TruncNorm_tight_0_917,hoeffding,none,0.18378441047248248,0.26861632244894895,1.0,1.0,0.5177711491003361,0.3943623281910665,0.27967104579201996,0.22508715118325878,0.18378441047248248,100
Real_100,TruncNorm_tight_0_917,sequential_t_test,none,0.029651477544481105,0.06176465087221238,1.0,1.0,0.13930372363597004,0.08284983307790726,0.05532352343878011,0.04013586490337518,0.029651477544481105,100
Real_100,TruncNorm_tight_0_917,sim2real,Sim_252,0.025937499999999995,0.09403671875000001,1.0,1.0,0.41140625,0.2079687499999999,0.08078125,0.04500000000000003,0.025937499999999995,100
Real_100,TruncNorm_tight_0_917,sim2real,Sim_35,0.12,0.16192500000000007,1.0,1.0,0.395,0.22999999999999995,0.14499999999999993,0.12,0.12,100
Real_100,TruncNorm_tight_0_917,sim2real,Sim_504,0.026093750000000054,0.09263320312500001,1.0,1.0,0.39281249999999995,0.19671875,0.07656250000000003,0.04468750000000005,0.026093750000000054,100
Real_100,TruncNorm_tight_0_917,sim2real,Sim_756,0.025156250000000043,0.092953125,1.0,1.0,0.41968749999999994,0.22062499999999996,0.07625000000000001,0.04250000000000004,0.025156250000000043,100
Real_100,TruncNorm_tight_0_917,sim2real,Sim_7_biased,0.66,0.6871249999999999,1.0,1.0,0.7600000000000001,0.7299999999999999,0.7000000000000002,0.67,0.66,100
Real_100,TruncNorm_tight_0_917,t_test,none,0.011958885598648106,0.030438349738205847,1.0,0.75,0.07287129997048175,0.045766330230477485,0.025001347098320307,0.01668596727513688,0.011958885598648106,100
Real_100,TruncNorm_tight_0_917,vincent,gap_0.05,0.16665367283802174,0.2547320603574494,0.0,0.0,0.5114763824614755,0.3850293782845386,0.2695192196092324,0.20974421591126005,0.16665367283802174,100
Real_100,TruncNorm_tight_0_917,vincent,gap_0.1,0.22093321618141523,0.3073377990109302,0.0,0.0,0.5613677035983742,0.43640750500479825,0.3222484486673566,0.2633087348758616,0.22093321618141523,100
Real_100,TruncNorm_tight_0_917,vincent,gap_0.2,0.3270996983555219,0.4105084531906252,0.0,0.0,0.6595462123931124,0.5374210314863528,0.4258811768944037,0.3683420749165057,0.3270996983555219,100
Real_100,TruncNorm_tight_0_917,vincent,gap_0.3,0.4306774589306711,0.510897217191756,0.0,0.0,0.7555477507572144,0.636242226715952,0.5271819413177874,0.47092642044796007,0.4306774589306711,100
Real_100,TruncNorm_tight_0_917,z_test,none,0.011473863055271372,0.025439851400358936,1.0,0.25,0.04979383372693175,0.037900957947019254,0.023343714992116738,0.01626150534671794,0.011473863055271372,100
Real_100,TruncNorm_tight_0_940,e_value_constant_0.25,none,0.14000000000000007,0.3249,1.0,1.0,0.96,0.865,0.35999999999999993,0.21499999999999994,0.14000000000000007,100
Real_100,TruncNorm_tight_0_940,e_value_constant_0.5,none,0.09999999999999996,0.22365,1.0,1.0,0.9499999999999997,0.47,0.21999999999999992,0.14000000000000007,0.09999999999999996,100
Real_100,TruncNorm_tight_0_940,e_value_wsr,none,0.03999999999999993,0.12094999999999995,1.0,1.0,0.3449999999999999,0.18999999999999992,0.09999999999999996,0.07499999999999996,0.03999999999999993,100
Real_100,TruncNorm_tight_0_940,empirical_bernstein,none,0.10350595833911204,0.2599972821919411,1.0,1.0,1.0,0.5523155193067666,0.2669861567263831,0.17294414376369577,0.10350595833911204,100
Real_100,TruncNorm_tight_0_940,hoeffding,none,0.17178475449956426,0.25672885345249435,1.0,1.0,0.5058549082416789,0.3825065644081886,0.26757813677845677,0.2130449468538035,0.17178475449956426,100
Real_100,TruncNorm_tight_0_940,sequential_t_test,none,0.03167458199496115,0.06592574536749031,1.0,1.0,0.15140370822486524,0.09068065354873223,0.05946016234080348,0.04314546849095114,0.03167458199496115,100
Real_100,TruncNorm_tight_0_940,sim2real,Sim_252,0.02624999999999988,0.09548359374999993,1.0,1.0,0.4237499999999999,0.21546874999999993,0.08281249999999991,0.04531249999999991,0.02624999999999988,100
Real_100,TruncNorm_tight_0_940,sim2real,Sim_35,0.12,0.17010000000000006,1.0,1.0,0.395,0.21999999999999992,0.15499999999999997,0.14000000000000007,0.12,100
Real_100,TruncNorm_tight_0_940,sim2real,Sim_504,0.026406249999999857,0.09403007812499993,1.0,1.0,0.4057812499999999,0.20203124999999997,0.07781249999999995,0.04546874999999989,0.026406249999999857,100
Real_100,TruncNorm_tight_0_940,sim2real,Sim_756,0.02546874999999993,0.09499023437499994,1.0,1.0,0.43609375,0.23171875000000003,0.07843749999999994,0.0434375,0.02546874999999993,100
Real_100,TruncNorm_tight_0_940,sim2real,Sim_7_biased,0.6800000000000002,0.6987749999999998,1.0,1.0,0.7600000000000001,0.7299999999999999,0.7000000000000002,0.6850000000000002,0.6800000000000002,100
Real_100,TruncNorm_tight_0_940,t_test,none,0.012842098208256603,0.03232622487929227,1.0,0.75,0.07962252697000849,0.05042438840216578,0.027200849100373566,0.018046694963416987,0.012842098208256603,100
Real_100,TruncNorm_tight_0_940,vincent,gap_0.05,0.171173278569907,0.26009443328134785,0.0,0.0,0.5185009324265739,0.3919240371491668,0.2755463024505635,0.2149971191325638,0.171173278569907,100
Real_100,TruncNorm_tight_0_940,vincent,gap_0.1,0.22640006502532967,0.3133879193593868,0.0,0.0,0.5683681752261407,0.443607454739129,0.32887999650920974,0.2693508619236255,0.22640006502532967,100
Real_100,TruncNorm_tight_0_940,vincent,gap_0.2,0.3339322634056737,0.4174826976406066,0.0,0.0,0.666143200447849,0.5448455284645999,0.43331750125524465,0.37549910067077086,0.3339322634056737,100
Real_100,TruncNorm_tight_0_940,vincent,gap_0.3,0.4383026880712648,0.5182727644414991,0.0,0.0,0.7612594799198217,0.6434055622555781,0.5349064786597979,0.47865603024112885,0.4383026880712648,100
Real_100,TruncNorm_tight_0_940,z_test,none,0.012246442875634145,0.02686552266106573,1.0,0.25,0.05403198928973496,0.04048454071598134,0.02497899096339551,0.017429192358224765,0.012246442875634145,100
Real_20,Bernoulli_005,e_value_constant_0.25,none,0.12279999999999999,0.312811,1.0,1.0,0.96,0.8560000000000001,0.3529999999999999,0.19699999999999995,0.12279999999999999,100
Real_20,Bernoulli_005,e_value_constant_0.5,none,0.09539999999999998,0.21744000000000008,1.0,1.0,0.912,0.4592000000000001,0.21059999999999998,0.1322,0.09539999999999998,100
Real_20,Bernoulli_005,e_value_wsr,none,0.13360000000000002,0.212318,1.0,0.97,0.4779999999999998,0.2894,0.20559999999999998,0.1618,0.13360000000000002,100
Real_20,Bernoulli_005,empirical_bernstein,none,0.13649195513450715,0.2880407624916315,1.0,1.0,0.9738256928621678,0.5966988783956616,0.30864029222351397,0.1950391457606656,0.13649195513450715,100
Real_20,Bernoulli_005,hoeffding,none,0.14733227913199207,0.23137818289247242,1.0,1.0,0.48246940834673757,0.3531807309541526,0.24466455826398423,0.18661015157406197,0.14733227913199207,100
Real_20,Bernoulli_005,sequential_t_test,none,0.12872428412351306,0.17098825758852063,1.0,0.11,0.28688123033447793,0.2209575762279025,0.19389811957037492,0.15323117352861876,0.12872428412351306,100
Real_20,Bernoulli_005,sim2real,Sim_252,0.151715625,0.22342170312499998,1.0,1.0,0.48903125000000003,0.36443437499999987,0.2278125,0.17415,0.151715625,100
Real_20,Bernoulli_005,sim2real,Sim_35,0.15860000000000002,0.21797500000000003,1.0,0.97,0.4307999999999999,0.2942000000000001,0.21519999999999995,0.17679999999999998,0.15860000000000002,100
Real_20,Bernoulli_005,sim2real,Sim_504,0.15128125000000003,0.222662375,1.0,1.0,0.48925,0.3642343749999999,0.22681250000000003,0.17391875,0.15128125000000003,100
Real_20,Bernoulli_005,sim2real,Sim_756,0.15192500000000003,0.22238071874999998,1.0,1.0,0.48955,0.3639093749999999,0.22575,0.17315312500000005,0.15192500000000003,100
Real_20,Bernoulli_005,sim2real,Sim_7_biased,0.20720000000000005,0.24327299999999996,1.0,0.99,0.36739999999999995,0.27879999999999994,0.22980000000000003,0.21700000000000005,0.20720000000000005,100
Real_20,Bernoulli_005,t_test,none,0.06104768144303191,0.09548062884535824,0.96,0.11,0.15265944796047873,0.12353567000531207,0.11008023686517988,0.08291979672530696,0.06104768144303191,100
Real_20,Bernoulli_005,vincent,gap_0.05,0.2891668112723061,0.38312281595364106,0.91,0.82,0.6284694083467376,0.5161807309541525,0.40256778617718325,0.3433112985620212,0.2891668112723061,100
Real_20,Bernoulli_005,vincent,gap_0.1,0.36032518425387133,0.44018685907492633,1.0,0.98,0.6784694083467373,0.5661807309541526,0.4543852038466241,0.4005425576370245,0.36032518425387133,100
Real_20,Bernoulli_005,vincent,gap_0.2,0.461532279131992,0.5389345263482267,1.0,1.0,0.7772906320128681,0.6661807309541525,0.554464558263984,0.500810151574062,0.461532279131992,100
Real_20,Bernoulli_005,vincent,gap_0.3,0.561532279131992,0.6363521265953885,1.0,1.0,0.8682808325939224,0.7661807309541528,0.6544645582639842,0.6008101515740618,0.561532279131992,100
Real_20,Bernoulli_005,z_test,none,0.06067641668724539,0.09319301652280322,0.95,0.1,0.1393341011241983,0.11867005865370425,0.10804401170836254,0.08196494304958651,0.06067641668724539,100
Real_20,Bernoulli_02,e_value_constant_0.25,none,0.20819999999999997,0.429523,1.0,1.0,0.96,0.9461999999999997,0.5102,0.34079999999999994,0.20819999999999997,100
Real_20,Bernoulli_02,e_value_constant_0.5,none,0.17219999999999996,0.3292550000000001,1.0,1.0,0.9463999999999999,0.6240000000000001,0.36880000000000007,0.24720000000000003,0.17219999999999996,100
Real_20,Bernoulli_02,e_value_wsr,none,0.244,0.374357,1.0,0.98,0.7723999999999998,0.5919999999999999,0.39199999999999996,0.3213999999999999,0.244,100
Real_20,Bernoulli_02,empirical_bernstein,none,0.2380989688157629,0.4488816220748542,1.0,1.0,0.9925839463109475,0.8663407580011037,0.5163473641489045,0.37449863429545865,0.2380989688157629,100
Real_20,Bernoulli_02,hoeffding,none,0.19206455826398408,0.317704625692827,1.0,0.97,0.6064694083467377,0.49279115288277714,0.3623381285612558,0.27081359253793946,0.19206455826398408,100
Real_20,Bernoulli_02,sequential_t_test,none,0.27985917077057826,0.4047995742037723,1.0,0.31,0.7135921944327088,0.6099387362082792,0.4529656145375505,0.3727118716713222,0.27985917077057826,100
Real_20,Bernoulli_02,sim2real,Sim_252,0.2189,0.34369715625,1.0,0.99,0.616384375,0.529675,0.3905968750000001,0.29685,0.2189,100
Real_20,Bernoulli_02,sim2real,Sim_35,0.26180000000000003,0.38008300000000006,1.0,0.99,0.6156,0.5262,0.418,0.34559999999999996,0.26180000000000003,100
Real_20,Bernoulli_02,sim2real,Sim_504,0.2214625,0.34608689062500003,1.0,0.99,0.616765625,0.5299499999999999,0.392771875,0.30005000000000004,0.2214625,100
Real_20,Bernoulli_02,sim2real,Sim_756,0.22563125,0.34979926562499997,1.0,0.99,0.6172718749999999,0.5302,0.395384375,0.30503749999999996,0.22563125,100
Real_20,Bernoulli_02,sim2real,Sim_7_biased,0.3318000000000001,0.388383,1.0,0.98,0.5347999999999999,0.4836,0.39880000000000004,0.3499999999999999,0.3318000000000001,100
Real_20,Bernoulli_02,t_test,none,0.11033200822921685,0.19602913120537152,0.93,0.22,0.42025565330391923,0.350000287643801,0.22216237620184054,0.1564549752262921,0.11033200822921685,100
Real_20,Bernoulli_02,vincent,gap_0.05,0.2920645582639842,0.42569748330363966,0.9,0.72,0.7642110432648788,0.6385641063831491,0.4764749137098916,0.371620303148124,0.2920645582639842,100
Real_20,Bernoulli_02,vincent,gap_0.1,0.39206455826398395,0.5150836172718677,1.0,0.98,0.8132277734285962,0.7001960332877338,0.5623478123008536,0.4708297955694208,0.39206455826398395,100
Real_20,Bernoulli_02,vincent,gap_0.2,0.5852945517330665,0.670494855434248,1.0,1.0,0.8954498095088468,0.8085335017159865,0.6975123052556623,0.6374112985620211,0.5852945517330665,100
Real_20,Bernoulli_02,vincent,gap_0.3,0.706232279131992,0.774712528481581,1.0,1.0,0.952314292921358,0.8987973555251559,0.8008645582639841,0.7460101515740618,0.706232279131992,100
Real_20,Bernoulli_02,z_test,none,0.10966101819122694,0.18957323403783327,0.93,0.19,0.3833631611234542,0.3303243886442753,0.21669257032623615,0.1545426352760887,0.10966101819122694,100
Real_20,Bernoulli_08,e_value_constant_0.25,none,0.20819999999999997,0.42952299999999993,1.0,1.0,0.96,0.9461999999999997,0.5102,0.34079999999999994,0.20819999999999997,100
Real_20,Bernoulli_08,e_value_constant_0.5,none,0.17220000000000002,0.3292550000000001,1.0,1.0,0.9463999999999999,0.624,0.3688,0.24719999999999998,0.17220000000000002,100
Real_20,Bernoulli_08,e_value_wsr,none,0.244,0.374357,1.0,0.98,0.7723999999999998,0.592,0.39199999999999996,0.3213999999999999,0.244,100
Real_20,Bernoulli_08,empirical_bernstein,none,0.2380989688157629,0.4488816220748542,1.0,1.0,0.9925839463109475,0.8663407580011037,0.5163473641489045,0.37449863429545865,0.2380989688157629,100
Real_20,Bernoulli_08,hoeffding,none,0.1920645582639841,0.317704625692827,1.0,0.97,0.6064694083467377,0.4927911528827771,0.3623381285612558,0.27081359253793963,0.1920645582639841,100
Real_20,Bernoulli_08,sequential_t_test,none,0.27985917077057826,0.4047995742037723,1.0,0.31,0.7135921944327088,0.6099387362082792,0.4529656145375505,0.37271187167132225,0.27985917077057826,100
Real_20,Bernoulli_08,sim2real,Sim_252,0.208525,0.334577,1.0,0.99,0.616371875,0.530165625,0.3763374999999998,0.28725625,0.208525,100
Real_20,Bernoulli_08,sim2real,Sim_35,0.2268,0.35036900000000004,1.0,0.98,0.6426000000000001,0.5302,0.3937999999999999,0.30199999999999994,0.2268,100
Real_20,Bernoulli_08,sim2real,Sim_504,0.20906875000000003,0.3350614375,1.0,0.99,0.6168406249999999,0.5302906250000001,0.3768312499999999,0.28750625,0.20906875000000003,100
Real_20,Bernoulli_08,sim2real,Sim_756,0.2103375,0.3358055,1.0,0.99,0.617659375,0.5303593750000001,0.3774531249999999,0.28824375,0.2103375,100
Real_20,Bernoulli_08,sim2real,Sim_7_biased,0.6145999999999999,0.6513129999999999,1.0,0.99,0.7852000000000001,0.7306,0.6586,0.623,0.6145999999999999,100
Real_20,Bernoulli_08,t_test,none,0.11033200822921685,0.19602913120537152,0.93,0.22,0.42025565330391923,0.35000028764380103,0.22216237620184054,0.1564549752262921,0.11033200822921685,100
Real_20,Bernoulli_08,vincent,gap_0.05,0.2920645582639842,0.42569748330363955,0.9,0.72,0.7642110432648788,0.6385641063831491,0.4764749137098916,0.371620303148124,0.2920645582639842,100
Real_20,Bernoulli_08,vincent,gap_0.1,0.39206455826398395,0.5150836172718677,1.0,0.98,0.8132277734285962,0.7001960332877338,0.5623478123008536,0.4708297955694208,0.39206455826398395,100
Real_20,Bernoulli_08,vincent,gap_0.2,0.5852945517330665,0.670494855434248,1.0,1.0,0.8954498095088468,0.8085335017159865,0.6975123052556623,0.6374112985620211,0.5852945517330665,100
Real_20,Bernoulli_08,vincent,gap_0.3,0.706232279131992,0.774712528481581,1.0,1.0,0.952314292921358,0.8987973555251559,0.8008645582639841,0.7460101515740618,0.706232279131992,100
Real_20,Bernoulli_08,z_test,none,0.10966101819122696,0.18957323403783327,0.93,0.19,0.3833631611234542,0.3303243886442753,0.21669257032623612,0.1545426352760887,0.10966101819122696,100
Real_20,Beta_05_2,e_value_constant_0.25,none,0.17999999999999997,0.4065750000000001,1.0,1.0,0.96,0.9549999999999998,0.47,0.3350000000000001,0.17999999999999997,100
Real_20,Beta_05_2,e_value_constant_0.5,none,0.115,0.28395,1.0,1.0,0.96,0.595,0.3400000000000001,0.19499999999999995,0.115,100
Real_20,Beta_05_2,e_value_wsr,none,0.11500000000000002,0.2150000000000001,1.0,1.0,0.6,0.3349999999999999,0.20999999999999996,0.15500000000000003,0.11500000000000002,100
Real_20,Beta_05_2,empirical_bernstein,none,0.16885712264399688,0.3827241537250768,1.0,1.0,1.0,0.806699840260472,0.45246432561920097,0.29109298685156815,0.16885712264399688,100
Real_20,Beta_05_2,hoeffding,none,0.19206455826398408,0.32486137131013165,1.0,1.0,0.6580131480250209,0.5155436956098162,0.3737704323838421,0.27162030314812385,0.19206455826398408,100
Real_20,Beta_05_2,sequential_t_test,none,0.15759602765422426,0.25667240946587233,1.0,1.0,0.5038205024242648,0.3860434485190013,0.27967455608733305,0.2109175008901733,0.15759602765422426,100
Real_20,Beta_05_2,sim2real,Sim_252,0.10296874999999998,0.18360585937499999,1.0,1.0,0.43789062499999987,0.29515625,0.19046875000000005,0.1375,0.10296874999999998,100
Real_20,Beta_05_2,sim2real,Sim_35,0.11,0.19230000000000003,1.0,1.0,0.42,0.31,0.19999999999999996,0.14,0.11,100
Real_20,Beta_05_2,sim2real,Sim_504,0.09859375000000002,0.178814453125,1.0,1.0,0.4221875,0.33125,0.17640624999999996,0.13046874999999997,0.09859375000000002,100
Real_20,Beta_05_2,sim2real,Sim_756,0.106875,0.19641953124999997,1.0,1.0,0.4446874999999999,0.33171875,0.21406250000000004,0.15046875000000007,0.106875,100
Real_20,Beta_05_2,sim2real,Sim_7_biased,0.13000000000000003,0.20237499999999997,1.0,1.0,0.425,0.30000000000000004,0.205,0.155,0.13000000000000003,100
Real_20,Beta_05_2,t_test,none,0.05723540411611577,0.11032258618541331,1.0,0.0,0.31670915727344,0.19118569385979545,0.1130844961254292,0.08077398636440465,0.05723540411611577,100
Real_20,Beta_05_2,vincent,gap_0.05,0.25441923114079773,0.3645822663936292,0.22,0.16,0.6707750563814996,0.5401601373961828,0.3951411909109297,0.3152575104451214,0.25441923114079773,100
Real_20,Beta_05_2,vincent,gap_0.1,0.3309945906901824,0.4340320095568861,0.86,0.81,0.7200468707157328,0.5994531672844944,0.46347543828022336,0.38821943627791106,0.3309945906901824,100
Real_20,Beta_05_2,vincent,gap_0.2,0.4710464228068018,0.5609271102527816,1.0,1.0,0.807894827903319,0.7065858189024418,0.5882562386001466,0.5220606098127041,0.4710464228068018,100
Real_20,Beta_05_2,vincent,gap_0.3,0.5946429233804195,0.671757234679917,1.0,1.0,0.8817344883601794,0.7983178441789218,0.6972495608052681,0.6396618780995503,0.5946429233804195,100
Real_20,Beta_05_2,z_test,none,0.05759913769420243,0.10958657121517014,0.75,0.5,0.28987073449309003,0.19197763035651147,0.11393754431968556,0.08298942119053222,0.05759913769420243,100
Real_20,Beta_10_10,e_value_constant_0.25,none,0.16999999999999993,0.4480749999999999,1.0,1.0,0.96,0.96,0.6299999999999999,0.31999999999999995,0.16999999999999993,100
Real_20,Beta_10_10,e_value_constant_0.5,none,0.10000000000000005,0.29307500000000003,1.0,1.0,0.96,0.83,0.3400000000000001,0.17999999999999994,0.10000000000000005,100
Real_20,Beta_10_10,e_value_wsr,none,0.07000000000000002,0.14325,1.0,1.0,0.425,0.20999999999999994,0.12499999999999994,0.09500000000000003,0.07000000000000002,100
Real_20,Beta_10_10,empirical_bernstein,none,0.12851988310161716,0.35634129797468417,1.0,1.0,1.0,0.9990397516244286,0.4327336573063423,0.23215990862129376,0.12851988310161716,100
Real_20,Beta_10_10,hoeffding,none,0.19206455826398408,0.3448189653803654,1.0,1.0,0.8589388166934754,0.6073614619083049,0.38412911652796816,0.27162030314812396,0.19206455826398408,100
Real_20,Beta_10_10,sequential_t_test,none,0.07823673716709768,0.1442836658917068,1.0,1.0,0.29399796569246134,0.23919026430244736,0.14359045450546204,0.10583558286854712,0.07823673716709768,100
Real_20,Beta_10_10,sim2real,Sim_252,0.041562500000000016,0.09808671875000004,1.0,1.0,0.28078125,0.16749999999999982,0.08562500000000003,0.05609375000000008,0.041562500000000016,100
Real_20,Beta_10_10,sim2real,Sim_35,0.06000000000000002,0.11830000000000003,1.0,1.0,0.315,0.19999999999999996,0.10000000000000005,0.08000000000000003,0.06000000000000002,100
Real_20,Beta_10_10,sim2real,Sim_504,0.04671875000000009,0.10445312500000002,1.0,1.0,0.2928125000000001,0.17624999999999996,0.09203125000000005,0.06187500000000002,0.04671875000000009,100
Real_20,Beta_10_10,sim2real,Sim_756,0.04515625000000003,0.10472187500000006,1.0,1.0,0.290625,0.17671874999999995,0.09468750000000002,0.062187500000000034,0.04515625000000003,100
Real_20,Beta_10_10,sim2real,Sim_7_biased,0.25,0.3029,1.0,1.0,0.565,0.3899999999999999,0.29,0.255,0.25,100
Real_20,Beta_10_10,t_test,none,0.03201843220868501,0.071598911640936,1.0,0.75,0.17438954693994715,0.10959971111137902,0.06428824670741988,0.04658558110050023,0.03201843220868501,100
Real_20,Beta_10_10,vincent,gap_0.05,0.1939359764946684,0.2877523882530915,0.19,0.19,0.5566910566546952,0.42920026044087867,0.3068767680448426,0.24144924057876263,0.1939359764946684,100
Real_20,Beta_10_10,vincent,gap_0.1,0.25414917212814436,0.34472312086097423,1.0,1.0,0.6064594700607013,0.48237235671085105,0.36351849884807946,0.3000197507911993,0.25414917212814436,100
Real_20,Beta_10_10,vincent,gap_0.2,0.36900988661870665,0.4538349787601705,1.0,1.0,0.7023466168731756,0.5847943174077037,0.4723210671579497,0.4122449538353606,0.36900988661870665,100
Real_20,Beta_10_10,vincent,gap_0.3,0.47764013750898576,0.5568535963426675,1.0,1.0,0.792738294686295,0.6819866222737255,0.5755254978431761,0.518612159671452,0.47764013750898576,100
Real_20,Beta_10_10,z_test,none,0.031187160020359973,0.060552147377653444,1.0,0.0,0.1376676140329705,0.09885021909807928,0.061077581560433164,0.04223908156566794,0.031187160020359973,100
Real_20,Beta_1_5,e_value_constant_0.25,none,0.17499999999999996,0.3927000000000001,1.0,1.0,0.96,0.9499999999999997,0.45,0.30499999999999994,0.17499999999999996,100
Real_20,Beta_1_5,e_value_constant_0.5,none,0.115,0.27235,1.0,1.0,0.96,0.575,0.32499999999999996,0.17999999999999997,0.115,100
Real_20,Beta_1_5,e_value_wsr,none,0.085,0.17620000000000008,1.0,1.0,0.465,0.275,0.165,0.12000000000000002,0.085,100
Real_20,Beta_1_5,empirical_bernstein,none,0.14350088473617065,0.3448121891624055,1.0,1.0,1.0,0.7247706238314058,0.4114480817501157,0.2545713606040715,0.14350088473617065,100
Real_20,Beta_1_5,hoeffding,none,0.19206455826398408,0.31404257059243457,1.0,1.0,0.5919132728143346,0.4605341734688633,0.35696428406704156,0.27162030314812385,0.19206455826398408,100
Real_20,Beta_1_5,sequential_t_test,none,0.09996025939719361,0.17549005341542095,1.0,1.0,0.3448043868148642,0.28886681046688417,0.17662911740653084,0.13683585387941266,0.09996025939719361,100
Real_20,Beta_1_5,sim2real,Sim_252,0.057343749999999985,0.12527148437499996,1.0,1.0,0.3912500000000001,0.23859374999999997,0.11828125,0.0771875,0.057343749999999985,100
Real_20,Beta_1_5,sim2real,Sim_35,0.07500000000000001,0.15285,1.0,1.0,0.4049999999999999,0.26499999999999996,0.14500000000000005,0.105,0.07500000000000001,100
Real_20,Beta_1_5,sim2real,Sim_504,0.05703124999999999,0.12749999999999997,1.0,1.0,0.3990625,0.24890625000000008,0.11781249999999996,0.07921875,0.05703124999999999,100
Real_20,Beta_1_5,sim2real,Sim_756,0.053593749999999975,0.12620351562500004,1.0,1.0,0.40632812499999993,0.259375,0.11875000000000002,0.07421875,0.053593749999999975,100
Real_20,Beta_1_5,sim2real,Sim_7_biased,0.07500000000000001,0.14405,1.0,1.0,0.385,0.25,0.14500000000000005,0.09999999999999998,0.07500000000000001,100
Real_20,Beta_1_5,t_test,none,0.040779243062151735,0.08846066844384502,1.0,0.5,0.22593434191307832,0.15123279484281388,0.08714073039847893,0.055416104544418816,0.040779243062151735,100
Real_20,Beta_1_5,vincent,gap_0.05,0.2214430166766873,0.32185114060001146,0.0,0.0,0.6069108925825518,0.475746700768023,0.3453743926211241,0.27403839812796044,0.2214430166766873,100
Real_20,Beta_1_5,vincent,gap_0.1,0.288235247651576,0.38380734497812624,0.07,0.04,0.6565275895182525,0.5312009271977408,0.4064560824863798,0.3383364419380517,0.288235247651576,100
Real_20,Beta_1_5,vincent,gap_0.2,0.4129538614910645,0.4997960779234586,1.0,1.0,0.749739836920142,0.6352375994557816,0.5212462982881505,0.4589146819153241,0.4129538614910645,100
Real_20,Beta_1_5,vincent,gap_0.3,0.5274222359255727,0.6058055730774833,1.0,1.0,0.8337518341348286,0.7305416321657122,0.6265233114598902,0.5695699763533845,0.5274222359255727,100
Real_20,Beta_1_5,z_test,none,0.038597525800209434,0.07692220917145036,1.0,0.5,0.18631552669214838,0.1196074284053315,0.07915979715153144,0.05169106311572492,0.038597525800209434,100
Real_20,Beta_2_05,e_value_constant_0.25,none,0.18000000000000008,0.4084,1.0,1.0,0.96,0.96,0.4799999999999999,0.33,0.18000000000000008,100
Real_20,Beta_2_05,e_value_constant_0.5,none,0.12,0.28245000000000003,1.0,1.0,0.9549999999999998,0.585,0.3449999999999999,0.18500000000000003,0.12,100
Real_20,Beta_2_05,e_value_wsr,none,0.12000000000000002,0.218925,1.0,1.0,0.5599999999999998,0.35,0.22000000000000003,0.16500000000000006,0.12000000000000002,100
Real_20,Beta_2_05,empirical_bernstein,none,0.16782401126836574,0.3884563172378053,1.0,1.0,1.0,0.8376112654324398,0.46709488849514585,0.29330205528448544,0.16782401126836574,100
Real_20,Beta_2_05,hoeffding,none,0.1920645582639841,0.3227870970204966,1.0,1.0,0.6214021003986935,0.49279615599931775,0.37642600857856334,0.27162030314812396,0.1920645582639841,100
Real_20,Beta_2_05,sequential_t_test,none,0.1586177974697609,0.26349022044330556,1.0,0.75,0.5551382824485468,0.39949435805181016,0.2930897183539345,0.21122009395430008,0.1586177974697609,100
Real_20,Beta_2_05,sim2real,Sim_252,0.09125,0.17172421874999994,1.0,1.0,0.4711718749999998,0.29593749999999996,0.17624999999999996,0.11921875000000007,0.09125,100
Real_20,Beta_2_05,sim2real,Sim_35,0.09499999999999996,0.18182500000000001,1.0,1.0,0.44,0.295,0.175,0.14,0.09499999999999996,100
Real_20,Beta_2_05,sim2real,Sim_504,0.09718750000000005,0.17791679687499998,1.0,1.0,0.45421875,0.3279687499999999,0.17859375000000002,0.1278125,0.09718750000000005,100
Real_20,Beta_2_05,sim2real,Sim_756,0.0975,0.188378125,1.0,1.0,0.470546875,0.33765625000000016,0.203125,0.1409374999999999,0.0975,100
Real_20,Beta_2_05,sim2real,Sim_7_biased,0.565,0.6087249999999998,1.0,1.0,0.7750000000000001,0.7149999999999999,0.585,0.585,0.565,100
Real_20,Beta_2_05,t_test,none,0.05522626837458766,0.10319127208560872,1.0,0.0,0.23737835995090775,0.15739088397270334,0.1146430450672436,0.07897652808289096,0.05522626837458766,100
Real_20,Beta_2_05,vincent,gap_0.05,0.25386970709005097,0.3626687222318756,0.21,0.16,0.6589565182984516,0.5319164278774849,0.39410448287908584,0.31439194088653244,0.25386970709005097,100
Real_20,Beta_2_05,vincent,gap_0.1,0.3303531899891647,0.4321060249898791,0.92,0.86,0.7084344134251542,0.5907280231069187,0.4624280183293502,0.3874766167470681,0.3303531899891647,100
Real_20,Beta_2_05,vincent,gap_0.2,0.4703630029847305,0.5590892259586829,1.0,1.0,0.798236661617012,0.6980019004522288,0.5875220692226504,0.5213826496539652,0.4703630029847305,100
Real_20,Beta_2_05,vincent,gap_0.3,0.5942744298069996,0.6703471573500995,1.0,1.0,0.873516277068533,0.7896488306557626,0.6968656536341891,0.63952027225407,0.5942744298069996,100
Real_20,Beta_2_05,z_test,none,0.05903964168579172,0.11347984782689614,0.75,0.25,0.2880389026772189,0.1899803451364175,0.12129857595592114,0.08697591419201794,0.05903964168579172,100
Real_20,Beta_2_2,e_value_constant_0.25,none,0.17999999999999994,0.4559,1.0,1.0,0.96,0.96,0.6399999999999999,0.3350000000000001,0.17999999999999994,100
Real_20,Beta_2_2,e_value_constant_0.5,none,0.12000000000000005,0.3074499999999999,1.0,1.0,0.96,0.835,0.3400000000000001,0.18999999999999997,0.12000000000000005,100
Real_20,Beta_2_2,e_value_wsr,none,0.12500000000000003,0.22740000000000005,1.0,1.0,0.6650000000000001,0.38499999999999995,0.21999999999999997,0.17,0.12500000000000003,100
Real_20,Beta_2_2,empirical_bernstein,none,0.17374270015245538,0.4187373918643319,1.0,1.0,1.0,1.0,0.5282064334383954,0.29914413019421277,0.17374270015245538,100
Real_20,Beta_2_2,hoeffding,none,0.1920645582639841,0.3438850127391247,1.0,1.0,0.8363076462082971,0.6073614619083052,0.38412911652796816,0.27162030314812396,0.1920645582639841,100
Real_20,Beta_2_2,sequential_t_test,none,0.1576317963143894,0.288428360323439,1.0,1.0,0.7147954159719034,0.48066973306394595,0.3089485141660768,0.22437978536528416,0.1576317963143894,100
Real_20,Beta_2_2,sim2real,Sim_252,0.09078125000000002,0.170919140625,1.0,1.0,0.38734375000000015,0.281875,0.17937499999999992,0.12578125,0.09078125000000002,100
Real_20,Beta_2_2,sim2real,Sim_35,0.10500000000000005,0.17822500000000002,1.0,1.0,0.365,0.26,0.17499999999999996,0.13999999999999996,0.10500000000000005,100
Real_20,Beta_2_2,sim2real,Sim_504,0.09703125000000004,0.17846875,1.0,1.0,0.37781250000000005,0.28515625000000006,0.18968750000000006,0.13375,0.09703125000000004,100
Real_20,Beta_2_2,sim2real,Sim_756,0.09750000000000007,0.176462109375,1.0,1.0,0.40171875,0.28671875,0.17593750000000002,0.12953125,0.09750000000000007,100
Real_20,Beta_2_2,sim2real,Sim_7_biased,0.29999999999999993,0.352575,1.0,1.0,0.605,0.425,0.35,0.3149999999999999,0.29999999999999993,100
Real_20,Beta_2_2,t_test,none,0.0632234022340917,0.12627903354373166,1.0,0.75,0.26847582405465753,0.18353976679075398,0.12625025050411767,0.0906983284024713,0.0632234022340917,100
Real_20,Beta_2_2,vincent,gap_0.05,0.2421173438976999,0.3483224260065772,0.84,0.83,0.6408867465754963,0.5134696505627905,0.3767254720213172,0.29978752880971393,0.2421173438976999,100
Real_20,Beta_2_2,vincent,gap_0.1,0.3147489911862397,0.4146954970726549,1.0,1.0,0.6903842783915599,0.5707825567283726,0.4419661822686627,0.36928292093946424,0.3147489911862397,100
Real_20,Beta_2_2,vincent,gap_0.2,0.4485879334443086,0.5370140847742986,1.0,1.0,0.7814080405419616,0.6762389800864126,0.5625064127674873,0.4974504494297581,0.4485879334443086,100
Real_20,Beta_2_2,vincent,gap_0.3,0.5685427425635907,0.6460330067761472,1.0,1.0,0.8604539953963567,0.7699040676528797,0.6699583586777349,0.6122807302441354,0.5685427425635907,100
Real_20,Beta_2_2,z_test,none,0.06192539753143436,0.11651370087772724,0.75,0.25,0.26540533047191806,0.17745293113296357,0.11982540869203678,0.08589371110661066,0.06192539753143436,100
Real_20,Beta_5_1,e_value_constant_0.25,none,0.18,0.39160000000000006,1.0,1.0,0.96,0.9349999999999998,0.44499999999999995,0.30499999999999994,0.18,100
Real_20,Beta_5_1,e_value_constant_0.5,none,0.10999999999999999,0.272325,1.0,1.0,0.96,0.58,0.32499999999999984,0.18,0.10999999999999999,100
Real_20,Beta_5_1,e_value_wsr,none,0.08999999999999997,0.18434999999999999,1.0,1.0,0.58,0.3,0.18000000000000005,0.12500000000000003,0.08999999999999997,100
Real_20,Beta_5_1,empirical_bernstein,none,0.14216201938454442,0.3381522414974932,1.0,1.0,1.0,0.6900177333665276,0.4013580341686139,0.2502499645111417,0.14216201938454442,100
Real_20,Beta_5_1,hoeffding,none,0.1920645582639841,0.31502344101608276,1.0,1.0,0.5894651024789858,0.46165615902880175,0.35553642239947075,0.27162030314812396,0.1920645582639841,100
Real_20,Beta_5_1,sequential_t_test,none,0.10076742639358,0.17384702466529844,1.0,1.0,0.3471018217472935,0.2689515806118436,0.1763470509540489,0.13424440817401095,0.10076742639358,100
Real_20,Beta_5_1,sim2real,Sim_252,0.05859374999999994,0.13356328124999997,1.0,1.0,0.4167187499999999,0.2559375,0.12890625000000003,0.08531249999999989,0.05859374999999994,100
Real_20,Beta_5_1,sim2real,Sim_35,0.07499999999999996,0.15200000000000005,1.0,1.0,0.425,0.27,0.14000000000000007,0.10499999999999997,0.07499999999999996,100
Real_20,Beta_5_1,sim2real,Sim_504,0.05890624999999994,0.133674609375,1.0,1.0,0.4259375,0.25812499999999994,0.13218750000000007,0.08078125000000004,0.05890624999999994,100
Real_20,Beta_5_1,sim2real,Sim_756,0.058125000000000045,0.1365625,1.0,1.0,0.42609374999999994,0.2796875,0.1350000000000001,0.08234374999999995,0.058125000000000045,100
Real_20,Beta_5_1,sim2real,Sim_7_biased,0.595,0.6239999999999999,1.0,1.0,0.7650000000000001,0.705,0.605,0.6,0.595,100
Real_20,Beta_5_1,t_test,none,0.04233051640912938,0.08889354051814186,0.75,0.5,0.2223143410178756,0.14141971192132952,0.08582514829783267,0.05766681852886479,0.04233051640912938,100
Real_20,Beta_5_1,vincent,gap_0.05,0.22178454177331827,0.32257668916346516,0.0,0.0,0.6032408969825742,0.477386604923204,0.3471726249800893,0.27486519375716095,0.22178454177331827,100
Real_20,Beta_5_1,vincent,gap_0.1,0.288742400856852,0.38463481244764636,0.04,0.04,0.6528429056496349,0.5327605255011143,0.40853479168821205,0.33923397902676905,0.288742400856852,100
Real_20,Beta_5_1,vincent,gap_0.2,0.41369683108497635,0.5007253278587972,1.0,1.0,0.7460237275898228,0.6367956011044202,0.5237087662557387,0.45971007706947004,0.41369683108497635,100
Real_20,Beta_5_1,vincent,gap_0.3,0.5282231849563827,0.6068024993849176,1.0,1.0,0.8304872052521945,0.7321093469863154,0.62921062628365,0.5703048166596115,0.5282231849563827,100
Real_20,Beta_5_1,z_test,none,0.037239262530389394,0.07404936960779303,1.0,0.0,0.15975556345182476,0.1267910327172277,0.08095809116610464,0.053174519750982474,0.037239262530389394,100
Real_20,Bimodal_03,e_value_constant_0.25,none,0.19879999999999995,0.464713,1.0,1.0,0.96,0.96,0.6569999999999999,0.3502000000000001,0.19879999999999995,100
Real_20,Bimodal_03,e_value_constant_0.5,none,0.1532,0.333499,1.0,0.98,0.96,0.7807999999999998,0.3824,0.2263999999999999,0.1532,100
Real_20,Bimodal_03,e_value_wsr,none,0.19359999999999997,0.33751200000000003,1.0,0.98,0.8329999999999997,0.5982,0.37059999999999993,0.26539999999999997,0.19359999999999997,100
Real_20,Bimodal_03,empirical_bernstein,none,0.2178734758923304,0.4664798109150641,1.0,1.0,1.0,0.9792447209371314,0.6091872551680414,0.35924522675516274,0.2178734758923304,100
Real_20,Bimodal_03,hoeffding,none,0.1920645582639841,0.3404812277305359,1.0,1.0,0.7725076654520858,0.6021612080949343,0.38412911652796816,0.27162030314812396,0.1920645582639841,100
Real_20,Bimodal_03,sequential_t_test,none,0.24344891362433757,0.4015514711059079,1.0,0.89,0.8609367147952297,0.685662109510648,0.45190507069478625,0.33497291010556635,0.24344891362433757,100
Real_20,Bimodal_03,sim2real,Sim_252,0.16249374999999994,0.27474553125,1.0,1.0,0.5656062499999999,0.4397,0.30324375000000003,0.2263062499999999,0.16249374999999994,100
Real_20,Bimodal_03,sim2real,Sim_35,0.18579999999999994,0.305866,1.0,0.98,0.6524,0.4844,0.33659999999999995,0.25079999999999997,0.18579999999999994,100
Real_20,Bimodal_03,sim2real,Sim_504,0.16354375,0.273211921875,1.0,0.97,0.5716156250000001,0.43724375000000004,0.30041249999999997,0.2225,0.16354375,100
Real_20,Bimodal_03,sim2real,Sim_756,0.17069374999999998,0.28137115625,1.0,0.96,0.5815843749999999,0.4503374999999999,0.31261875,0.22889999999999996,0.17069374999999998,100
Real_20,Bimodal_03,sim2real,Sim_7_biased,0.4447999999999999,0.500707,1.0,1.0,0.7452000000000001,0.6028,0.49739999999999995,0.45919999999999994,0.4447999999999999,100
Real_20,Bimodal_03,t_test,none,0.09573266351140265,0.1864502384769025,0.89,0.4,0.48369271771064015,0.32088165008852987,0.19623467099730227,0.13659829604630896,0.09573266351140265,100
Real_20,Bimodal_03,vincent,gap_0.05,0.2879758134482779,0.41773059975795945,0.81,0.68,0.7726070656572855,0.6338357987123231,0.4624649096870369,0.3622747350379089,0.2879758134482779,100
Real_20,Bimodal_03,vincent,gap_0.1,0.3823370319974686,0.5027324138160524,1.0,0.99,0.8214207188917361,0.7019808357067119,0.5470244018003794,0.4531680048455826,0.3823370319974686,100
Real_20,Bimodal_03,vincent,gap_0.2,0.5588693608379164,0.6570620882888296,1.0,1.0,0.9002472490749929,0.8159431251713997,0.697350520198369,0.619813425013666,0.5588693608379164,100
Real_20,Bimodal_03,vincent,gap_0.3,0.7115789797833314,0.7843702658257746,1.0,1.0,0.9526385132246149,0.8997868137915513,0.8171279994665226,0.7591287238778409,0.7115789797833314,100
Real_20,Bimodal_03,z_test,none,0.09616285862589265,0.17831452094006356,0.96,0.38,0.4297042275053328,0.3025895833859902,0.19170011413710777,0.1360793902969169,0.09616285862589265,100
Real_20,Bimodal_09,e_value_constant_0.25,none,0.18959999999999996,0.433673,1.0,1.0,0.96,0.9591999999999998,0.5475999999999999,0.3384,0.18959999999999996,100
Real_20,Bimodal_09,e_value_constant_0.5,none,0.1346,0.3086770000000001,1.0,1.0,0.96,0.6629999999999999,0.36339999999999995,0.21,0.1346,100
Real_20,Bimodal_09,e_value_wsr,none,0.15940000000000001,0.27466,1.0,0.99,0.7021999999999999,0.45359999999999995,0.2876,0.2128,0.15940000000000001,100
Real_20,Bimodal_09,empirical_bernstein,none,0.1944641297036138,0.4244410195373554,1.0,1.0,1.0,0.8858498645395213,0.5398713354531107,0.3257345342159846,0.1944641297036138,100
Real_20,Bimodal_09,hoeffding,none,0.19206455826398408,0.3306673972286444,1.0,1.0,0.672278046778643,0.5515048969449284,0.3838572040941781,0.27162030314812385,0.19206455826398408,100
Real_20,Bimodal_09,sequential_t_test,none,0.1997923880703128,0.3285503283035819,1.0,0.85,0.7179610706402504,0.5353339569273886,0.3662639117181927,0.2688430248493431,0.1997923880703128,100
Real_20,Bimodal_09,sim2real,Sim_252,0.14340000000000003,0.24353921875,1.0,1.0,0.49130312499999995,0.371225,0.26270625,0.20211875,0.14340000000000003,100
Real_20,Bimodal_09,sim2real,Sim_35,0.1566,0.252821,1.0,0.99,0.5122000000000001,0.384,0.267,0.2076,0.1566,100
Real_20,Bimodal_09,sim2real,Sim_504,0.14306249999999998,0.23646771875000003,1.0,0.95,0.47356562500000005,0.36518124999999996,0.25209375,0.19299374999999996,0.14306249999999998,100
Real_20,Bimodal_09,sim2real,Sim_756,0.14716874999999996,0.24529385937499998,1.0,0.95,0.50518125,0.37324999999999997,0.26518125000000003,0.20619375,0.14716874999999996,100
Real_20,Bimodal_09,sim2real,Sim_7_biased,0.13620000000000002,0.23270300000000002,1.0,0.99,0.4902,0.35120000000000007,0.25440000000000007,0.1838,0.13620000000000002,100
Real_20,Bimodal_09,t_test,none,0.07628667156200358,0.15092008979539412,0.97,0.52,0.40204590032535564,0.25909316411018063,0.15385215291101992,0.1093465839673425,0.07628667156200358,100
Real_20,Bimodal_09,vincent,gap_0.05,0.2848373253645342,0.4079400725489992,0.85,0.76,0.7338698393519184,0.6042420851476465,0.44867601807600077,0.35589685972744106,0.2848373253645342,100
Real_20,Bimodal_09,vincent,gap_0.1,0.3754538049672796,0.4881334163081925,1.0,0.98,0.7829077256702098,0.6677087132190265,0.5264417555575603,0.44159631391844784,0.3754538049672796,100
Real_20,Bimodal_09,vincent,gap_0.2,0.5386224611799656,0.6305719947699832,1.0,1.0,0.8655674054397248,0.7776930899017594,0.6642606052295177,0.5936202284713693,0.5386224611799656,100
Real_20,Bimodal_09,vincent,gap_0.3,0.6761336438256902,0.7485961695200807,1.0,1.0,0.9266329227816744,0.8660974685542705,0.7778697540464585,0.7203512249185523,0.6761336438256902,100
Real_20,Bimodal_09,z_test,none,0.07636517578817734,0.14234027653968295,0.92,0.35,0.34368431478049144,0.2479600985140203,0.1547703691645673,0.10824121903307823,0.07636517578817734,100
Real_20,GaussianMix_02_05,e_value_constant_0.25,none,0.17619999999999997,0.440851,1.0,1.0,0.96,0.96,0.6225999999999998,0.3277999999999999,0.17619999999999997,100
Real_20,GaussianMix_02_05,e_value_constant_0.5,none,0.11059999999999999,0.293793,1.0,1.0,0.96,0.7116000000000001,0.3402000000000001,0.18579999999999994,0.11059999999999999,100
Real_20,GaussianMix_02_05,e_value_wsr,none,0.10379999999999999,0.200244,0.98,0.97,0.5894,0.3318,0.19399999999999998,0.14020000000000002,0.10379999999999999,100
Real_20,GaussianMix_02_05,empirical_bernstein,none,0.15255397562061768,0.38008472271835847,1.0,1.0,1.0,0.8807539286014601,0.47991277300876717,0.26562533533789545,0.15255397562061768,100
Real_20,GaussianMix_02_05,hoeffding,none,0.19206455826398408,0.33866003486144236,1.0,1.0,0.7447297939783232,0.597558157736518,0.38412911652796816,0.2716203031481239,0.19206455826398408,100
Real_20,GaussianMix_02_05,sequential_t_test,none,0.1232526332991427,0.22616378554190042,1.0,0.85,0.6073700946026312,0.38285353088564955,0.2319254183319968,0.1686840736849323,0.1232526332991427,100
Real_20,GaussianMix_02_05,sim2real,Sim_252,0.07204374999999998,0.14769479687499998,1.0,0.99,0.36081250000000004,0.2502625,0.14974374999999998,0.10176249999999998,0.07204374999999998,100
Real_20,GaussianMix_02_05,sim2real,Sim_35,0.10759999999999997,0.170071,1.0,0.98,0.3808,0.2608,0.16219999999999998,0.121,0.10759999999999997,100
Real_20,GaussianMix_02_05,sim2real,Sim_504,0.07529999999999998,0.151813671875,1.0,1.0,0.37445,0.26146250000000004,0.15281875,0.10604374999999999,0.07529999999999998,100
Real_20,GaussianMix_02_05,sim2real,Sim_756,0.07008749999999997,0.14012046874999995,0.98,0.98,0.3508125,0.23521874999999998,0.13690625000000003,0.09595624999999998,0.07008749999999997,100
Real_20,GaussianMix_02_05,sim2real,Sim_7_biased,0.11699999999999999,0.19482300000000002,1.0,0.99,0.42719999999999997,0.29600000000000004,0.19659999999999997,0.14940000000000006,0.11699999999999999,100
Real_20,GaussianMix_02_05,t_test,none,0.04960712241816992,0.10286575835678281,0.98,0.57,0.24594238964017234,0.16715195478000464,0.10180903135322286,0.07091668709374371,0.04960712241816992,100
Real_20,GaussianMix_02_05,vincent,gap_0.05,0.22330023752847697,0.3258927017901068,0.21,0.17,0.6138347889134085,0.48545529954054545,0.3516823288299259,0.2778828424837246,0.22330023752847697,100
Real_20,GaussianMix_02_05,vincent,gap_0.1,0.292022048840402,0.3895629519202773,1.0,1.0,0.6633196833611911,0.5420164876946242,0.4147925273989962,0.34426873461890034,0.292022048840402,100
Real_20,GaussianMix_02_05,vincent,gap_0.2,0.42119726983563227,0.5088330342610902,1.0,1.0,0.7545837969599032,0.6467245833253774,0.5327061928030613,0.4688214288513244,0.42119726983563227,100
Real_20,GaussianMix_02_05,vincent,gap_0.3,0.539140390584666,0.6167077072845598,1.0,1.0,0.8357555212048656,0.7412380231665411,0.6392921934125512,0.5818857144344352,0.539140390584666,100
Real_20,GaussianMix_02_05,z_test,none,0.04892314483740183,0.09190266670469702,0.98,0.24,0.21051556872614902,0.1548506083651151,0.09768069790673847,0.06853299615313806,0.04892314483740183,100
Real_20,GaussianMix_03_07,e_value_constant_0.25,none,0.18179999999999993,0.455439,1.0,1.0,0.96,0.96,0.6437999999999998,0.3324000000000001,0.18179999999999993,100
Real_20,GaussianMix_03_07,e_value_constant_0.5,none,0.1216,0.31027399999999994,1.0,1.0,0.96,0.847,0.35039999999999993,0.19639999999999994,0.1216,100
Real_20,GaussianMix_03_07,e_value_wsr,none,0.13520000000000001,0.248718,1.0,1.0,0.7382000000000001,0.4328,0.25439999999999996,0.18159999999999996,0.13520000000000001,100
Real_20,GaussianMix_03_07,empirical_bernstein,none,0.17494208839342357,0.41769890364964213,1.0,1.0,1.0,0.997437366155738,0.5264541593999574,0.297417180558649,0.17494208839342357,100
Real_20,GaussianMix_03_07,hoeffding,none,0.1920645582639841,0.3442089458565518,1.0,1.0,0.8467759018844538,0.6073614619083051,0.38412911652796816,0.2716203031481239,0.1920645582639841,100
Real_20,GaussianMix_03_07,sequential_t_test,none,0.16379971219506426,0.2945063845383297,1.0,0.9,0.8565505823350873,0.5211466663873767,0.3073643289648718,0.22170818091751357,0.16379971219506426,100
Real_20,GaussianMix_03_07,sim2real,Sim_252,0.09415000000000004,0.17693348437500003,1.0,1.0,0.4086062499999999,0.2840375,0.18250624999999998,0.13115,0.09415000000000004,100
Real_20,GaussianMix_03_07,sim2real,Sim_35,0.10619999999999999,0.19124300000000008,1.0,1.0,0.4318,0.301,0.19799999999999998,0.14360000000000003,0.10619999999999999,100
Real_20,GaussianMix_03_07,sim2real,Sim_504,0.09744375000000004,0.18035101562500003,1.0,0.98,0.40766874999999997,0.28764375000000003,0.18764375,0.13515625,0.09744375000000004,100
Real_20,GaussianMix_03_07,sim2real,Sim_756,0.09552500000000004,0.17741334375000004,1.0,0.99,0.4061625,0.29103124999999996,0.18435625000000005,0.13050625,0.09552500000000004,100
Real_20,GaussianMix_03_07,sim2real,Sim_7_biased,0.297,0.348216,1.0,1.0,0.5844,0.424,0.33480000000000004,0.30399999999999994,0.297,100
Real_20,GaussianMix_03_07,t_test,none,0.0655644699677714,0.13222657111657365,0.98,0.55,0.31256146318454736,0.21798579272266522,0.13400306488824626,0.09356023181618159,0.0655644699677714,100
Real_20,GaussianMix_03_07,vincent,gap_0.05,0.2401394167853666,0.3492369444374169,0.96,0.95,0.6580297528089194,0.5232013703587459,0.37959069446421495,0.2987716542489792,0.2401394167853666,100
Real_20,GaussianMix_03_07,vincent,gap_0.1,0.314275342275999,0.4175676981305325,1.0,1.0,0.7072342579499156,0.58342339852835,0.4477135458506614,0.3702163876476748,0.314275342275999,100
Real_20,GaussianMix_03_07,vincent,gap_0.2,0.4535432011401502,0.5449157415570018,1.0,1.0,0.7941977332785843,0.691354398823693,0.5740802228447006,0.5044841410793015,0.4535432011401502,100
Real_20,GaussianMix_03_07,vincent,gap_0.3,0.5804798586786498,0.6581914514279306,1.0,1.0,0.86759305486984,0.7821699404965865,0.6845867129643196,0.6251083362664057,0.5804798586786498,100
Real_20,GaussianMix_03_07,z_test,none,0.06499412578033337,0.12130137348406578,0.97,0.35,0.28670097902498,0.20839988396488618,0.13173289459476756,0.09102847941451656,0.06499412578033337,100
Real_20,TruncNorm_02_01,e_value_constant_0.25,none,0.17499999999999996,0.41340000000000005,1.0,1.0,0.96,0.96,0.51,0.32499999999999996,0.17499999999999996,100
Real_20,TruncNorm_02_01,e_value_constant_0.5,none,0.09999999999999998,0.271625,1.0,1.0,0.96,0.6,0.32499999999999996,0.17999999999999997,0.09999999999999998,100
Real_20,TruncNorm_02_01,e_value_wsr,none,0.06,0.14192500000000002,1.0,1.0,0.395,0.24,0.12,0.08499999999999998,0.06,100
Real_20,TruncNorm_02_01,empirical_bernstein,none,0.122670212347668,0.3281045915761439,1.0,1.0,1.0,0.7174966378996476,0.4184684156964775,0.2259406393546878,0.122670212347668,100
Real_20,TruncNorm_02_01,hoeffding,none,0.19206455826398408,0.3241366492663205,1.0,1.0,0.6304142576060876,0.4989957388873205,0.38006478060856513,0.27162030314812385,0.19206455826398408,100
Real_20,TruncNorm_02_01,sequential_t_test,none,0.06689951642891166,0.1236939613821871,1.0,1.0,0.29678793386998026,0.1810262824169454,0.12224889552997659,0.0895512261789139,0.06689951642891166,100
Real_20,TruncNorm_02_01,sim2real,Sim_252,0.041562500000000016,0.11033749999999999,1.0,1.0,0.34765625000000006,0.21218749999999997,0.10500000000000002,0.06531250000000002,0.041562500000000016,100
Real_20,TruncNorm_02_01,sim2real,Sim_35,0.06,0.12532500000000002,1.0,1.0,0.365,0.20499999999999996,0.12,0.08500000000000003,0.06,100
Real_20,TruncNorm_02_01,sim2real,Sim_504,0.0425,0.11272187500000001,1.0,1.0,0.35375,0.21531249999999996,0.1075,0.06406250000000001,0.0425,100
Real_20,TruncNorm_02_01,sim2real,Sim_756,0.039999999999999994,0.1035328125,1.0,0.75,0.3432812499999999,0.18625,0.09437500000000006,0.05843749999999998,0.039999999999999994,100
Real_20,TruncNorm_02_01,sim2real,Sim_7_biased,0.08500000000000002,0.14065000000000003,1.0,1.0,0.3449999999999999,0.21999999999999997,0.13000000000000006,0.1,0.08500000000000002,100
Real_20,TruncNorm_02_01,t_test,none,0.026832107081078114,0.059685035945932094,1.0,0.75,0.15407823230663062,0.09624811398075414,0.055183092256377526,0.03732580405741655,0.026832107081078114,100
Real_20,TruncNorm_02_01,vincent,gap_0.05,0.19170345899495206,0.2844284378892726,0.0,0.0,0.5503968845185695,0.4231709349023213,0.30288899570033245,0.23883476085500077,0.19170345899495206,100
Real_20,TruncNorm_02_01,vincent,gap_0.1,0.2512043312960888,0.34082414866698435,0.0,0.0,0.6001555706514893,0.47623103324920263,0.35894894121145104,0.2967489430557964,0.2512043312960888,100
Real_20,TruncNorm_02_01,vincent,gap_0.2,0.36489604301735257,0.4490855171795984,0.99,0.99,0.6961111222213503,0.5784815704994282,0.46701536982932396,0.4079252287697179,0.36489604301735257,100
Real_20,TruncNorm_02_01,vincent,gap_0.3,0.47284060909845715,0.5516837722794594,1.0,1.0,0.7872335069551254,0.6758640339130139,0.5699037944353068,0.5136639998642041,0.47284060909845715,100
Real_20,TruncNorm_02_01,z_test,none,0.026267840635108744,0.05161933579294569,1.0,0.25,0.10829292834907371,0.0874737866829997,0.05361096451394745,0.037261873891728234,0.026267840635108744,100
Real_20,TruncNorm_05_005,e_value_constant_0.25,none,0.16499999999999995,0.446275,1.0,1.0,0.96,0.96,0.6349999999999998,0.31999999999999995,0.16499999999999995,100
Real_20,TruncNorm_05_005,e_value_constant_0.5,none,0.09000000000000004,0.288375,1.0,1.0,0.96,0.83,0.31999999999999995,0.15999999999999995,0.09000000000000004,100
Real_20,TruncNorm_05_005,e_value_wsr,none,0.040000000000000036,0.11305000000000001,1.0,1.0,0.32,0.17999999999999994,0.08000000000000003,0.06000000000000001,0.040000000000000036,100
Real_20,TruncNorm_05_005,empirical_bernstein,none,0.10564554174121438,0.32622600606210966,1.0,1.0,1.0,0.9655269713842881,0.390146229451015,0.20144271869318783,0.10564554174121438,100
Real_20,TruncNorm_05_005,hoeffding,none,0.1920645582639841,0.3451538527242633,1.0,1.0,0.8589388166934754,0.6073614619083052,0.38412911652796816,0.2716203031481239,0.1920645582639841,100
Real_20,TruncNorm_05_005,sequential_t_test,none,0.03563795250440599,0.07357377326697183,1.0,1.0,0.1608694684847103,0.09630969058796854,0.06556009591430662,0.04811050038279974,0.03563795250440599,100
Real_20,TruncNorm_05_005,sim2real,Sim_252,0.022656250000000017,0.08038125000000004,1.0,1.0,0.27250000000000013,0.15203124999999995,0.06734375000000009,0.037968749999999996,0.022656250000000017,100
Real_20,TruncNorm_05_005,sim2real,Sim_35,0.040000000000000036,0.09957500000000005,1.0,1.0,0.305,0.15999999999999995,0.08500000000000003,0.060000000000000074,0.040000000000000036,100
Real_20,TruncNorm_05_005,sim2real,Sim_504,0.022500000000000023,0.08014765625000003,1.0,1.0,0.27171875,0.14859375000000005,0.06781250000000007,0.03687500000000003,0.022500000000000023,100
Real_20,TruncNorm_05_005,sim2real,Sim_756,0.02171875000000001,0.07955234375000003,1.0,1.0,0.2709375,0.14875000000000005,0.06718750000000002,0.03687499999999998,0.02171875000000001,100
Real_20,TruncNorm_05_005,sim2real,Sim_7_biased,0.24,0.2992000000000001,1.0,1.0,0.54,0.385,0.2850000000000001,0.255,0.24,100
Real_20,TruncNorm_05_005,t_test,none,0.014339195846037336,0.036274899478174895,1.0,0.75,0.08633485647314018,0.053772712914853596,0.029982471859340058,0.019966058551172908,0.014339195846037336,100
Real_20,TruncNorm_05_005,vincent,gap_0.05,0.1689453430401993,0.2574476537045731,0.0,0.0,0.5150334355166695,0.3885130858966992,0.2725702326911716,0.21240398646523972,0.1689453430401993,100
Real_20,TruncNorm_05_005,vincent,gap_0.1,0.2237004130615498,0.31039848772082257,1.0,1.0,0.5649126808036405,0.44004434337442283,0.3256027212023726,0.2663645798720456,0.2237004130615498,100
Real_20,TruncNorm_05_005,vincent,gap_0.2,0.3305520866872784,0.41403256158675206,1.0,1.0,0.6628887941895304,0.541170487859104,0.429639100380903,0.37195720092610424,0.3305520866872784,100
Real_20,TruncNorm_05_005,vincent,gap_0.3,0.43452739010100033,0.5146223572469343,1.0,1.0,0.7584460399508087,0.6398607001681106,0.5310843990905744,0.47482870590880943,0.43452739010100033,100
Real_20,TruncNorm_05_005,z_test,none,0.013874274033224943,0.02969790477005307,1.0,0.25,0.058385301226641324,0.04648204816790947,0.02834587966147917,0.01967057271504681,0.013874274033224943,100
Real_20,TruncNorm_05_01,e_value_constant_0.25,none,0.17499999999999996,0.44732500000000003,1.0,1.0,0.96,0.96,0.6349999999999998,0.325,0.17499999999999996,100
Real_20,TruncNorm_05_01,e_value_constant_0.5,none,0.10000000000000005,0.29125,1.0,1.0,0.96,0.83,0.3350000000000001,0.16999999999999996,0.10000000000000005,100
Real_20,TruncNorm_05_01,e_value_wsr,none,0.06500000000000003,0.14137500000000006,1.0,1.0,0.385,0.2,0.13000000000000006,0.10000000000000005,0.06500000000000003,100
Real_20,TruncNorm_05_01,empirical_bernstein,none,0.12478458253924413,0.3526365835082204,1.0,1.0,1.0,1.0,0.42897046980688514,0.22899873996100886,0.12478458253924413,100
Real_20,TruncNorm_05_01,hoeffding,none,0.19206455826398408,0.34496701055357826,1.0,1.0,0.8589388166934754,0.6073614619083052,0.38412911652796816,0.27162030314812385,0.19206455826398408,100
Real_20,TruncNorm_05_01,sequential_t_test,none,0.07127560753339214,0.1357771685758754,1.0,1.0,0.32173825197548284,0.19261903595886967,0.1311196748213089,0.09622043867169498,0.07127560753339214,100
Real_20,TruncNorm_05_01,sim2real,Sim_252,0.040781250000000095,0.09847500000000002,1.0,1.0,0.2917187500000001,0.17249999999999996,0.08593750000000004,0.055,0.040781250000000095,100
Real_20,TruncNorm_05_01,sim2real,Sim_35,0.055000000000000056,0.11552500000000004,1.0,1.0,0.315,0.18499999999999997,0.1,0.07000000000000005,0.055000000000000056,100
Real_20,TruncNorm_05_01,sim2real,Sim_504,0.03937500000000004,0.09687734375000001,1.0,1.0,0.28203125,0.1653125,0.08312500000000006,0.053906250000000024,0.03937500000000004,100
Real_20,TruncNorm_05_01,sim2real,Sim_756,0.03812500000000008,0.09482734375000001,1.0,1.0,0.278125,0.16453124999999996,0.08015625000000005,0.05296875000000003,0.03812500000000008,100
Real_20,TruncNorm_05_01,sim2real,Sim_7_biased,0.26,0.3121749999999999,1.0,1.0,0.5450000000000002,0.3950000000000001,0.3,0.265,0.26,100
Real_20,TruncNorm_05_01,t_test,none,0.02867828673805201,0.06580669715922106,1.0,0.75,0.17266904804259764,0.1075450386427258,0.059964619609830294,0.039931967892267106,0.02867828673805201,100
Real_20,TruncNorm_05_01,vincent,gap_0.05,0.19184143255892713,0.28458041598225603,0.22,0.18,0.5505691839770541,0.4233243186969996,0.30305539158711503,0.2389798613805392,0.19184143255892713,100
Real_20,TruncNorm_05_01,vincent,gap_0.1,0.25135063544056996,0.34098150437693336,1.0,1.0,0.6003276925862596,0.4763865950238364,0.35911986361076836,0.29690032888694945,0.25135063544056996,100
Real_20,TruncNorm_05_01,vincent,gap_0.2,0.3650528352695016,0.4492490402260286,1.0,1.0,0.6962802407583538,0.5786387146716099,0.4671920011294242,0.40808467034806784,0.3650528352695016,100
Real_20,TruncNorm_05_01,vincent,gap_0.3,0.47300284680608207,0.5518490099962962,1.0,1.0,0.7873955505023034,0.6760193370405173,0.5700823882285758,0.5138272538464688,0.47300284680608207,100
Real_20,TruncNorm_05_01,z_test,none,0.027748460772249527,0.05439564307016965,1.0,0.25,0.11677037124341819,0.09296363717465438,0.056691549779087726,0.039340997938599624,0.027748460772249527,100
Real_20,TruncNorm_08_01,e_value_constant_0.25,none,0.17000000000000007,0.4083,1.0,1.0,0.96,0.96,0.495,0.3199999999999999,0.17000000000000007,100
Real_20,TruncNorm_08_01,e_value_constant_0.5,none,0.09499999999999996,0.2731,1.0,1.0,0.96,0.6,0.33,0.17000000000000007,0.09499999999999996,100
Real_20,TruncNorm_08_01,e_value_wsr,none,0.06999999999999998,0.14095000000000002,1.0,1.0,0.3999999999999999,0.22999999999999995,0.12500000000000003,0.07999999999999999,0.06999999999999998,100
Real_20,TruncNorm_08_01,empirical_bernstein,none,0.12267564876029508,0.3264238196762059,1.0,1.0,1.0,0.7120867527375145,0.41729896180242454,0.22608922494977046,0.12267564876029508,100
Real_20,TruncNorm_08_01,hoeffding,none,0.1920645582639841,0.32633986495186124,1.0,1.0,0.6402352490287788,0.5199013471229295,0.3817762313243766,0.27162030314812396,0.1920645582639841,100
Real_20,TruncNorm_08_01,sequential_t_test,none,0.06718489688901048,0.12881584918840727,1.0,1.0,0.31316956012397024,0.18659839372425352,0.1251073196404826,0.09083899022691844,0.06718489688901048,100
Real_20,TruncNorm_08_01,sim2real,Sim_252,0.04265624999999996,0.11045195312499992,1.0,1.0,0.36453125,0.21687500000000007,0.10171875,0.06296875000000002,0.04265624999999996,100
Real_20,TruncNorm_08_01,sim2real,Sim_35,0.05499999999999993,0.12554999999999997,1.0,1.0,0.3949999999999999,0.21999999999999997,0.115,0.07999999999999996,0.05499999999999993,100
Real_20,TruncNorm_08_01,sim2real,Sim_504,0.038437499999999986,0.10599804687499992,1.0,1.0,0.35015624999999995,0.19812499999999997,0.10015624999999989,0.059687499999999984,0.038437499999999986,100
Real_20,TruncNorm_08_01,sim2real,Sim_756,0.03843749999999993,0.10833398437499998,1.0,1.0,0.3587499999999999,0.20968749999999992,0.09812499999999996,0.06234375000000004,0.03843749999999993,100
Real_20,TruncNorm_08_01,sim2real,Sim_7_biased,0.5499999999999999,0.5903249999999999,1.0,1.0,0.7600000000000001,0.69,0.58,0.565,0.5499999999999999,100
Real_20,TruncNorm_08_01,t_test,none,0.027076786247500876,0.0622499190426118,1.0,0.75,0.16455398352767833,0.10318423425078685,0.05649375862481431,0.0377299503744053,0.027076786247500876,100
Real_20,TruncNorm_08_01,vincent,gap_0.05,0.19171249243307975,0.2844426705655664,0.0,0.0,0.5503976778513476,0.4231805818576675,0.3029049351611601,0.23884548339561398,0.19171249243307975,100
Real_20,TruncNorm_08_01,vincent,gap_0.1,0.25121374330606794,0.3408386102031066,0.0,0.0,0.6001563396064252,0.47624083197380174,0.35896511991737917,0.29675984570906055,0.25121374330606794,100
Real_20,TruncNorm_08_01,vincent,gap_0.2,0.3649062020412924,0.4491003489986931,1.0,1.0,0.6961116165503947,0.578491513806474,0.4670319856601368,0.4079365401880352,0.3649062020412924,100
Real_20,TruncNorm_08_01,vincent,gap_0.3,0.4728511583521717,0.5516985820559054,1.0,1.0,0.7872338679727227,0.6758738153894234,0.5699205866242213,0.5136755020036831,0.4728511583521717,100
Real_20,TruncNorm_08_01,z_test,none,0.026006360533368297,0.0513036297312117,1.0,0.25,0.11238092359993396,0.08594260473635179,0.052899040383833924,0.03682930185486971,0.026006360533368297,100
Real_20,UniformSpike_01_03,e_value_constant_0.25,none,0.18979999999999997,0.458197,1.0,1.0,0.96,0.96,0.6494,0.34360000000000007,0.18979999999999997,100
Real_20,UniformSpike_01_03,e_value_constant_0.5,none,0.13980000000000004,0.3236069999999999,1.0,1.0,0.96,0.7864,0.3696,0.21499999999999994,0.13980000000000004,100
Real_20,UniformSpike_01_03,e_value_wsr,none,0.16699999999999995,0.29692,1.0,0.99,0.7835999999999997,0.5236000000000001,0.31620000000000004,0.228,0.16699999999999995,100
Real_20,UniformSpike_01_03,empirical_bernstein,none,0.2028612849907094,0.4488590746777086,1.0,1.0,1.0,0.9733515901947614,0.5810457306924821,0.3384508701590242,0.2028612849907094,100
Real_20,UniformSpike_01_03,hoeffding,none,0.19206455826398408,0.34073098537224206,1.0,1.0,0.7824137884018981,0.6039790101171202,0.38412911652796816,0.27162030314812385,0.19206455826398408,100
Real_20,UniformSpike_01_03,sequential_t_test,none,0.21480592883232874,0.36478548585096293,1.0,0.86,0.8493359733526288,0.640860561435531,0.4038294110983775,0.2942012620629938,0.21480592883232874,100
Real_20,UniformSpike_01_03,sim2real,Sim_252,0.1435625,0.24611850000000002,1.0,0.95,0.524684375,0.39428125,0.26508750000000003,0.19720624999999997,0.1435625,100
Real_20,UniformSpike_01_03,sim2real,Sim_35,0.16419999999999998,0.26858699999999996,1.0,0.98,0.5654,0.42100000000000004,0.28580000000000005,0.21839999999999996,0.16419999999999998,100
Real_20,UniformSpike_01_03,sim2real,Sim_504,0.1439,0.24625996874999997,1.0,0.95,0.524634375,0.39419999999999994,0.26519375000000006,0.19731875,0.1439,100
Real_20,UniformSpike_01_03,sim2real,Sim_756,0.14428749999999999,0.24640287499999997,1.0,0.95,0.524571875,0.39413750000000003,0.26523125000000003,0.19742499999999996,0.14428749999999999,100
Real_20,UniformSpike_01_03,sim2real,Sim_7_biased,0.21719999999999998,0.29524,1.0,0.99,0.5472,0.3972,0.2942,0.25040000000000007,0.21719999999999998,100
Real_20,UniformSpike_01_03,t_test,none,0.08468534171081972,0.16606945342376478,0.98,0.5,0.4184186884733503,0.27959904367802435,0.17168610239739984,0.12082170119516154,0.08468534171081972,100
Real_20,UniformSpike_01_03,vincent,gap_0.05,0.2615622580649688,0.3726618472968876,1.0,1.0,0.6748448114000584,0.5482029190538836,0.40451967498750574,0.3231047010564233,0.2615622580649688,100
Real_20,UniformSpike_01_03,vincent,gap_0.1,0.3388984921440301,0.4431249382463303,1.0,1.0,0.7242539496959054,0.6086188866742106,0.4737588060021818,0.3973357797659512,0.3388984921440301,100
Real_20,UniformSpike_01_03,vincent,gap_0.2,0.4819769129814206,0.5731863103353019,1.0,1.0,0.8134086167866685,0.7168359556655483,0.6021062564290702,0.5351691906359572,0.4819769129814206,100
Real_20,UniformSpike_01_03,vincent,gap_0.3,0.6109722826284374,0.6882756958772619,1.0,1.0,0.8878456084947146,0.8073480864700032,0.7140960078944798,0.6588991838408761,0.6109722826284374,100
Real_20,UniformSpike_01_03,z_test,none,0.0841703232536764,0.15560567918483342,0.98,0.36,0.362588826432122,0.2618240600563476,0.16744761359008803,0.11934490465537201,0.0841703232536764,100
Real_20,UniformSpike_05_04,e_value_constant_0.25,none,0.18099999999999994,0.455687,1.0,1.0,0.96,0.96,0.6447999999999999,0.33360000000000006,0.18099999999999994,100
Real_20,UniformSpike_05_04,e_value_constant_0.5,none,0.11960000000000003,0.308618,1.0,1.0,0.96,0.8436,0.35019999999999996,0.1936,0.11960000000000003,100
Real_20,UniformSpike_05_04,e_value_wsr,none,0.12480000000000002,0.23384,1.0,0.99,0.7037999999999998,0.38520000000000004,0.23799999999999993,0.16939999999999997,0.12480000000000002,100
Real_20,UniformSpike_05_04,empirical_bernstein,none,0.17287514191207662,0.41539078110936645,1.0,1.0,1.0,0.9969054408281309,0.5245038920557017,0.29537631679293097,0.17287514191207662,100
Real_20,UniformSpike_05_04,hoeffding,none,0.1920645582639841,0.3439752372902967,1.0,1.0,0.8426811924196332,0.6073614619083052,0.38412911652796816,0.27162030314812396,0.1920645582639841,100
Real_20,UniformSpike_05_04,sequential_t_test,none,0.15944769841701567,0.2815134032958015,1.0,0.99,0.7359962584517054,0.48008395352208416,0.3044350529416285,0.21719435213376137,0.15944769841701567,100
Real_20,UniformSpike_05_04,sim2real,Sim_252,0.09428125000000005,0.18198715624999995,0.98,0.95,0.41920625,0.2942125,0.19208750000000002,0.13430625000000002,0.09428125000000005,100
Real_20,UniformSpike_05_04,sim2real,Sim_35,0.11280000000000001,0.20143500000000011,1.0,0.99,0.46399999999999997,0.32299999999999995,0.21179999999999993,0.1514,0.11280000000000001,100
Real_20,UniformSpike_05_04,sim2real,Sim_504,0.09688125000000003,0.18251223437499997,0.99,0.95,0.4189125000000001,0.29398749999999996,0.19284999999999997,0.13620000000000002,0.09688125000000003,100
Real_20,UniformSpike_05_04,sim2real,Sim_756,0.09940000000000003,0.1838325625,0.99,0.95,0.4185749999999999,0.29379375,0.19384374999999998,0.13828125,0.09940000000000003,100
Real_20,UniformSpike_05_04,sim2real,Sim_7_biased,0.2864,0.342155,1.0,0.97,0.5918,0.4204,0.33140000000000003,0.29700000000000004,0.2864,100
Real_20,UniformSpike_05_04,t_test,none,0.06286084792374914,0.12667562894989884,0.95,0.63,0.31647171445686095,0.20847928193568027,0.12942907632837414,0.08919673196086825,0.06286084792374914,100
Real_20,UniformSpike_05_04,vincent,gap_0.05,0.2562947855468754,0.35829983610954436,1.0,1.0,0.6358144132505903,0.509039192356283,0.3869806817655624,0.31264263346120436,0.2562947855468754,100
Real_20,UniformSpike_05_04,vincent,gap_0.1,0.3281373517227989,0.4214226981040947,1.0,1.0,0.6855223900130504,0.5628138849232985,0.44669246247380323,0.3781246584548783,0.3281373517227989,100
Real_20,UniformSpike_05_04,vincent,gap_0.2,0.4508491889013607,0.533020251766151,1.0,1.0,0.7794493077827787,0.6651571463535169,0.5550320669288267,0.4929893168150435,0.4508491889013607,100
Real_20,UniformSpike_05_04,vincent,gap_0.3,0.5569570546904488,0.6329991770276853,1.0,1.0,0.8635244076205995,0.7623848910441342,0.6564603916473218,0.5959819108395671,0.5569570546904488,100
Real_20,UniformSpike_05_04,z_test,none,0.06247855629855906,0.11694773690322662,0.95,0.5,0.2741954328714829,0.19522560347842124,0.12623380493658307,0.08810648555796771,0.06247855629855906,100
Real_20,UniformSpike_05_06,e_value_constant_0.25,none,0.17739999999999995,0.452288,1.0,1.0,0.96,0.96,0.6399999999999999,0.3282,0.17739999999999995,100
Real_20,UniformSpike_05_06,e_value_constant_0.5,none,0.11260000000000002,0.30129100000000003,1.0,1.0,0.96,0.8406000000000001,0.34120000000000006,0.18679999999999997,0.11260000000000002,100
Real_20,UniformSpike_05_06,e_value_wsr,none,0.10660000000000001,0.20090400000000003,1.0,1.0,0.6016,0.3116,0.19459999999999994,0.14300000000000002,0.10660000000000001,100
Real_20,UniformSpike_05_06,empirical_bernstein,none,0.15578120124793315,0.3926356832942236,1.0,1.0,1.0,0.9952324102281659,0.4878190926394822,0.27151659572669873,0.15578120124793315,100
Real_20,UniformSpike_05_06,hoeffding,none,0.1920645582639841,0.3445896210843308,1.0,1.0,0.8525915217270992,0.6073614619083051,0.38412911652796816,0.27162030314812396,0.1920645582639841,100
Real_20,UniformSpike_05_06,sequential_t_test,none,0.1278901118507845,0.22530034121408093,1.0,1.0,0.5626561716835274,0.3770693968712753,0.2399471943930685,0.17453892688841754,0.1278901118507845,100
Real_20,UniformSpike_05_06,sim2real,Sim_252,0.07860625000000004,0.15594265625000003,0.99,0.97,0.36946249999999997,0.24685,0.15774375,0.11356875000000001,0.07860625000000004,100
Real_20,UniformSpike_05_06,sim2real,Sim_35,0.09280000000000004,0.17381800000000006,1.0,1.0,0.4138,0.2722,0.17319999999999997,0.128,0.09280000000000004,100
Real_20,UniformSpike_05_06,sim2real,Sim_504,0.07925625000000004,0.156362890625,0.99,0.97,0.36924999999999997,0.246625,0.15827500000000003,0.11408750000000004,0.07925625000000004,100
Real_20,UniformSpike_05_06,sim2real,Sim_756,0.08009375000000002,0.15691626562500002,0.98,0.97,0.36902500000000005,0.2463375,0.15886250000000002,0.11478750000000003,0.08009375000000002,100
Real_20,UniformSpike_05_06,sim2real,Sim_7_biased,0.2726,0.32723199999999997,1.0,0.99,0.5761999999999999,0.40259999999999996,0.31479999999999997,0.2812,0.2726,100
Real_20,UniformSpike_05_06,t_test,none,0.050419547925851474,0.1014857319904074,0.96,0.67,0.23843670930644922,0.16374460450702677,0.10201237813384878,0.07167912851074444,0.050419547925851474,100
Real_20,UniformSpike_05_06,vincent,gap_0.05,0.23670045454059868,0.3266502344426645,1.0,1.0,0.5824915595151495,0.45620891404750546,0.3430951656359625,0.2838203683645888,0.23670045454059868,100
Real_20,UniformSpike_05_06,vincent,gap_0.1,0.2959573531695636,0.3806127153141589,1.0,1.0,0.6324464386942117,0.5065614063222634,0.3950899887571748,0.33849454344114555,0.2959573531695636,100
Real_20,UniformSpike_05_06,vincent,gap_0.2,0.399666831703866,0.480663579445489,1.0,1.0,0.7307060732015035,0.6066415077485473,0.4957415324109614,0.43985946998452413,0.399666831703866,100
Real_20,UniformSpike_05_06,vincent,gap_0.3,0.49966890902388145,0.5784195659382102,1.0,1.0,0.8236935348527717,0.7065275363489496,0.5957442415063722,0.5398727567098038,0.49966890902388145,100
Real_20,UniformSpike_05_06,z_test,none,0.05011291873527319,0.09391150568431435,0.96,0.56,0.20658483439171824,0.1533348490766683,0.09949395458709741,0.07080299874338741,0.05011291873527319,100
Real_6,Beta_10_10,e_value_constant_0.25,none,0.16999999999999993,0.4480749999999999,1.0,1.0,0.96,0.96,0.6299999999999999,0.31999999999999995,0.16999999999999993,100
Real_6,Beta_10_10,e_value_constant_0.5,none,0.10000000000000005,0.29307500000000003,1.0,1.0,0.96,0.83,0.3400000000000001,0.17999999999999994,0.10000000000000005,100
Real_6,Beta_10_10,e_value_wsr,none,0.07000000000000002,0.14325,1.0,1.0,0.425,0.20999999999999994,0.12499999999999994,0.09500000000000003,0.07000000000000002,100
Real_6,Beta_10_10,empirical_bernstein,none,0.12851988310161716,0.35634129797468417,1.0,1.0,1.0,0.9990397516244286,0.4327336573063423,0.23215990862129376,0.12851988310161716,100
Real_6,Beta_10_10,hoeffding,none,0.19206455826398408,0.3448189653803654,1.0,1.0,0.8589388166934754,0.6073614619083049,0.38412911652796816,0.27162030314812396,0.19206455826398408,100
Real_6,Beta_10_10,sequential_t_test,none,0.07823673716709768,0.1442836658917068,1.0,1.0,0.29399796569246134,0.23919026430244736,0.14359045450546204,0.10583558286854712,0.07823673716709768,100
Real_6,Beta_10_10,sim2real,Sim_252,0.041562500000000016,0.09808671875000004,1.0,1.0,0.28078125,0.16749999999999982,0.08562500000000003,0.05609375000000008,0.041562500000000016,100
Real_6,Beta_10_10,sim2real,Sim_35,0.06000000000000002,0.11830000000000003,1.0,1.0,0.315,0.19999999999999996,0.10000000000000005,0.08000000000000003,0.06000000000000002,100
Real_6,Beta_10_10,sim2real,Sim_504,0.04671875000000009,0.10445312500000002,1.0,1.0,0.2928125000000001,0.17624999999999996,0.09203125000000005,0.06187500000000002,0.04671875000000009,100
Real_6,Beta_10_10,sim2real,Sim_756,0.04515625000000003,0.10472187500000006,1.0,1.0,0.290625,0.17671874999999995,0.09468750000000002,0.062187500000000034,0.04515625000000003,100
Real_6,Beta_10_10,sim2real,Sim_7_biased,0.25,0.3029,1.0,1.0,0.565,0.3899999999999999,0.29,0.255,0.25,100
Real_6,Beta_10_10,t_test,none,0.03201843220868501,0.071598911640936,1.0,0.75,0.17438954693994715,0.10959971111137902,0.06428824670741988,0.04658558110050023,0.03201843220868501,100
Real_6,Beta_10_10,vincent,gap_0.05,0.1939359764946684,0.2877523882530915,0.19,0.19,0.5566910566546952,0.42920026044087867,0.3068767680448426,0.24144924057876263,0.1939359764946684,100
Real_6,Beta_10_10,vincent,gap_0.1,0.25414917212814436,0.34472312086097423,1.0,1.0,0.6064594700607013,0.48237235671085105,0.36351849884807946,0.3000197507911993,0.25414917212814436,100
Real_6,Beta_10_10,vincent,gap_0.2,0.36900988661870665,0.4538349787601705,1.0,1.0,0.7023466168731756,0.5847943174077037,0.4723210671579497,0.4122449538353606,0.36900988661870665,100
Real_6,Beta_10_10,vincent,gap_0.3,0.47764013750898576,0.5568535963426675,1.0,1.0,0.792738294686295,0.6819866222737255,0.5755254978431761,0.518612159671452,0.47764013750898576,100
Real_6,Beta_10_10,z_test,none,0.031187160020359973,0.060552147377653444,1.0,0.0,0.1376676140329705,0.09885021909807928,0.061077581560433164,0.04223908156566794,0.031187160020359973,100
Real_6,Beta_2_2,e_value_constant_0.25,none,0.17999999999999994,0.4559,1.0,1.0,0.96,0.96,0.6399999999999999,0.3350000000000001,0.17999999999999994,100
Real_6,Beta_2_2,e_value_constant_0.5,none,0.12000000000000005,0.3074499999999999,1.0,1.0,0.96,0.835,0.3400000000000001,0.18999999999999997,0.12000000000000005,100
Real_6,Beta_2_2,e_value_wsr,none,0.12500000000000003,0.22740000000000005,1.0,1.0,0.6650000000000001,0.38499999999999995,0.21999999999999997,0.17,0.12500000000000003,100
Real_6,Beta_2_2,empirical_bernstein,none,0.17374270015245538,0.4187373918643319,1.0,1.0,1.0,1.0,0.5282064334383954,0.29914413019421277,0.17374270015245538,100
Real_6,Beta_2_2,hoeffding,none,0.1920645582639841,0.3438850127391247,1.0,1.0,0.8363076462082971,0.6073614619083052,0.38412911652796816,0.27162030314812396,0.1920645582639841,100
Real_6,Beta_2_2,sequential_t_test,none,0.1576317963143894,0.288428360323439,1.0,1.0,0.7147954159719034,0.48066973306394595,0.3089485141660768,0.22437978536528416,0.1576317963143894,100
Real_6,Beta_2_2,sim2real,Sim_252,0.09078125000000002,0.170919140625,1.0,1.0,0.38734375000000015,0.281875,0.17937499999999992,0.12578125,0.09078125000000002,100
Real_6,Beta_2_2,sim2real,Sim_35,0.10500000000000005,0.17822500000000002,1.0,1.0,0.365,0.26,0.17499999999999996,0.13999999999999996,0.10500000000000005,100
Real_6,Beta_2_2,sim2real,Sim_504,0.09703125000000004,0.17846875,1.0,1.0,0.37781250000000005,0.28515625000000006,0.18968750000000006,0.13375,0.09703125000000004,100
Real_6,Beta_2_2,sim2real,Sim_756,0.09750000000000007,0.176462109375,1.0,1.0,0.40171875,0.28671875,0.17593750000000002,0.12953125,0.09750000000000007,100
Real_6,Beta_2_2,sim2real,Sim_7_biased,0.29999999999999993,0.352575,1.0,1.0,0.605,0.425,0.35,0.3149999999999999,0.29999999999999993,100
Real_6,Beta_2_2,t_test,none,0.0632234022340917,0.12627903354373166,1.0,0.75,0.26847582405465753,0.18353976679075398,0.12625025050411767,0.0906983284024713,0.0632234022340917,100
Real_6,Beta_2_2,vincent,gap_0.05,0.2421173438976999,0.3483224260065772,0.84,0.83,0.6408867465754963,0.5134696505627905,0.3767254720213172,0.29978752880971393,0.2421173438976999,100
Real_6,Beta_2_2,vincent,gap_0.1,0.3147489911862397,0.4146954970726549,1.0,1.0,0.6903842783915599,0.5707825567283726,0.4419661822686627,0.36928292093946424,0.3147489911862397,100
Real_6,Beta_2_2,vincent,gap_0.2,0.4485879334443086,0.5370140847742986,1.0,1.0,0.7814080405419616,0.6762389800864126,0.5625064127674873,0.4974504494297581,0.4485879334443086,100
Real_6,Beta_2_2,vincent,gap_0.3,0.5685427425635907,0.6460330067761472,1.0,1.0,0.8604539953963567,0.7699040676528797,0.6699583586777349,0.6122807302441354,0.5685427425635907,100
Real_6,Beta_2_2,z_test,none,0.06192539753143436,0.11651370087772724,0.75,0.25,0.26540533047191806,0.17745293113296357,0.11982540869203678,0.08589371110661066,0.06192539753143436,100
Real_6,GaussianMix_03_07,e_value_constant_0.25,none,0.18179999999999993,0.455439,1.0,1.0,0.96,0.96,0.6437999999999998,0.3324000000000001,0.18179999999999993,100
Real_6,GaussianMix_03_07,e_value_constant_0.5,none,0.1216,0.31027399999999994,1.0,1.0,0.96,0.847,0.35039999999999993,0.19639999999999994,0.1216,100
Real_6,GaussianMix_03_07,e_value_wsr,none,0.13520000000000001,0.248718,1.0,1.0,0.7382000000000001,0.4328,0.25439999999999996,0.18159999999999996,0.13520000000000001,100
Real_6,GaussianMix_03_07,empirical_bernstein,none,0.17494208839342357,0.41769890364964213,1.0,1.0,1.0,0.997437366155738,0.5264541593999574,0.297417180558649,0.17494208839342357,100
Real_6,GaussianMix_03_07,hoeffding,none,0.1920645582639841,0.3442089458565518,1.0,1.0,0.8467759018844538,0.6073614619083051,0.38412911652796816,0.2716203031481239,0.1920645582639841,100
Real_6,GaussianMix_03_07,sequential_t_test,none,0.16379971219506426,0.2945063845383297,1.0,0.9,0.8565505823350873,0.5211466663873767,0.3073643289648718,0.22170818091751357,0.16379971219506426,100
Real_6,GaussianMix_03_07,sim2real,Sim_252,0.09415000000000004,0.17693348437500003,1.0,1.0,0.4086062499999999,0.2840375,0.18250624999999998,0.13115,0.09415000000000004,100
Real_6,GaussianMix_03_07,sim2real,Sim_35,0.10619999999999999,0.19124300000000008,1.0,1.0,0.4318,0.301,0.19799999999999998,0.14360000000000003,0.10619999999999999,100
Real_6,GaussianMix_03_07,sim2real,Sim_504,0.09744375000000004,0.18035101562500003,1.0,0.98,0.40766874999999997,0.28764375000000003,0.18764375,0.13515625,0.09744375000000004,100
Real_6,GaussianMix_03_07,sim2real,Sim_756,0.09552500000000004,0.17741334375000004,1.0,0.99,0.4061625,0.29103124999999996,0.18435625000000005,0.13050625,0.09552500000000004,100
Real_6,GaussianMix_03_07,sim2real,Sim_7_biased,0.297,0.348216,1.0,1.0,0.5844,0.424,0.33480000000000004,0.30399999999999994,0.297,100
Real_6,GaussianMix_03_07,t_test,none,0.0655644699677714,0.13222657111657365,0.98,0.55,0.31256146318454736,0.21798579272266522,0.13400306488824626,0.09356023181618159,0.0655644699677714,100
Real_6,GaussianMix_03_07,vincent,gap_0.05,0.2401394167853666,0.3492369444374169,0.96,0.95,0.6580297528089194,0.5232013703587459,0.37959069446421495,0.2987716542489792,0.2401394167853666,100
Real_6,GaussianMix_03_07,vincent,gap_0.1,0.314275342275999,0.4175676981305325,1.0,1.0,0.7072342579499156,0.58342339852835,0.4477135458506614,0.3702163876476748,0.314275342275999,100
Real_6,GaussianMix_03_07,vincent,gap_0.2,0.4535432011401502,0.5449157415570018,1.0,1.0,0.7941977332785843,0.691354398823693,0.5740802228447006,0.5044841410793015,0.4535432011401502,100
Real_6,GaussianMix_03_07,vincent,gap_0.3,0.5804798586786498,0.6581914514279306,1.0,1.0,0.86759305486984,0.7821699404965865,0.6845867129643196,0.6251083362664057,0.5804798586786498,100
Real_6,GaussianMix_03_07,z_test,none,0.06499412578033337,0.12130137348406578,0.97,0.35,0.28670097902498,0.20839988396488618,0.13173289459476756,0.09102847941451656,0.06499412578033337,100
Real_6,GaussianMix_05_08,e_value_constant_0.25,none,0.17360000000000006,0.4394489999999999,1.0,1.0,0.96,0.96,0.6207999999999999,0.32859999999999995,0.17360000000000006,100
Real_6,GaussianMix_05_08,e_value_constant_0.5,none,0.10839999999999997,0.29460700000000006,1.0,1.0,0.96,0.7309999999999998,0.34040000000000004,0.18600000000000003,0.10839999999999997,100
Real_6,GaussianMix_05_08,e_value_wsr,none,0.107,0.20617099999999997,1.0,1.0,0.618,0.3546,0.20239999999999994,0.14280000000000004,0.107,100
Real_6,GaussianMix_05_08,empirical_bernstein,none,0.15375517407012074,0.38148563259815566,1.0,1.0,1.0,0.8777555106314182,0.4843289753207043,0.26791629332734174,0.15375517407012074,100
Real_6,GaussianMix_05_08,hoeffding,none,0.1920645582639841,0.3392839348020666,1.0,1.0,0.7528406734685666,0.5977580779461771,0.3841291165279682,0.27162030314812396,0.1920645582639841,100
Real_6,GaussianMix_05_08,sequential_t_test,none,0.12329606196346239,0.2298484292863549,1.0,0.94,0.6623636252929294,0.3930676631148412,0.22910690595575794,0.16810581228883634,0.12329606196346239,100
Real_6,GaussianMix_05_08,sim2real,Sim_252,0.07208124999999992,0.14722878124999997,1.0,0.98,0.3696999999999999,0.2554625,0.148575,0.10108749999999997,0.07208124999999992,100
Real_6,GaussianMix_05_08,sim2real,Sim_35,0.10759999999999997,0.177855,1.0,0.98,0.4087999999999999,0.2782,0.17380000000000004,0.13120000000000004,0.10759999999999997,100
Real_6,GaussianMix_05_08,sim2real,Sim_504,0.07391249999999996,0.14807576562499997,1.0,1.0,0.37764374999999994,0.2531625,0.14543124999999998,0.10154375,0.07391249999999996,100
Real_6,GaussianMix_05_08,sim2real,Sim_756,0.07189999999999995,0.14426798437499996,1.0,0.97,0.353375,0.24260625000000002,0.14464375000000002,0.09914999999999999,0.07189999999999995,100
Real_6,GaussianMix_05_08,sim2real,Sim_7_biased,0.44759999999999983,0.490749,1.0,1.0,0.7422,0.5686,0.474,0.45699999999999996,0.44759999999999983,100
Real_6,GaussianMix_05_08,t_test,none,0.04998703575732437,0.10339090193905147,0.99,0.53,0.23875081128129305,0.16731012783297833,0.10203901699863488,0.0710967011007812,0.04998703575732437,100
Real_6,GaussianMix_05_08,vincent,gap_0.05,0.22332392653245617,0.3261824625159316,0.11,0.09,0.6160284225137002,0.48578926790486804,0.35231392135312184,0.2780593977096306,0.22332392653245617,100
Real_6,GaussianMix_05_08,vincent,gap_0.1,0.2920105100703357,0.38999441676950647,0.94,0.89,0.6655911792500206,0.5427164561722253,0.41564963074258143,0.34456184140729407,0.2920105100703357,100
Real_6,GaussianMix_05_08,vincent,gap_0.2,0.42137745150352396,0.5094812935685936,1.0,1.0,0.7571918372957426,0.6482420639620934,0.533799450681333,0.46920128441284115,0.42137745150352396,100
Real_6,GaussianMix_05_08,vincent,gap_0.3,0.5396913705608553,0.6175579776149518,1.0,1.0,0.8373532563491604,0.7418734508671168,0.6402774370766302,0.5825968837290457,0.5396913705608553,100
Real_6,GaussianMix_05_08,z_test,none,0.04857569658006372,0.09201854514113045,0.97,0.37,0.20586229838191272,0.15361893092717152,0.09890876368086268,0.06811196546604437,0.04857569658006372,100
Real_6,GaussianMix_3comp,e_value_constant_0.25,none,0.18359999999999999,0.456789,1.0,1.0,0.96,0.96,0.6447999999999999,0.33520000000000005,0.18359999999999999,100
Real_6,GaussianMix_3comp,e_value_constant_0.5,none,0.12399999999999999,0.31317100000000003,1.0,1.0,0.96,0.8475999999999999,0.35479999999999995,0.19939999999999994,0.12399999999999999,100
Real_6,GaussianMix_3comp,e_value_wsr,none,0.13900000000000007,0.253764,1.0,1.0,0.7531999999999998,0.44,0.26080000000000003,0.18739999999999996,0.13900000000000007,100
Real_6,GaussianMix_3comp,empirical_bernstein,none,0.18030508369167958,0.42282535762532475,1.0,1.0,1.0,0.9969901397556943,0.5328502553166596,0.30332012736431824,0.18030508369167958,100
Real_6,GaussianMix_3comp,hoeffding,none,0.1920645582639841,0.3440254584979061,1.0,1.0,0.8443777256448216,0.6073614619083051,0.38412911652796816,0.27162030314812385,0.1920645582639841,100
Real_6,GaussianMix_3comp,sequential_t_test,none,0.1733395945125422,0.31013517765901316,1.0,0.99,0.8627603343460123,0.5504330598129772,0.3295186334809818,0.23845116314860493,0.1733395945125422,100
Real_6,GaussianMix_3comp,sim2real,Sim_252,0.10182500000000003,0.189294421875,0.99,0.98,0.44419374999999994,0.313,0.19670625,0.14145,0.10182500000000003,100
Real_6,GaussianMix_3comp,sim2real,Sim_35,0.11840000000000002,0.208259,1.0,0.99,0.4702000000000001,0.32899999999999996,0.21299999999999997,0.16159999999999997,0.11840000000000002,100
Real_6,GaussianMix_3comp,sim2real,Sim_504,0.10600000000000001,0.193067328125,1.0,0.99,0.44716249999999996,0.3109,0.20224375000000003,0.14617500000000003,0.10600000000000001,100
Real_6,GaussianMix_3comp,sim2real,Sim_756,0.10329375000000005,0.188296046875,0.99,0.97,0.42558124999999997,0.3067875,0.19681249999999997,0.14175000000000001,0.10329375000000005,100
Real_6,GaussianMix_3comp,sim2real,Sim_7_biased,0.2964,0.34724000000000005,1.0,0.98,0.589,0.42399999999999993,0.3332,0.3006,0.2964,100
Real_6,GaussianMix_3comp,t_test,none,0.06910255370152873,0.1383779184159407,0.94,0.54,0.33914998654515116,0.227580364833173,0.13957839293424962,0.09803319621412195,0.06910255370152873,100
Real_6,GaussianMix_3comp,vincent,gap_0.05,0.2472866691792688,0.35836173290347145,0.98,0.95,0.6597022799174163,0.5327205644485893,0.39012653640556644,0.3093578272197478,0.2472866691792688,100
Real_6,GaussianMix_3comp,vincent,gap_0.1,0.3250077357999321,0.42874648064919535,1.0,1.0,0.7091627281658627,0.5917097234092078,0.4587410594924543,0.38375047707362364,0.3250077357999321,100
Real_6,GaussianMix_3comp,vincent,gap_0.2,0.46803894622355896,0.5558509075936225,1.0,1.0,0.7988232930872602,0.6982433778373912,0.5811206143315699,0.5172158006191414,0.46803894622355896,100
Real_6,GaussianMix_3comp,vincent,gap_0.3,0.5886396688506885,0.6642151555152215,1.0,1.0,0.8735358769414568,0.7906521849119165,0.6880953076236719,0.6311799469628565,0.5886396688506885,100
Real_6,GaussianMix_3comp,z_test,none,0.06828734171692562,0.1277556487754011,0.94,0.35,0.2935678048090679,0.2155274217572728,0.138806025081768,0.0957461696871105,0.06828734171692562,100
Real_6,UniformSpike_05_06,e_value_constant_0.25,none,0.17739999999999995,0.452288,1.0,1.0,0.96,0.96,0.6399999999999999,0.3282,0.17739999999999995,100
Real_6,UniformSpike_05_06,e_value_constant_0.5,none,0.11260000000000002,0.30129100000000003,1.0,1.0,0.96,0.8406000000000001,0.34120000000000006,0.18679999999999997,0.11260000000000002,100
Real_6,UniformSpike_05_06,e_value_wsr,none,0.10660000000000001,0.20090400000000003,1.0,1.0,0.6016,0.3116,0.19459999999999994,0.14300000000000002,0.10660000000000001,100
Real_6,UniformSpike_05_06,empirical_bernstein,none,0.15578120124793315,0.3926356832942236,1.0,1.0,1.0,0.9952324102281659,0.4878190926394822,0.27151659572669873,0.15578120124793315,100
Real_6,UniformSpike_05_06,hoeffding,none,0.1920645582639841,0.3445896210843308,1.0,1.0,0.8525915217270992,0.6073614619083051,0.38412911652796816,0.27162030314812396,0.1920645582639841,100
Real_6,UniformSpike_05_06,sequential_t_test,none,0.1278901118507845,0.22530034121408093,1.0,1.0,0.5626561716835274,0.3770693968712753,0.2399471943930685,0.17453892688841754,0.1278901118507845,100
Real_6,UniformSpike_05_06,sim2real,Sim_252,0.07860625000000004,0.15594265625000003,0.99,0.97,0.36946249999999997,0.24685,0.15774375,0.11356875000000001,0.07860625000000004,100
Real_6,UniformSpike_05_06,sim2real,Sim_35,0.09280000000000004,0.17381800000000006,1.0,1.0,0.4138,0.2722,0.17319999999999997,0.128,0.09280000000000004,100
Real_6,UniformSpike_05_06,sim2real,Sim_504,0.07925625000000004,0.156362890625,0.99,0.97,0.36924999999999997,0.246625,0.15827500000000003,0.11408750000000004,0.07925625000000004,100
Real_6,UniformSpike_05_06,sim2real,Sim_756,0.08009375000000002,0.15691626562500002,0.98,0.97,0.36902500000000005,0.2463375,0.15886250000000002,0.11478750000000003,0.08009375000000002,100
Real_6,UniformSpike_05_06,sim2real,Sim_7_biased,0.2726,0.32723199999999997,1.0,0.99,0.5761999999999999,0.40259999999999996,0.31479999999999997,0.2812,0.2726,100
Real_6,UniformSpike_05_06,t_test,none,0.050419547925851474,0.1014857319904074,0.96,0.67,0.23843670930644922,0.16374460450702677,0.10201237813384878,0.07167912851074444,0.050419547925851474,100
Real_6,UniformSpike_05_06,vincent,gap_0.05,0.23670045454059868,0.3266502344426645,1.0,1.0,0.5824915595151495,0.45620891404750546,0.3430951656359625,0.2838203683645888,0.23670045454059868,100
Real_6,UniformSpike_05_06,vincent,gap_0.1,0.2959573531695636,0.3806127153141589,1.0,1.0,0.6324464386942117,0.5065614063222634,0.3950899887571748,0.33849454344114555,0.2959573531695636,100
Real_6,UniformSpike_05_06,vincent,gap_0.2,0.399666831703866,0.480663579445489,1.0,1.0,0.7307060732015035,0.6066415077485473,0.4957415324109614,0.43985946998452413,0.399666831703866,100
Real_6,UniformSpike_05_06,vincent,gap_0.3,0.49966890902388145,0.5784195659382102,1.0,1.0,0.8236935348527717,0.7065275363489496,0.5957442415063722,0.5398727567098038,0.49966890902388145,100
Real_6,UniformSpike_05_06,z_test,none,0.05011291873527319,0.09391150568431435,0.96,0.56,0.20658483439171824,0.1533348490766683,0.09949395458709741,0.07080299874338741,0.05011291873527319,100
