measure,method,bank,n,mean_norm,lower_norm,upper_norm,width_norm,width_original
Interception_Rate,sim2real,Sim_35,1,1.0,0.02,0.98,0.96,0.96
Interception_Rate,sim2real,Sim_35,2,0.9166666665000001,0.02,0.98,0.96,0.96
Interception_Rate,sim2real,Sim_35,3,0.8333333333333334,0.02,0.98,0.96,0.96
Interception_Rate,sim2real,Sim_35,4,0.875,0.02,0.98,0.96,0.96
Interception_Rate,sim2real,Sim_35,5,0.8,0.29000000000000004,0.98,0.69,0.69
Interception_Rate,sim2real,Sim_35,6,0.7777777778333334,0.37,0.98,0.61,0.61
Interception_Rate,sim2real,Sim_35,7,0.7857142857142857,0.43,0.98,0.55,0.55
Interception_Rate,sim2real,Sim_35,8,0.8125,0.47,0.98,0.51,0.51
Interception_Rate,sim2real,Sim_35,9,0.8333333333333334,0.51,0.98,0.47,0.47
Interception_Rate,sim2real,Sim_35,10,0.85,0.53,0.98,0.44999999999999996,0.44999999999999996
Interception_Rate,sim2real,Sim_35,11,0.8636363636363636,0.55,0.98,0.42999999999999994,0.42999999999999994
Interception_Rate,sim2real,Sim_35,12,0.875,0.5700000000000001,0.98,0.4099999999999999,0.4099999999999999
Interception_Rate,sim2real,Sim_35,13,0.8717948717692308,0.59,0.98,0.39,0.39
Interception_Rate,sim2real,Sim_35,14,0.8809523809285714,0.61,0.98,0.37,0.37
Interception_Rate,sim2real,Sim_35,15,0.8666666666666667,0.61,0.97,0.36,0.36
Interception_Rate,sim2real,Sim_35,16,0.84375,0.61,0.95,0.33999999999999997,0.33999999999999997
Interception_Rate,sim2real,Sim_35,17,0.843137254882353,0.63,0.95,0.31999999999999995,0.31999999999999995
Interception_Rate,sim2real,Sim_35,18,0.8518518518333333,0.65,0.95,0.29999999999999993,0.29999999999999993
Interception_Rate,sim2real,Sim_35,19,0.8596491227894736,0.65,0.95,0.29999999999999993,0.29999999999999993
Interception_Rate,sim2real,Sim_35,20,0.8416666666499999,0.65,0.9299999999999999,0.2799999999999999,0.2799999999999999
Interception_Rate,sim2real,Sim_35,21,0.8492063491904761,0.67,0.9299999999999999,0.2599999999999999,0.2599999999999999
Interception_Rate,sim2real,Sim_35,22,0.8560606060454545,0.67,0.9299999999999999,0.2599999999999999,0.2599999999999999
Interception_Rate,sim2real,Sim_35,23,0.8478260869565217,0.67,0.9299999999999999,0.2599999999999999,0.2599999999999999
Interception_Rate,sim2real,Sim_35,24,0.8541666666666666,0.69,0.9299999999999999,0.24,0.24
Interception_Rate,sim2real,Sim_35,25,0.8533333333199999,0.69,0.9299999999999999,0.24,0.24
Interception_Rate,sim2real,Sim_35,26,0.8525641025384615,0.71,0.9299999999999999,0.21999999999999997,0.21999999999999997
Interception_Rate,sim2real,Sim_35,27,0.8518518518148147,0.71,0.9299999999999999,0.21999999999999997,0.21999999999999997
Interception_Rate,sim2real,Sim_35,28,0.8452380952142856,0.71,0.91,0.20000000000000007,0.20000000000000007
Interception_Rate,sim2real,Sim_35,29,0.8505747126206896,0.71,0.9299999999999999,0.21999999999999997,0.21999999999999997
Interception_Rate,sim2real,Sim_35,30,0.8444444444333333,0.71,0.91,0.20000000000000007,0.20000000000000007
Interception_Rate,sim2real,Sim_35,31,0.8440860214838709,0.71,0.91,0.20000000000000007,0.20000000000000007
Interception_Rate,sim2real,Sim_35,32,0.8489583333124999,0.73,0.91,0.18000000000000005,0.18000000000000005
Interception_Rate,sim2real,Sim_35,33,0.8535353535151514,0.73,0.91,0.18000000000000005,0.18000000000000005
Interception_Rate,sim2real,Sim_35,34,0.8529411764411764,0.73,0.91,0.18000000000000005,0.18000000000000005
Interception_Rate,sim2real,Sim_35,35,0.852380952342857,0.75,0.91,0.16000000000000003,0.16000000000000003
Interception_Rate,sim2real,Sim_35,36,0.8518518518055553,0.75,0.91,0.16000000000000003,0.16000000000000003
Interception_Rate,sim2real,Sim_35,37,0.8468468468108107,0.75,0.91,0.16000000000000003,0.16000000000000003
Interception_Rate,sim2real,Sim_35,38,0.8508771929473683,0.75,0.91,0.16000000000000003,0.16000000000000003
Interception_Rate,sim2real,Sim_35,39,0.8547008546666666,0.75,0.91,0.16000000000000003,0.16000000000000003
Interception_Rate,sim2real,Sim_35,40,0.8541666666249998,0.75,0.91,0.16000000000000003,0.16000000000000003
Interception_Rate,sim2real,Sim_35,41,0.8495934959024389,0.75,0.91,0.16000000000000003,0.16000000000000003
Interception_Rate,sim2real,Sim_35,42,0.853174603142857,0.75,0.91,0.16000000000000003,0.16000000000000003
Interception_Rate,sim2real,Sim_35,43,0.8565891472558138,0.75,0.91,0.16000000000000003,0.16000000000000003
Interception_Rate,sim2real,Sim_35,44,0.8522727272499999,0.75,0.91,0.16000000000000003,0.16000000000000003
Interception_Rate,sim2real,Sim_35,45,0.8555555555333333,0.77,0.91,0.14,0.14
Interception_Rate,sim2real,Sim_35,46,0.8550724637391304,0.77,0.91,0.14,0.14
Interception_Rate,sim2real,Sim_35,47,0.8581560283404255,0.77,0.91,0.14,0.14
Interception_Rate,sim2real,Sim_35,48,0.8611111110833333,0.77,0.91,0.14,0.14
Interception_Rate,sim2real,Sim_252,1,1.0,0.02,0.98,0.96,0.96
Interception_Rate,sim2real,Sim_252,2,0.9166666665000001,0.02,0.98,0.96,0.96
Interception_Rate,sim2real,Sim_252,3,0.8333333333333334,0.02,0.98,0.96,0.96
Interception_Rate,sim2real,Sim_252,4,0.875,0.02,0.98,0.96,0.96
Interception_Rate,sim2real,Sim_252,5,0.8,0.3128125,0.98,0.6671875,0.6671875
Interception_Rate,sim2real,Sim_252,6,0.7777777778333334,0.3971875,0.98,0.5828125,0.5828125
Interception_Rate,sim2real,Sim_252,7,0.7857142857142857,0.4528125,0.98,0.5271874999999999,0.5271874999999999
Interception_Rate,sim2real,Sim_252,8,0.8125,0.4890625,0.98,0.49093749999999997,0.49093749999999997
Interception_Rate,sim2real,Sim_252,9,0.8333333333333334,0.5171875000000001,0.98,0.46281249999999985,0.46281249999999985
Interception_Rate,sim2real,Sim_252,10,0.85,0.5421875,0.98,0.43781249999999994,0.43781249999999994
Interception_Rate,sim2real,Sim_252,11,0.8636363636363636,0.5646875,0.98,0.4153125,0.4153125
Interception_Rate,sim2real,Sim_252,12,0.875,0.5859375,0.98,0.3940625,0.3940625
Interception_Rate,sim2real,Sim_252,13,0.8717948717692308,0.5990624999999999,0.98,0.38093750000000004,0.38093750000000004
Interception_Rate,sim2real,Sim_252,14,0.8809523809285714,0.6190625,0.98,0.3609375,0.3609375
Interception_Rate,sim2real,Sim_252,15,0.8666666666666667,0.6221875000000001,0.9721875,0.34999999999999987,0.34999999999999987
Interception_Rate,sim2real,Sim_252,16,0.84375,0.6140625,0.9521875,0.338125,0.338125
Interception_Rate,sim2real,Sim_252,17,0.843137254882353,0.6246875000000001,0.9459375,0.3212499999999999,0.3212499999999999
Interception_Rate,sim2real,Sim_252,18,0.8518518518333333,0.6415625,0.9490624999999999,0.3074999999999999,0.3074999999999999
Interception_Rate,sim2real,Sim_252,19,0.8596491227894736,0.6578124999999999,0.9521875,0.29437500000000005,0.29437500000000005
Interception_Rate,sim2real,Sim_252,20,0.8416666666499999,0.6484375,0.9378124999999999,0.28937499999999994,0.28937499999999994
Interception_Rate,sim2real,Sim_252,21,0.8492063491904761,0.6634375000000001,0.9409375,0.27749999999999986,0.27749999999999986
Interception_Rate,sim2real,Sim_252,22,0.8560606060454545,0.6778124999999999,0.9434374999999999,0.265625,0.265625
Interception_Rate,sim2real,Sim_252,23,0.8478260869565217,0.6771875,0.9353125,0.25812499999999994,0.25812499999999994
Interception_Rate,sim2real,Sim_252,24,0.8541666666666666,0.6896875,0.9378124999999999,0.24812499999999993,0.24812499999999993
Interception_Rate,sim2real,Sim_252,25,0.8533333333199999,0.6959375,0.9340624999999999,0.23812499999999992,0.23812499999999992
Interception_Rate,sim2real,Sim_252,26,0.8525641025384615,0.7015624999999999,0.9309375,0.2293750000000001,0.2293750000000001
Interception_Rate,sim2real,Sim_252,27,0.8518518518148147,0.7071875000000001,0.9284375,0.22124999999999995,0.22124999999999995
Interception_Rate,sim2real,Sim_252,28,0.8452380952142856,0.7053125,0.9215625000000001,0.21625000000000005,0.21625000000000005
Interception_Rate,sim2real,Sim_252,29,0.8505747126206896,0.7153125,0.9246875000000001,0.2093750000000001,0.2093750000000001
Interception_Rate,sim2real,Sim_252,30,0.8444444444333333,0.7134375,0.9184375,0.20500000000000007,0.20500000000000007
Interception_Rate,sim2real,Sim_252,31,0.8440860214838709,0.7171875000000001,0.9165625,0.19937499999999986,0.19937499999999986
Interception_Rate,sim2real,Sim_252,32,0.8489583333124999,0.7259375,0.9190625,0.193125,0.193125
Interception_Rate,sim2real,Sim_252,33,0.8535353535151514,0.7340625,0.9215625000000001,0.1875000000000001,0.1875000000000001
Interception_Rate,sim2real,Sim_252,34,0.8529411764411764,0.7371875000000001,0.9190625,0.1818749999999999,0.1818749999999999
Interception_Rate,sim2real,Sim_252,35,0.852380952342857,0.7396875,0.9171875,0.1775,0.1775
Interception_Rate,sim2real,Sim_252,36,0.8518518518055553,0.7421875,0.9153125,0.17312499999999997,0.17312499999999997
Interception_Rate,sim2real,Sim_252,37,0.8468468468108107,0.7403124999999999,0.9109375000000001,0.17062500000000014,0.17062500000000014
Interception_Rate,sim2real,Sim_252,38,0.8508771929473683,0.7459375,0.9128125,0.166875,0.166875
Interception_Rate,sim2real,Sim_252,39,0.8547008546666666,0.7521875,0.9153125,0.16312499999999996,0.16312499999999996
Interception_Rate,sim2real,Sim_252,40,0.8541666666249998,0.7540625,0.9134375000000001,0.15937500000000016,0.15937500000000016
Interception_Rate,sim2real,Sim_252,41,0.8495934959024389,0.7515624999999999,0.9096875,0.15812500000000007,0.15812500000000007
Interception_Rate,sim2real,Sim_252,42,0.853174603142857,0.7571875000000001,0.9115625,0.15437499999999993,0.15437499999999993
Interception_Rate,sim2real,Sim_252,43,0.8565891472558138,0.7615624999999999,0.9134375000000001,0.1518750000000002,0.1518750000000002
Interception_Rate,sim2real,Sim_252,44,0.8522727272499999,0.7596875000000001,0.9096875,0.1499999999999999,0.1499999999999999
Interception_Rate,sim2real,Sim_252,45,0.8555555555333333,0.7640625,0.9115625,0.14750000000000008,0.14750000000000008
Interception_Rate,sim2real,Sim_252,46,0.8550724637391304,0.7653125000000001,0.9103125000000001,0.14500000000000002,0.14500000000000002
Interception_Rate,sim2real,Sim_252,47,0.8581560283404255,0.7690625,0.9121875000000002,0.14312500000000017,0.14312500000000017
Interception_Rate,sim2real,Sim_252,48,0.8611111110833333,0.7728124999999999,0.9140625,0.1412500000000001,0.1412500000000001
Interception_Rate,sim2real,Sim_756,1,1.0,0.02,0.98,0.96,0.96
Interception_Rate,sim2real,Sim_756,2,0.9166666665000001,0.02,0.98,0.96,0.96
Interception_Rate,sim2real,Sim_756,3,0.8333333333333334,0.02,0.98,0.96,0.96
Interception_Rate,sim2real,Sim_756,4,0.875,0.1159375,0.98,0.8640625,0.8640625
Interception_Rate,sim2real,Sim_756,5,0.8,0.31906249999999997,0.98,0.6609375,0.6609375
Interception_Rate,sim2real,Sim_756,6,0.7777777778333334,0.3959375,0.98,0.5840624999999999,0.5840624999999999
Interception_Rate,sim2real,Sim_756,7,0.7857142857142857,0.4528125,0.98,0.5271874999999999,0.5271874999999999
Interception_Rate,sim2real,Sim_756,8,0.8125,0.4896875,0.98,0.4903125,0.4903125
Interception_Rate,sim2real,Sim_756,9,0.8333333333333334,0.5190625,0.98,0.4609375,0.4609375
Interception_Rate,sim2real,Sim_756,10,0.85,0.5440625,0.98,0.4359375,0.4359375
Interception_Rate,sim2real,Sim_756,11,0.8636363636363636,0.5665625000000001,0.98,0.4134374999999999,0.4134374999999999
Interception_Rate,sim2real,Sim_756,12,0.875,0.5878124999999998,0.98,0.39218750000000013,0.39218750000000013
Interception_Rate,sim2real,Sim_756,13,0.8717948717692308,0.6003125,0.98,0.37968749999999996,0.37968749999999996
Interception_Rate,sim2real,Sim_756,14,0.8809523809285714,0.6196875,0.98,0.36031250000000004,0.36031250000000004
Interception_Rate,sim2real,Sim_756,15,0.8666666666666667,0.6221875000000001,0.98,0.35781249999999987,0.35781249999999987
Interception_Rate,sim2real,Sim_756,16,0.84375,0.6146875,0.9596875,0.345,0.345
Interception_Rate,sim2real,Sim_756,17,0.843137254882353,0.6253124999999999,0.9528124999999998,0.3274999999999999,0.3274999999999999
Interception_Rate,sim2real,Sim_756,18,0.8518518518333333,0.6409375,0.9559375,0.31499999999999995,0.31499999999999995
Interception_Rate,sim2real,Sim_756,19,0.8596491227894736,0.6565624999999999,0.9584375,0.3018750000000001,0.3018750000000001
Interception_Rate,sim2real,Sim_756,20,0.8416666666499999,0.6478124999999999,0.9421875,0.29437500000000005,0.29437500000000005
Interception_Rate,sim2real,Sim_756,21,0.8492063491904761,0.6615625,0.9453125,0.28374999999999995,0.28374999999999995
Interception_Rate,sim2real,Sim_756,22,0.8560606060454545,0.6753125,0.9478125,0.27249999999999996,0.27249999999999996
Interception_Rate,sim2real,Sim_756,23,0.8478260869565217,0.6746875000000001,0.9384375,0.26374999999999993,0.26374999999999993
Interception_Rate,sim2real,Sim_756,24,0.8541666666666666,0.6865625,0.9409375,0.254375,0.254375
Interception_Rate,sim2real,Sim_756,25,0.8533333333199999,0.6928124999999998,0.9371875000000001,0.24437500000000023,0.24437500000000023
Interception_Rate,sim2real,Sim_756,26,0.8525641025384615,0.6971875000000001,0.9340624999999999,0.23687499999999984,0.23687499999999984
Interception_Rate,sim2real,Sim_756,27,0.8518518518148147,0.7021875,0.9309375,0.22875,0.22875
Interception_Rate,sim2real,Sim_756,28,0.8452380952142856,0.7009375,0.9234375000000001,0.22250000000000014,0.22250000000000014
Interception_Rate,sim2real,Sim_756,29,0.8505747126206896,0.7090624999999999,0.9265625,0.21750000000000003,0.21750000000000003
Interception_Rate,sim2real,Sim_756,30,0.8444444444333333,0.7071875000000001,0.9196875,0.2124999999999999,0.2124999999999999
Interception_Rate,sim2real,Sim_756,31,0.8440860214838709,0.7109375,0.9171875,0.20625000000000004,0.20625000000000004
Interception_Rate,sim2real,Sim_756,32,0.8489583333124999,0.7184375000000001,0.9203125000000001,0.20187500000000003,0.20187500000000003
Interception_Rate,sim2real,Sim_756,33,0.8535353535151514,0.7246874999999999,0.9228125,0.1981250000000001,0.1981250000000001
Interception_Rate,sim2real,Sim_756,34,0.8529411764411764,0.7278125,0.9203125000000001,0.19250000000000012,0.19250000000000012
Interception_Rate,sim2real,Sim_756,35,0.852380952342857,0.7303124999999999,0.9184375,0.1881250000000001,0.1881250000000001
Interception_Rate,sim2real,Sim_756,36,0.8518518518055553,0.7328124999999999,0.9159375000000001,0.1831250000000002,0.1831250000000002
Interception_Rate,sim2real,Sim_756,37,0.8468468468108107,0.7309375,0.9109375000000001,0.18000000000000005,0.18000000000000005
Interception_Rate,sim2real,Sim_756,38,0.8508771929473683,0.7365625,0.9134375000000001,0.17687500000000012,0.17687500000000012
Interception_Rate,sim2real,Sim_756,39,0.8547008546666666,0.7415624999999999,0.9159375000000001,0.17437500000000017,0.17437500000000017
Interception_Rate,sim2real,Sim_756,40,0.8541666666249998,0.7434375,0.9140625,0.17062500000000003,0.17062500000000003
Interception_Rate,sim2real,Sim_756,41,0.8495934959024389,0.7421875,0.9096875,0.16749999999999998,0.16749999999999998
Interception_Rate,sim2real,Sim_756,42,0.853174603142857,0.7465625,0.9121875000000002,0.16562500000000013,0.16562500000000013
Interception_Rate,sim2real,Sim_756,43,0.8565891472558138,0.7515624999999999,0.9140625,0.1625000000000001,0.1625000000000001
Interception_Rate,sim2real,Sim_756,44,0.8522727272499999,0.7496875000000001,0.9096875,0.15999999999999992,0.15999999999999992
Interception_Rate,sim2real,Sim_756,45,0.8555555555333333,0.7540625,0.9121875000000002,0.15812500000000018,0.15812500000000018
Interception_Rate,sim2real,Sim_756,46,0.8550724637391304,0.7559375,0.9103125000000001,0.15437500000000004,0.15437500000000004
Interception_Rate,sim2real,Sim_756,47,0.8581560283404255,0.7603125,0.9128125,0.15250000000000008,0.15250000000000008
Interception_Rate,sim2real,Sim_756,48,0.8611111110833333,0.7640625,0.9146875000000001,0.15062500000000012,0.15062500000000012
Interception_Rate,sim2real,Sim_10080,1,1.0,0.02,0.98,0.96,0.96
Interception_Rate,sim2real,Sim_10080,2,0.9166666665000001,0.02,0.98,0.96,0.96
Interception_Rate,sim2real,Sim_10080,3,0.8333333333333334,0.02,0.98,0.96,0.96
Interception_Rate,sim2real,Sim_10080,4,0.875,0.02,0.98,0.96,0.96
Interception_Rate,sim2real,Sim_10080,5,0.8,0.24906250000000002,0.98,0.7309375,0.7309375
Interception_Rate,sim2real,Sim_10080,6,0.7777777778333334,0.3790625,0.98,0.6009374999999999,0.6009374999999999
Interception_Rate,sim2real,Sim_10080,7,0.7857142857142857,0.4521875,0.98,0.5278125,0.5278125
Interception_Rate,sim2real,Sim_10080,8,0.8125,0.4940625,0.98,0.48593749999999997,0.48593749999999997
Interception_Rate,sim2real,Sim_10080,9,0.8333333333333334,0.5265625,0.98,0.45343749999999994,0.45343749999999994
Interception_Rate,sim2real,Sim_10080,10,0.85,0.5546875,0.98,0.4253125,0.4253125
Interception_Rate,sim2real,Sim_10080,11,0.8636363636363636,0.5803125,0.98,0.3996875,0.3996875
Interception_Rate,sim2real,Sim_10080,12,0.875,0.6040625,0.98,0.37593750000000004,0.37593750000000004
Interception_Rate,sim2real,Sim_10080,13,0.8717948717692308,0.6178124999999999,0.98,0.3621875000000001,0.3621875000000001
Interception_Rate,sim2real,Sim_10080,14,0.8809523809285714,0.6384375,0.98,0.3415625,0.3415625
Interception_Rate,sim2real,Sim_10080,15,0.8666666666666667,0.6403125000000001,0.9753125,0.33499999999999996,0.33499999999999996
Interception_Rate,sim2real,Sim_10080,16,0.84375,0.6309375,0.9584375,0.3275,0.3275
Interception_Rate,sim2real,Sim_10080,17,0.843137254882353,0.6409375,0.9540624999999999,0.3131249999999999,0.3131249999999999
Interception_Rate,sim2real,Sim_10080,18,0.8518518518333333,0.6571875,0.9559375,0.29874999999999996,0.29874999999999996
Interception_Rate,sim2real,Sim_10080,19,0.8596491227894736,0.6721875000000002,0.9578125,0.2856249999999998,0.2856249999999998
Interception_Rate,sim2real,Sim_10080,20,0.8416666666499999,0.6621875000000002,0.9471875000000001,0.2849999999999999,0.2849999999999999
Interception_Rate,sim2real,Sim_10080,21,0.8492063491904761,0.6759375000000001,0.9490624999999999,0.27312499999999984,0.27312499999999984
Interception_Rate,sim2real,Sim_10080,22,0.8560606060454545,0.6890624999999999,0.9503124999999999,0.26125,0.26125
Interception_Rate,sim2real,Sim_10080,23,0.8478260869565217,0.6878124999999999,0.9440624999999999,0.25625,0.25625
Interception_Rate,sim2real,Sim_10080,24,0.8541666666666666,0.6996875,0.9459375,0.24624999999999997,0.24624999999999997
Interception_Rate,sim2real,Sim_10080,25,0.8533333333199999,0.7046874999999999,0.9434374999999999,0.23875000000000002,0.23875000000000002
Interception_Rate,sim2real,Sim_10080,26,0.8525641025384615,0.7096875,0.9409375,0.23124999999999996,0.23124999999999996
Interception_Rate,sim2real,Sim_10080,27,0.8518518518148147,0.7146874999999999,0.9384375,0.22375000000000012,0.22375000000000012
Interception_Rate,sim2real,Sim_10080,28,0.8452380952142856,0.7128124999999998,0.9334374999999999,0.22062500000000007,0.22062500000000007
Interception_Rate,sim2real,Sim_10080,29,0.8505747126206896,0.7215624999999999,0.9353125,0.2137500000000001,0.2137500000000001
Interception_Rate,sim2real,Sim_10080,30,0.8444444444333333,0.7196875,0.9309375,0.21124999999999994,0.21124999999999994
Interception_Rate,sim2real,Sim_10080,31,0.8440860214838709,0.7234375,0.9290624999999999,0.20562499999999995,0.20562499999999995
Interception_Rate,sim2real,Sim_10080,32,0.8489583333124999,0.7315624999999999,0.9303124999999999,0.19874999999999998,0.19874999999999998
Interception_Rate,sim2real,Sim_10080,33,0.8535353535151514,0.7384375000000001,0.9321875,0.19374999999999987,0.19374999999999987
Interception_Rate,sim2real,Sim_10080,34,0.8529411764411764,0.7415624999999999,0.9303124999999999,0.18874999999999997,0.18874999999999997
Interception_Rate,sim2real,Sim_10080,35,0.852380952342857,0.7440625,0.9284375,0.18437500000000007,0.18437500000000007
Interception_Rate,sim2real,Sim_10080,36,0.8518518518055553,0.7459375,0.9271875,0.18125000000000002,0.18125000000000002
Interception_Rate,sim2real,Sim_10080,37,0.8468468468108107,0.7440625,0.9234375000000001,0.17937500000000017,0.17937500000000017
Interception_Rate,sim2real,Sim_10080,38,0.8508771929473683,0.7496875000000001,0.9246875000000001,0.17500000000000004,0.17500000000000004
Interception_Rate,sim2real,Sim_10080,39,0.8547008546666666,0.7546875,0.9265625,0.171875,0.171875
Interception_Rate,sim2real,Sim_10080,40,0.8541666666249998,0.7565625,0.9246875000000001,0.16812500000000008,0.16812500000000008
Interception_Rate,sim2real,Sim_10080,41,0.8495934959024389,0.7546875,0.9215625000000001,0.1668750000000001,0.1668750000000001
Interception_Rate,sim2real,Sim_10080,42,0.853174603142857,0.7596875000000001,0.9228125,0.16312499999999996,0.16312499999999996
Interception_Rate,sim2real,Sim_10080,43,0.8565891472558138,0.7646875,0.9240625,0.15937500000000004,0.15937500000000004
Interception_Rate,sim2real,Sim_10080,44,0.8522727272499999,0.7621875,0.9209375000000001,0.15875000000000006,0.15875000000000006
Interception_Rate,sim2real,Sim_10080,45,0.8555555555333333,0.7665625,0.9221875000000002,0.15562500000000012,0.15562500000000012
Interception_Rate,sim2real,Sim_10080,46,0.8550724637391304,0.7678125,0.9209375000000001,0.15312500000000007,0.15312500000000007
Interception_Rate,sim2real,Sim_10080,47,0.8581560283404255,0.7721875,0.9228125,0.150625,0.150625
Interception_Rate,sim2real,Sim_10080,48,0.8611111110833333,0.7759375000000001,0.9240625,0.14812499999999995,0.14812499999999995
Interception_Rate,sim2real,Sim_7_biased,1,1.0,0.02,0.98,0.96,0.96
Interception_Rate,sim2real,Sim_7_biased,2,0.9166666665000001,0.02,0.98,0.96,0.96
Interception_Rate,sim2real,Sim_7_biased,3,0.8333333333333334,0.02,0.98,0.96,0.96
Interception_Rate,sim2real,Sim_7_biased,4,0.875,0.15000000000000002,0.98,0.83,0.83
Interception_Rate,sim2real,Sim_7_biased,5,0.8,0.16999999999999998,0.98,0.81,0.81
Interception_Rate,sim2real,Sim_7_biased,6,0.7777777778333334,0.19,0.98,0.79,0.79
Interception_Rate,sim2real,Sim_7_biased,7,0.7857142857142857,0.21000000000000002,0.98,0.77,0.77
Interception_Rate,sim2real,Sim_7_biased,8,0.8125,0.21000000000000002,0.98,0.77,0.77
Interception_Rate,sim2real,Sim_7_biased,9,0.8333333333333334,0.22999999999999998,0.98,0.75,0.75
Interception_Rate,sim2real,Sim_7_biased,10,0.85,0.22999999999999998,0.98,0.75,0.75
Interception_Rate,sim2real,Sim_7_biased,11,0.8636363636363636,0.22999999999999998,0.98,0.75,0.75
Interception_Rate,sim2real,Sim_7_biased,12,0.875,0.25,0.98,0.73,0.73
Interception_Rate,sim2real,Sim_7_biased,13,0.8717948717692308,0.25,0.98,0.73,0.73
Interception_Rate,sim2real,Sim_7_biased,14,0.8809523809285714,0.25,0.98,0.73,0.73
Interception_Rate,sim2real,Sim_7_biased,15,0.8666666666666667,0.25,0.98,0.73,0.73
Interception_Rate,sim2real,Sim_7_biased,16,0.84375,0.25,0.98,0.73,0.73
Interception_Rate,sim2real,Sim_7_biased,17,0.843137254882353,0.25,0.98,0.73,0.73
Interception_Rate,sim2real,Sim_7_biased,18,0.8518518518333333,0.25,0.98,0.73,0.73
Interception_Rate,sim2real,Sim_7_biased,19,0.8596491227894736,0.25,0.98,0.73,0.73
Interception_Rate,sim2real,Sim_7_biased,20,0.8416666666499999,0.27,0.98,0.71,0.71
Interception_Rate,sim2real,Sim_7_biased,21,0.8492063491904761,0.27,0.98,0.71,0.71
Interception_Rate,sim2real,Sim_7_biased,22,0.8560606060454545,0.27,0.98,0.71,0.71
Interception_Rate,sim2real,Sim_7_biased,23,0.8478260869565217,0.27,0.97,0.7,0.7
Interception_Rate,sim2real,Sim_7_biased,24,0.8541666666666666,0.27,0.97,0.7,0.7
Interception_Rate,sim2real,Sim_7_biased,25,0.8533333333199999,0.27,0.97,0.7,0.7
Interception_Rate,sim2real,Sim_7_biased,26,0.8525641025384615,0.27,0.97,0.7,0.7
Interception_Rate,sim2real,Sim_7_biased,27,0.8518518518148147,0.27,0.95,0.6799999999999999,0.6799999999999999
Interception_Rate,sim2real,Sim_7_biased,28,0.8452380952142856,0.27,0.95,0.6799999999999999,0.6799999999999999
Interception_Rate,sim2real,Sim_7_biased,29,0.8505747126206896,0.29000000000000004,0.95,0.6599999999999999,0.6599999999999999
Interception_Rate,sim2real,Sim_7_biased,30,0.8444444444333333,0.29000000000000004,0.9299999999999999,0.6399999999999999,0.6399999999999999
Interception_Rate,sim2real,Sim_7_biased,31,0.8440860214838709,0.29000000000000004,0.9299999999999999,0.6399999999999999,0.6399999999999999
Interception_Rate,sim2real,Sim_7_biased,32,0.8489583333124999,0.29000000000000004,0.9299999999999999,0.6399999999999999,0.6399999999999999
Interception_Rate,sim2real,Sim_7_biased,33,0.8535353535151514,0.29000000000000004,0.95,0.6599999999999999,0.6599999999999999
Interception_Rate,sim2real,Sim_7_biased,34,0.8529411764411764,0.29000000000000004,0.9299999999999999,0.6399999999999999,0.6399999999999999
Interception_Rate,sim2real,Sim_7_biased,35,0.852380952342857,0.29000000000000004,0.9299999999999999,0.6399999999999999,0.6399999999999999
Interception_Rate,sim2real,Sim_7_biased,36,0.8518518518055553,0.29000000000000004,0.9299999999999999,0.6399999999999999,0.6399999999999999
Interception_Rate,sim2real,Sim_7_biased,37,0.8468468468108107,0.29000000000000004,0.9299999999999999,0.6399999999999999,0.6399999999999999
Interception_Rate,sim2real,Sim_7_biased,38,0.8508771929473683,0.29000000000000004,0.9299999999999999,0.6399999999999999,0.6399999999999999
Interception_Rate,sim2real,Sim_7_biased,39,0.8547008546666666,0.29000000000000004,0.9299999999999999,0.6399999999999999,0.6399999999999999
Interception_Rate,sim2real,Sim_7_biased,40,0.8541666666249998,0.29000000000000004,0.9299999999999999,0.6399999999999999,0.6399999999999999
Interception_Rate,sim2real,Sim_7_biased,41,0.8495934959024389,0.29000000000000004,0.9299999999999999,0.6399999999999999,0.6399999999999999
Interception_Rate,sim2real,Sim_7_biased,42,0.853174603142857,0.29000000000000004,0.9299999999999999,0.6399999999999999,0.6399999999999999
Interception_Rate,sim2real,Sim_7_biased,43,0.8565891472558138,0.29000000000000004,0.9299999999999999,0.6399999999999999,0.6399999999999999
Interception_Rate,sim2real,Sim_7_biased,44,0.8522727272499999,0.29000000000000004,0.91,0.62,0.62
Interception_Rate,sim2real,Sim_7_biased,45,0.8555555555333333,0.29000000000000004,0.9299999999999999,0.6399999999999999,0.6399999999999999
Interception_Rate,sim2real,Sim_7_biased,46,0.8550724637391304,0.29000000000000004,0.91,0.62,0.62
Interception_Rate,sim2real,Sim_7_biased,47,0.8581560283404255,0.29000000000000004,0.9299999999999999,0.6399999999999999,0.6399999999999999
Interception_Rate,sim2real,Sim_7_biased,48,0.8611111110833333,0.29000000000000004,0.9299999999999999,0.6399999999999999,0.6399999999999999
Interception_Rate,e_value_wsr,none,1,1.0,0.02,0.98,0.96,0.96
Interception_Rate,e_value_wsr,none,2,0.9166666665000001,0.02,0.98,0.96,0.96
Interception_Rate,e_value_wsr,none,3,0.8333333333333334,0.02,0.98,0.96,0.96
Interception_Rate,e_value_wsr,none,4,0.875,0.02,0.98,0.96,0.96
Interception_Rate,e_value_wsr,none,5,0.8,0.02,0.98,0.96,0.96
Interception_Rate,e_value_wsr,none,6,0.7777777778333334,0.02,0.98,0.96,0.96
Interception_Rate,e_value_wsr,none,7,0.7857142857142857,0.02,0.98,0.96,0.96
Interception_Rate,e_value_wsr,none,8,0.8125,0.02,0.98,0.96,0.96
Interception_Rate,e_value_wsr,none,9,0.8333333333333334,0.32,0.98,0.6599999999999999,0.6599999999999999
Interception_Rate,e_value_wsr,none,10,0.85,0.48,0.98,0.5,0.5
Interception_Rate,e_value_wsr,none,11,0.8636363636363636,0.56,0.98,0.41999999999999993,0.41999999999999993
Interception_Rate,e_value_wsr,none,12,0.875,0.6,0.98,0.38,0.38
Interception_Rate,e_value_wsr,none,13,0.8717948717692308,0.62,0.98,0.36,0.36
Interception_Rate,e_value_wsr,none,14,0.8809523809285714,0.66,0.98,0.31999999999999995,0.31999999999999995
Interception_Rate,e_value_wsr,none,15,0.8666666666666667,0.66,0.98,0.31999999999999995,0.31999999999999995
Interception_Rate,e_value_wsr,none,16,0.84375,0.64,0.98,0.33999999999999997,0.33999999999999997
Interception_Rate,e_value_wsr,none,17,0.843137254882353,0.66,0.98,0.31999999999999995,0.31999999999999995
Interception_Rate,e_value_wsr,none,18,0.8518518518333333,0.66,0.98,0.31999999999999995,0.31999999999999995
Interception_Rate,e_value_wsr,none,19,0.8596491227894736,0.68,0.98,0.29999999999999993,0.29999999999999993
Interception_Rate,e_value_wsr,none,20,0.8416666666499999,0.68,0.98,0.29999999999999993,0.29999999999999993
Interception_Rate,e_value_wsr,none,21,0.8492063491904761,0.68,0.98,0.29999999999999993,0.29999999999999993
Interception_Rate,e_value_wsr,none,22,0.8560606060454545,0.7,0.98,0.28,0.28
Interception_Rate,e_value_wsr,none,23,0.8478260869565217,0.7,0.98,0.28,0.28
Interception_Rate,e_value_wsr,none,24,0.8541666666666666,0.7,0.98,0.28,0.28
Interception_Rate,e_value_wsr,none,25,0.8533333333199999,0.7,0.98,0.28,0.28
Interception_Rate,e_value_wsr,none,26,0.8525641025384615,0.72,0.98,0.26,0.26
Interception_Rate,e_value_wsr,none,27,0.8518518518148147,0.72,0.96,0.24,0.24
Interception_Rate,e_value_wsr,none,28,0.8452380952142856,0.72,0.96,0.24,0.24
Interception_Rate,e_value_wsr,none,29,0.8505747126206896,0.72,0.96,0.24,0.24
Interception_Rate,e_value_wsr,none,30,0.8444444444333333,0.72,0.96,0.24,0.24
Interception_Rate,e_value_wsr,none,31,0.8440860214838709,0.72,0.96,0.24,0.24
Interception_Rate,e_value_wsr,none,32,0.8489583333124999,0.72,0.96,0.24,0.24
Interception_Rate,e_value_wsr,none,33,0.8535353535151514,0.74,0.96,0.21999999999999997,0.21999999999999997
Interception_Rate,e_value_wsr,none,34,0.8529411764411764,0.74,0.96,0.21999999999999997,0.21999999999999997
Interception_Rate,e_value_wsr,none,35,0.852380952342857,0.74,0.96,0.21999999999999997,0.21999999999999997
Interception_Rate,e_value_wsr,none,36,0.8518518518055553,0.74,0.96,0.21999999999999997,0.21999999999999997
Interception_Rate,e_value_wsr,none,37,0.8468468468108107,0.74,0.94,0.19999999999999996,0.19999999999999996
Interception_Rate,e_value_wsr,none,38,0.8508771929473683,0.74,0.94,0.19999999999999996,0.19999999999999996
Interception_Rate,e_value_wsr,none,39,0.8547008546666666,0.74,0.94,0.19999999999999996,0.19999999999999996
Interception_Rate,e_value_wsr,none,40,0.8541666666249998,0.74,0.94,0.19999999999999996,0.19999999999999996
Interception_Rate,e_value_wsr,none,41,0.8495934959024389,0.74,0.94,0.19999999999999996,0.19999999999999996
Interception_Rate,e_value_wsr,none,42,0.853174603142857,0.74,0.94,0.19999999999999996,0.19999999999999996
Interception_Rate,e_value_wsr,none,43,0.8565891472558138,0.76,0.94,0.17999999999999994,0.17999999999999994
Interception_Rate,e_value_wsr,none,44,0.8522727272499999,0.76,0.94,0.17999999999999994,0.17999999999999994
Interception_Rate,e_value_wsr,none,45,0.8555555555333333,0.76,0.94,0.17999999999999994,0.17999999999999994
Interception_Rate,e_value_wsr,none,46,0.8550724637391304,0.76,0.94,0.17999999999999994,0.17999999999999994
Interception_Rate,e_value_wsr,none,47,0.8581560283404255,0.76,0.94,0.17999999999999994,0.17999999999999994
Interception_Rate,e_value_wsr,none,48,0.8611111110833333,0.76,0.94,0.17999999999999994,0.17999999999999994
Interception_Rate,e_value_constant_0.25,none,1,1.0,0.02,0.98,0.96,0.96
Interception_Rate,e_value_constant_0.25,none,2,0.9166666665000001,0.02,0.98,0.96,0.96
Interception_Rate,e_value_constant_0.25,none,3,0.8333333333333334,0.02,0.98,0.96,0.96
Interception_Rate,e_value_constant_0.25,none,4,0.875,0.02,0.98,0.96,0.96
Interception_Rate,e_value_constant_0.25,none,5,0.8,0.02,0.98,0.96,0.96
Interception_Rate,e_value_constant_0.25,none,6,0.7777777778333334,0.02,0.98,0.96,0.96
Interception_Rate,e_value_constant_0.25,none,7,0.7857142857142857,0.02,0.98,0.96,0.96
Interception_Rate,e_value_constant_0.25,none,8,0.8125,0.02,0.98,0.96,0.96
Interception_Rate,e_value_constant_0.25,none,9,0.8333333333333334,0.02,0.98,0.96,0.96
Interception_Rate,e_value_constant_0.25,none,10,0.85,0.02,0.98,0.96,0.96
Interception_Rate,e_value_constant_0.25,none,11,0.8636363636363636,0.02,0.98,0.96,0.96
Interception_Rate,e_value_constant_0.25,none,12,0.875,0.02,0.98,0.96,0.96
Interception_Rate,e_value_constant_0.25,none,13,0.8717948717692308,0.02,0.98,0.96,0.96
Interception_Rate,e_value_constant_0.25,none,14,0.8809523809285714,0.02,0.98,0.96,0.96
Interception_Rate,e_value_constant_0.25,none,15,0.8666666666666667,0.02,0.98,0.96,0.96
Interception_Rate,e_value_constant_0.25,none,16,0.84375,0.02,0.98,0.96,0.96
Interception_Rate,e_value_constant_0.25,none,17,0.843137254882353,0.02,0.98,0.96,0.96
Interception_Rate,e_value_constant_0.25,none,18,0.8518518518333333,0.02,0.98,0.96,0.96
Interception_Rate,e_value_constant_0.25,none,19,0.8596491227894736,0.02,0.98,0.96,0.96
Interception_Rate,e_value_constant_0.25,none,20,0.8416666666499999,0.02,0.98,0.96,0.96
Interception_Rate,e_value_constant_0.25,none,21,0.8492063491904761,0.06,0.98,0.9199999999999999,0.9199999999999999
Interception_Rate,e_value_constant_0.25,none,22,0.8560606060454545,0.12,0.98,0.86,0.86
Interception_Rate,e_value_constant_0.25,none,23,0.8478260869565217,0.14,0.98,0.84,0.84
Interception_Rate,e_value_constant_0.25,none,24,0.8541666666666666,0.18,0.98,0.8,0.8
Interception_Rate,e_value_constant_0.25,none,25,0.8533333333199999,0.2,0.98,0.78,0.78
Interception_Rate,e_value_constant_0.25,none,26,0.8525641025384615,0.22,0.98,0.76,0.76
Interception_Rate,e_value_constant_0.25,none,27,0.8518518518148147,0.26,0.98,0.72,0.72
Interception_Rate,e_value_constant_0.25,none,28,0.8452380952142856,0.26,0.98,0.72,0.72
Interception_Rate,e_value_constant_0.25,none,29,0.8505747126206896,0.3,0.98,0.6799999999999999,0.6799999999999999
Interception_Rate,e_value_constant_0.25,none,30,0.8444444444333333,0.3,0.98,0.6799999999999999,0.6799999999999999
Interception_Rate,e_value_constant_0.25,none,31,0.8440860214838709,0.32,0.98,0.6599999999999999,0.6599999999999999
Interception_Rate,e_value_constant_0.25,none,32,0.8489583333124999,0.34,0.98,0.6399999999999999,0.6399999999999999
Interception_Rate,e_value_constant_0.25,none,33,0.8535353535151514,0.36,0.98,0.62,0.62
Interception_Rate,e_value_constant_0.25,none,34,0.8529411764411764,0.38,0.98,0.6,0.6
Interception_Rate,e_value_constant_0.25,none,35,0.852380952342857,0.4,0.98,0.58,0.58
Interception_Rate,e_value_constant_0.25,none,36,0.8518518518055553,0.4,0.98,0.58,0.58
Interception_Rate,e_value_constant_0.25,none,37,0.8468468468108107,0.42,0.98,0.56,0.56
Interception_Rate,e_value_constant_0.25,none,38,0.8508771929473683,0.44,0.98,0.54,0.54
Interception_Rate,e_value_constant_0.25,none,39,0.8547008546666666,0.44,0.98,0.54,0.54
Interception_Rate,e_value_constant_0.25,none,40,0.8541666666249998,0.46,0.98,0.52,0.52
Interception_Rate,e_value_constant_0.25,none,41,0.8495934959024389,0.46,0.98,0.52,0.52
Interception_Rate,e_value_constant_0.25,none,42,0.853174603142857,0.48,0.98,0.5,0.5
Interception_Rate,e_value_constant_0.25,none,43,0.8565891472558138,0.48,0.98,0.5,0.5
Interception_Rate,e_value_constant_0.25,none,44,0.8522727272499999,0.48,0.98,0.5,0.5
Interception_Rate,e_value_constant_0.25,none,45,0.8555555555333333,0.5,0.98,0.48,0.48
Interception_Rate,e_value_constant_0.25,none,46,0.8550724637391304,0.5,0.98,0.48,0.48
Interception_Rate,e_value_constant_0.25,none,47,0.8581560283404255,0.52,0.98,0.45999999999999996,0.45999999999999996
Interception_Rate,e_value_constant_0.25,none,48,0.8611111110833333,0.52,0.98,0.45999999999999996,0.45999999999999996
Interception_Rate,e_value_constant_0.5,none,1,1.0,0.02,0.98,0.96,0.96
Interception_Rate,e_value_constant_0.5,none,2,0.9166666665000001,0.02,0.98,0.96,0.96
Interception_Rate,e_value_constant_0.5,none,3,0.8333333333333334,0.02,0.98,0.96,0.96
Interception_Rate,e_value_constant_0.5,none,4,0.875,0.02,0.98,0.96,0.96
Interception_Rate,e_value_constant_0.5,none,5,0.8,0.02,0.98,0.96,0.96
Interception_Rate,e_value_constant_0.5,none,6,0.7777777778333334,0.02,0.98,0.96,0.96
Interception_Rate,e_value_constant_0.5,none,7,0.7857142857142857,0.02,0.98,0.96,0.96
Interception_Rate,e_value_constant_0.5,none,8,0.8125,0.02,0.98,0.96,0.96
Interception_Rate,e_value_constant_0.5,none,9,0.8333333333333334,0.02,0.98,0.96,0.96
Interception_Rate,e_value_constant_0.5,none,10,0.85,0.02,0.98,0.96,0.96
Interception_Rate,e_value_constant_0.5,none,11,0.8636363636363636,0.06,0.98,0.9199999999999999,0.9199999999999999
Interception_Rate,e_value_constant_0.5,none,12,0.875,0.14,0.98,0.84,0.84
Interception_Rate,e_value_constant_0.5,none,13,0.8717948717692308,0.2,0.98,0.78,0.78
Interception_Rate,e_value_constant_0.5,none,14,0.8809523809285714,0.26,0.98,0.72,0.72
Interception_Rate,e_value_constant_0.5,none,15,0.8666666666666667,0.3,0.98,0.6799999999999999,0.6799999999999999
Interception_Rate,e_value_constant_0.5,none,16,0.84375,0.3,0.98,0.6799999999999999,0.6799999999999999
Interception_Rate,e_value_constant_0.5,none,17,0.843137254882353,0.34,0.98,0.6399999999999999,0.6399999999999999
Interception_Rate,e_value_constant_0.5,none,18,0.8518518518333333,0.38,0.98,0.6,0.6
Interception_Rate,e_value_constant_0.5,none,19,0.8596491227894736,0.42,0.98,0.56,0.56
Interception_Rate,e_value_constant_0.5,none,20,0.8416666666499999,0.42,0.98,0.56,0.56
Interception_Rate,e_value_constant_0.5,none,21,0.8492063491904761,0.44,0.98,0.54,0.54
Interception_Rate,e_value_constant_0.5,none,22,0.8560606060454545,0.48,0.98,0.5,0.5
Interception_Rate,e_value_constant_0.5,none,23,0.8478260869565217,0.48,0.98,0.5,0.5
Interception_Rate,e_value_constant_0.5,none,24,0.8541666666666666,0.5,0.98,0.48,0.48
Interception_Rate,e_value_constant_0.5,none,25,0.8533333333199999,0.52,0.98,0.45999999999999996,0.45999999999999996
Interception_Rate,e_value_constant_0.5,none,26,0.8525641025384615,0.54,0.98,0.43999999999999995,0.43999999999999995
Interception_Rate,e_value_constant_0.5,none,27,0.8518518518148147,0.54,0.98,0.43999999999999995,0.43999999999999995
Interception_Rate,e_value_constant_0.5,none,28,0.8452380952142856,0.54,0.98,0.43999999999999995,0.43999999999999995
Interception_Rate,e_value_constant_0.5,none,29,0.8505747126206896,0.56,0.98,0.41999999999999993,0.41999999999999993
Interception_Rate,e_value_constant_0.5,none,30,0.8444444444333333,0.56,0.98,0.41999999999999993,0.41999999999999993
Interception_Rate,e_value_constant_0.5,none,31,0.8440860214838709,0.58,0.98,0.4,0.4
Interception_Rate,e_value_constant_0.5,none,32,0.8489583333124999,0.58,0.98,0.4,0.4
Interception_Rate,e_value_constant_0.5,none,33,0.8535353535151514,0.6,0.98,0.38,0.38
Interception_Rate,e_value_constant_0.5,none,34,0.8529411764411764,0.6,0.98,0.38,0.38
Interception_Rate,e_value_constant_0.5,none,35,0.852380952342857,0.62,0.98,0.36,0.36
Interception_Rate,e_value_constant_0.5,none,36,0.8518518518055553,0.62,0.98,0.36,0.36
Interception_Rate,e_value_constant_0.5,none,37,0.8468468468108107,0.62,0.98,0.36,0.36
Interception_Rate,e_value_constant_0.5,none,38,0.8508771929473683,0.64,0.98,0.33999999999999997,0.33999999999999997
Interception_Rate,e_value_constant_0.5,none,39,0.8547008546666666,0.64,0.98,0.33999999999999997,0.33999999999999997
Interception_Rate,e_value_constant_0.5,none,40,0.8541666666249998,0.64,0.98,0.33999999999999997,0.33999999999999997
Interception_Rate,e_value_constant_0.5,none,41,0.8495934959024389,0.64,0.98,0.33999999999999997,0.33999999999999997
Interception_Rate,e_value_constant_0.5,none,42,0.853174603142857,0.66,0.98,0.31999999999999995,0.31999999999999995
Interception_Rate,e_value_constant_0.5,none,43,0.8565891472558138,0.66,0.98,0.31999999999999995,0.31999999999999995
Interception_Rate,e_value_constant_0.5,none,44,0.8522727272499999,0.66,0.98,0.31999999999999995,0.31999999999999995
Interception_Rate,e_value_constant_0.5,none,45,0.8555555555333333,0.66,0.98,0.31999999999999995,0.31999999999999995
Interception_Rate,e_value_constant_0.5,none,46,0.8550724637391304,0.68,0.98,0.29999999999999993,0.29999999999999993
Interception_Rate,e_value_constant_0.5,none,47,0.8581560283404255,0.68,0.98,0.29999999999999993,0.29999999999999993
Interception_Rate,e_value_constant_0.5,none,48,0.8611111110833333,0.68,0.98,0.29999999999999993,0.29999999999999993
Interception_Rate,hoeffding,none,1,1.0,0.0,1.0,1.0,1.0
Interception_Rate,hoeffding,none,2,0.9166666665000001,0.0,1.0,1.0,1.0
Interception_Rate,hoeffding,none,3,0.8333333333333334,0.04923305763364805,1.0,0.950766942366352,0.950766942366352
Interception_Rate,hoeffding,none,4,0.875,0.19594924212969034,1.0,0.8040507578703097,0.8040507578703097
Interception_Rate,hoeffding,none,5,0.8,0.19263853809169496,1.0,0.807361461908305,0.807361461908305
Interception_Rate,hoeffding,none,6,0.7777777778333334,0.2233351557558444,1.0,0.7766648442441556,0.7766648442441556
Interception_Rate,hoeffding,none,7,0.7857142857142857,0.2724001620243498,1.0,0.7275998379756502,0.7275998379756502
Interception_Rate,hoeffding,none,8,0.8125,0.3323386043400397,1.0,0.6676613956599603,0.6676613956599603
Interception_Rate,hoeffding,none,9,0.8333333333333334,0.38063282808646026,1.0,0.6193671719135397,0.6193671719135397
Interception_Rate,hoeffding,none,10,0.85,0.42053059165326245,1.0,0.5794694083467375,0.5794694083467375
Interception_Rate,hoeffding,none,11,0.8636363636363636,0.45415334955231074,1.0,0.5458466504476893,0.5458466504476893
Interception_Rate,hoeffding,none,12,0.875,0.48294986215015734,1.0,0.5170501378498427,0.5170501378498427
Interception_Rate,hoeffding,none,13,0.8717948717692308,0.4951252831316795,1.0,0.5048747168683205,0.5048747168683205
Interception_Rate,hoeffding,none,14,0.8809523809285714,0.5179844831885876,1.0,0.4820155168114124,0.4820155168114124
Interception_Rate,hoeffding,none,15,0.8666666666666667,0.5160063631385021,1.0,0.4839936368614979,0.4839936368614979
Interception_Rate,hoeffding,none,16,0.84375,0.5042246210648451,1.0,0.4957753789351549,0.4957753789351549
Interception_Rate,hoeffding,none,17,0.843137254882353,0.5137492548994107,1.0,0.4862507451005893,0.4862507451005893
Interception_Rate,hoeffding,none,18,0.8518518518333333,0.5317442547266931,1.0,0.46825574527330693,0.46825574527330693
Interception_Rate,hoeffding,none,19,0.8596491227894736,0.5480792668851171,1.0,0.4519207331148829,0.4519207331148829
Interception_Rate,hoeffding,none,20,0.8416666666499999,0.5379859356958474,1.0,0.4620140643041526,0.4620140643041526
Interception_Rate,hoeffding,none,21,0.8492063491904761,0.5528443016992548,1.0,0.4471556983007452,0.4471556983007452
Interception_Rate,hoeffding,none,22,0.8560606060454545,0.5665123900059141,1.0,0.43348760999408587,0.43348760999408587
Interception_Rate,hoeffding,none,23,0.8478260869565217,0.5646423451718414,1.0,0.4353576548281586,0.4353576548281586
Interception_Rate,hoeffding,none,24,0.8541666666666666,0.5769453556279222,1.0,0.42305464437207785,0.42305464437207785
Interception_Rate,hoeffding,none,25,0.8533333333199999,0.581713030171876,1.0,0.41828696982812397,0.41828696982812397
Interception_Rate,hoeffding,none,26,0.8525641025384615,0.5862184821461016,1.0,0.4137815178538984,0.4137815178538984
Interception_Rate,hoeffding,none,27,0.8518518518148147,0.5904850932482529,1.0,0.40951490675174707,0.40951490675174707
Interception_Rate,hoeffding,none,28,0.8452380952142856,0.5885810333693177,1.0,0.41141896663068234,0.41141896663068234
Interception_Rate,hoeffding,none,29,0.8505747126206896,0.5983815923764686,1.0,0.4016184076235314,0.4016184076235314
Interception_Rate,hoeffding,none,30,0.8444444444333333,0.5964901659156351,1.0,0.4035098340843649,0.4035098340843649
Interception_Rate,hoeffding,none,31,0.8440860214838709,0.6001637885662562,1.0,0.3998362114337438,0.3998362114337438
Interception_Rate,hoeffding,none,32,0.8489583333124999,0.6088776354825198,1.0,0.39112236451748017,0.39112236451748017
Interception_Rate,hoeffding,none,33,0.8535353535151514,0.6171202251051442,1.0,0.3828797748948558,0.3828797748948558
Interception_Rate,hoeffding,none,34,0.8529411764411764,0.6200286880117635,1.0,0.3799713119882365,0.3799713119882365
Interception_Rate,hoeffding,none,35,0.852380952342857,0.6228198974665706,1.0,0.3771801025334294,0.3771801025334294
Interception_Rate,hoeffding,none,36,0.8518518518055553,0.6255015991821188,1.0,0.3744984008178812,0.3744984008178812
Interception_Rate,hoeffding,none,37,0.8468468468108107,0.6235763329651821,1.0,0.3764236670348179,0.3764236670348179
Interception_Rate,hoeffding,none,38,0.8508771929473683,0.6305640350240824,1.0,0.3694359649759176,0.3694359649759176
Interception_Rate,hoeffding,none,39,0.8547008546666666,0.6372305662712308,1.0,0.36276943372876924,0.36276943372876924
Interception_Rate,hoeffding,none,40,0.8541666666249998,0.6394319624516311,1.0,0.36056803754836886,0.36056803754836886
Interception_Rate,hoeffding,none,41,0.8495934959024389,0.6374936731626084,1.0,0.3625063268373916,0.3625063268373916
Interception_Rate,hoeffding,none,42,0.853174603142857,0.6436149896754847,1.0,0.3563850103245153,0.3563850103245153
Interception_Rate,hoeffding,none,43,0.8565891472558138,0.649480607738826,1.0,0.350519392261174,0.350519392261174
Interception_Rate,hoeffding,none,44,0.8522727272499999,0.6475312202079735,1.0,0.3524687797920265,0.3524687797920265
Interception_Rate,hoeffding,none,45,0.8555555555333333,0.6531017348972316,1.0,0.34689826510276844,0.34689826510276844
Interception_Rate,hoeffding,none,46,0.8550724637391304,0.6548313196014026,1.0,0.3451686803985974,0.3451686803985974
Interception_Rate,hoeffding,none,47,0.8581560283404255,0.6600565622936423,1.0,0.3399434377063577,0.3399434377063577
Interception_Rate,hoeffding,none,48,0.8611111110833333,0.6650860421584119,1.0,0.33491395784158806,0.33491395784158806
Interception_Rate,empirical_bernstein,none,1,1.0,0.0,1.0,1.0,1.0
Interception_Rate,empirical_bernstein,none,2,0.9166666665000001,0.0,1.0,1.0,1.0
Interception_Rate,empirical_bernstein,none,3,0.8333333333333334,0.0,1.0,1.0,1.0
Interception_Rate,empirical_bernstein,none,4,0.875,0.0,1.0,1.0,1.0
Interception_Rate,empirical_bernstein,none,5,0.8,0.0,1.0,1.0,1.0
Interception_Rate,empirical_bernstein,none,6,0.7777777778333334,0.0,1.0,1.0,1.0
Interception_Rate,empirical_bernstein,none,7,0.7857142857142857,0.0,1.0,1.0,1.0
Interception_Rate,empirical_bernstein,none,8,0.8125,0.0,1.0,1.0,1.0
Interception_Rate,empirical_bernstein,none,9,0.8333333333333334,0.0,1.0,1.0,1.0
Interception_Rate,empirical_bernstein,none,10,0.85,0.0,1.0,1.0,1.0
Interception_Rate,empirical_bernstein,none,11,0.8636363636363636,0.0,1.0,1.0,1.0
Interception_Rate,empirical_bernstein,none,12,0.875,0.0,1.0,1.0,1.0
Interception_Rate,empirical_bernstein,none,13,0.8717948717692308,0.03234518388937846,1.0,0.9676548161106215,0.9676548161106215
Interception_Rate,empirical_bernstein,none,14,0.8809523809285714,0.10289997041568855,1.0,0.8971000295843115,0.8971000295843115
Interception_Rate,empirical_bernstein,none,15,0.8666666666666667,0.13732824880293293,1.0,0.8626717511970671,0.8626717511970671
Interception_Rate,empirical_bernstein,none,16,0.84375,0.1467975845945233,1.0,0.8532024154054767,0.8532024154054767
Interception_Rate,empirical_bernstein,none,17,0.843137254882353,0.18928044552376277,1.0,0.8107195544762372,0.8107195544762372
Interception_Rate,empirical_bernstein,none,18,0.8518518518333333,0.23368732214526222,1.0,0.7663126778547378,0.7663126778547378
Interception_Rate,empirical_bernstein,none,19,0.8596491227894736,0.273513472731015,1.0,0.726486527268985,0.726486527268985
Interception_Rate,empirical_bernstein,none,20,0.8416666666499999,0.27558448829699755,1.0,0.7244155117030024,0.7244155117030024
Interception_Rate,empirical_bernstein,none,21,0.8492063491904761,0.30932004383282885,1.0,0.6906799561671711,0.6906799561671711
Interception_Rate,empirical_bernstein,none,22,0.8560606060454545,0.3400754589726329,1.0,0.6599245410273671,0.6599245410273671
Interception_Rate,empirical_bernstein,none,23,0.8478260869565217,0.35275455780507103,1.0,0.647245442194929,0.647245442194929
Interception_Rate,empirical_bernstein,none,24,0.8541666666666666,0.37901362451326004,1.0,0.62098637548674,0.62098637548674
Interception_Rate,empirical_bernstein,none,25,0.8533333333199999,0.39778475578913014,1.0,0.6022152442108699,0.6022152442108699
Interception_Rate,empirical_bernstein,none,26,0.8525641025384615,0.41506585809126084,1.0,0.5849341419087392,0.5849341419087392
Interception_Rate,empirical_bernstein,none,27,0.8518518518148147,0.4310276191108645,1.0,0.5689723808891355,0.5689723808891355
Interception_Rate,empirical_bernstein,none,28,0.8452380952142856,0.43810204126319635,1.0,0.5618979587368036,0.5618979587368036
Interception_Rate,empirical_bernstein,none,29,0.8505747126206896,0.4566894246742947,1.0,0.5433105753257053,0.5433105753257053
Interception_Rate,empirical_bernstein,none,30,0.8444444444333333,0.4624540488985489,1.0,0.5375459511014511,0.5375459511014511
Interception_Rate,empirical_bernstein,none,31,0.8440860214838709,0.4747314803763706,1.0,0.5252685196236294,0.5252685196236294
Interception_Rate,empirical_bernstein,none,32,0.8489583333124999,0.4903800918934116,1.0,0.5096199081065884,0.5096199081065884
Interception_Rate,empirical_bernstein,none,33,0.8535353535151514,0.5051368001297041,1.0,0.4948631998702959,0.4948631998702959
Interception_Rate,empirical_bernstein,none,34,0.8529411764411764,0.515012975733853,1.0,0.48498702426614704,0.48498702426614704
Interception_Rate,empirical_bernstein,none,35,0.852380952342857,0.5243120126978593,1.0,0.4756879873021407,0.4756879873021407
Interception_Rate,empirical_bernstein,none,36,0.8518518518055553,0.5330830732555918,1.0,0.4669169267444082,0.4669169267444082
Interception_Rate,empirical_bernstein,none,37,0.8468468468108107,0.535620658103797,1.0,0.464379341896203,0.464379341896203
Interception_Rate,empirical_bernstein,none,38,0.8508771929473683,0.5471853636293382,1.0,0.45281463637066177,0.45281463637066177
Interception_Rate,empirical_bernstein,none,39,0.8547008546666666,0.5581981034849253,1.0,0.44180189651507473,0.44180189651507473
Interception_Rate,empirical_bernstein,none,40,0.8541666666249998,0.565206645285351,1.0,0.43479335471464897,0.43479335471464897
Interception_Rate,empirical_bernstein,none,41,0.8495934959024389,0.5666950307773344,1.0,0.4333049692226656,0.4333049692226656
Interception_Rate,empirical_bernstein,none,42,0.853174603142857,0.5764417940379751,1.0,0.42355820596202487,0.42355820596202487
Interception_Rate,empirical_bernstein,none,43,0.8565891472558138,0.5857674937505502,1.0,0.41423250624944985,0.41423250624944985
Interception_Rate,empirical_bernstein,none,44,0.8522727272499999,0.586679558160856,1.0,0.41332044183914396,0.41332044183914396
Interception_Rate,empirical_bernstein,none,45,0.8555555555333333,0.5953607386984388,1.0,0.40463926130156125,0.40463926130156125
Interception_Rate,empirical_bernstein,none,46,0.8550724637391304,0.6006152285949705,1.0,0.3993847714050295,0.3993847714050295
Interception_Rate,empirical_bernstein,none,47,0.8581560283404255,0.6086485721910063,1.0,0.3913514278089937,0.3913514278089937
Interception_Rate,empirical_bernstein,none,48,0.8611111110833333,0.6163705158969139,1.0,0.38362948410308606,0.38362948410308606
Interception_Rate,t_test,none,1,1.0,0.0,1.0,1.0,1.0
Interception_Rate,t_test,none,2,0.9166666665000001,0.0,1.0,1.0,1.0
Interception_Rate,t_test,none,3,0.8333333333333334,0.4193103817733975,1.0,0.5806896182266025,0.5806896182266025
Interception_Rate,t_test,none,4,0.875,0.6210866367131513,1.0,0.37891336328684866,0.37891336328684866
Interception_Rate,t_test,none,5,0.8,0.5301780359612418,1.0,0.4698219640387582,0.4698219640387582
Interception_Rate,t_test,none,6,0.7777777778333334,0.5659561654000845,0.9895993902665822,0.42364322486649764,0.42364322486649764
Interception_Rate,t_test,none,7,0.7857142857142857,0.6142020611279695,0.9572265103006019,0.3430244491726324,0.3430244491726324
Interception_Rate,t_test,none,8,0.8125,0.6556079072260105,0.9693920927739895,0.31378418554797904,0.31378418554797904
Interception_Rate,t_test,none,9,0.8333333333333334,0.6901004999925648,0.9765661666741019,0.28646566668153706,0.28646566668153706
Interception_Rate,t_test,none,10,0.85,0.7187910325462423,0.9812089674537576,0.2624179349075153,0.2624179349075153
Interception_Rate,t_test,none,11,0.8636363636363636,0.7428540621917749,0.9844186650809524,0.24156460288917758,0.24156460288917758
Interception_Rate,t_test,none,12,0.875,0.7632501516105059,0.9867498483894941,0.22349969677898818,0.22349969677898818
Interception_Rate,t_test,none,13,0.8717948717692308,0.7697961593722037,0.9737935841662578,0.20399742479405414,0.20399742479405414
Interception_Rate,t_test,none,14,0.8809523809285714,0.7852521120544534,0.9766526498026894,0.19140053774823595,0.19140053774823595
Interception_Rate,t_test,none,15,0.8666666666666667,0.7730605014969745,0.9602728318363589,0.18721233033938445,0.18721233033938445
Interception_Rate,t_test,none,16,0.84375,0.7439617265928977,0.9435382734071023,0.19957654681420456,0.19957654681420456
Interception_Rate,t_test,none,17,0.843137254882353,0.7499011260914047,0.9363733836733014,0.18647225758189667,0.18647225758189667
Interception_Rate,t_test,none,18,0.8518518518333333,0.762455195100012,0.9412485085666547,0.17879331346664262,0.17879331346664262
Interception_Rate,t_test,none,19,0.8596491227894736,0.7738661412834933,0.9454321042954539,0.1715659630119606,0.1715659630119606
Interception_Rate,t_test,none,20,0.8416666666499999,0.7522812959181191,0.9310520373818807,0.1787707414637616,0.1787707414637616
Interception_Rate,t_test,none,21,0.8492063491904761,0.7630235106242231,0.9353891877567291,0.17236567713250595,0.17236567713250595
Interception_Rate,t_test,none,22,0.8560606060454545,0.7729077722285145,0.9392134398623946,0.1663056676338801,0.1663056676338801
Interception_Rate,t_test,none,23,0.8478260869565217,0.7667707283046304,0.928881445608413,0.16211071730378257,0.16211071730378257
Interception_Rate,t_test,none,24,0.8541666666666666,0.7756538471968835,0.9326794861364498,0.15702563893956634,0.15702563893956634
Interception_Rate,t_test,none,25,0.8533333333199999,0.778180046439939,0.9284866202000609,0.1503065737601219,0.1503065737601219
Interception_Rate,t_test,none,26,0.8525641025384615,0.7804942788589437,0.9246339262179792,0.1441396473590355,0.1441396473590355
Interception_Rate,t_test,none,27,0.8518518518148147,0.7826221449526798,0.9210815586769496,0.13845941372426984,0.13845941372426984
Interception_Rate,t_test,none,28,0.8452380952142856,0.7772780812430983,0.913198109185473,0.13592002794237468,0.13592002794237468
Interception_Rate,t_test,none,29,0.8505747126206896,0.7842030005382087,0.9169464247031706,0.13274342416496188,0.13274342416496188
Interception_Rate,t_test,none,30,0.8444444444333333,0.7792066123792165,0.9096822764874501,0.13047566410823364,0.13047566410823364
Interception_Rate,t_test,none,31,0.8440860214838709,0.781074701030471,0.9070973419372708,0.1260226409067997,0.1260226409067997
Interception_Rate,t_test,none,32,0.8489583333124999,0.7872252685810416,0.9106913980439583,0.12346612946291669,0.12346612946291669
Interception_Rate,t_test,none,33,0.8535353535151514,0.7930550166692254,0.9140156903610774,0.12096067369185204,0.12096067369185204
Interception_Rate,t_test,none,34,0.8529411764411764,0.794323817392516,0.9115585354898368,0.11723471809732078,0.11723471809732078
Interception_Rate,t_test,none,35,0.852380952342857,0.7955151391647233,0.9092467655209908,0.11373162635626755,0.11373162635626755
Interception_Rate,t_test,none,36,0.8518518518055553,0.7966358671894662,0.9070678364216445,0.11043196923217824,0.11043196923217824
Interception_Rate,t_test,none,37,0.8468468468108107,0.7922453762290816,0.9014483173925397,0.10920294116345808,0.10920294116345808
Interception_Rate,t_test,none,38,0.8508771929473683,0.7971575234395237,0.9045968624552129,0.10743933901568914,0.10743933901568914
Interception_Rate,t_test,none,39,0.8547008546666666,0.8018532221645539,0.9075484871687792,0.10569526500422533,0.10569526500422533
Interception_Rate,t_test,none,40,0.8541666666249998,0.8026891634097815,0.9056441698402182,0.10295500643043676,0.10295500643043676
Interception_Rate,t_test,none,41,0.8495934959024389,0.7985829940487946,0.9006039977560832,0.10202100370728862,0.10202100370728862
Interception_Rate,t_test,none,42,0.853174603142857,0.8029082496405942,0.9034409566451198,0.10053270700452566,0.10053270700452566
Interception_Rate,t_test,none,43,0.8565891472558138,0.8070594770927193,0.9061188174189083,0.09905934032618902,0.09905934032618902
Interception_Rate,t_test,none,44,0.8522727272499999,0.8031378996582019,0.9014075548417979,0.09826965518359598,0.09826965518359598
Interception_Rate,t_test,none,45,0.8555555555333333,0.8071027389111883,0.9040083721554782,0.09690563324428991,0.09690563324428991
Interception_Rate,t_test,none,46,0.8550724637391304,0.8077044049928093,0.9024405224854515,0.09473611749264221,0.09473611749264221
Interception_Rate,t_test,none,47,0.8581560283404255,0.8114205512470376,0.9048915054338134,0.09347095418677576,0.09347095418677576
Interception_Rate,t_test,none,48,0.8611111110833333,0.8150010687799184,0.9072211533867484,0.09222008460682996,0.09222008460682996
Interception_Rate,z_test,none,1,1.0,0.0,1.0,1.0,1.0
Interception_Rate,z_test,none,2,0.9166666665000001,0.7533363341283349,1.0,0.2466636658716651,0.2466636658716651
Interception_Rate,z_test,none,3,0.8333333333333334,0.6447357111759023,1.0,0.35526428882409766,0.35526428882409766
Interception_Rate,z_test,none,4,0.875,0.7186231126949977,1.0,0.2813768873050023,0.2813768873050023
Interception_Rate,z_test,none,5,0.8,0.6095257382313157,0.9904742617686844,0.38094852353736863,0.38094852353736863
Interception_Rate,z_test,none,6,0.7777777778333334,0.6162724230522122,0.9392831326144545,0.3230107095622423,0.3230107095622423
Interception_Rate,z_test,none,7,0.7857142857142857,0.6483338634226022,0.9230947080059692,0.2747608445833669,0.2747608445833669
Interception_Rate,z_test,none,8,0.8125,0.6824569916172711,0.9425430083827289,0.26008601676545773,0.26008601676545773
Interception_Rate,z_test,none,9,0.8333333333333334,0.7115940916352816,0.9550725750313851,0.24347848339610345,0.24347848339610345
Interception_Rate,z_test,none,10,0.85,0.7363187514582524,0.9636812485417475,0.2273624970834951,0.2273624970834951
Interception_Rate,z_test,none,11,0.8636363636363636,0.7573912072393604,0.9698815200333669,0.21249031279400654,0.21249031279400654
Interception_Rate,z_test,none,12,0.875,0.7754874353114832,0.9745125646885168,0.19902512937703354,0.19902512937703354
Interception_Rate,z_test,none,13,0.8717948717692308,0.7800413259639608,0.9635484175745007,0.1835070916105399,0.1835070916105399
Interception_Rate,z_test,none,14,0.8809523809285714,0.7941296621564266,0.9677750997007163,0.17364543754428974,0.17364543754428974
Interception_Rate,z_test,none,15,0.8666666666666667,0.7811268255733363,0.952206507759997,0.1710796821866607,0.1710796821866607
Interception_Rate,z_test,none,16,0.84375,0.751990182196744,0.935509817803256,0.18351963560651208,0.18351963560651208
Interception_Rate,z_test,none,17,0.843137254882353,0.756935548346053,0.929338961418653,0.1724034130726,0.1724034130726
Interception_Rate,z_test,none,18,0.8518518518333333,0.7688046749253175,0.9348990287413492,0.16609435381603177,0.16609435381603177
Interception_Rate,z_test,none,19,0.8596491227894736,0.7796216153342691,0.9396766302446781,0.16005501491040897,0.16005501491040897
Interception_Rate,z_test,none,20,0.8416666666499999,0.7579638028390165,0.9253695304609832,0.1674057276219667,0.1674057276219667
Interception_Rate,z_test,none,21,0.8492063491904761,0.768229254459171,0.9301834439217812,0.1619541894626102,0.1619541894626102
Interception_Rate,z_test,none,22,0.8560606060454545,0.7776919416384384,0.9344292704524707,0.15673732881403235,0.15673732881403235
Interception_Rate,z_test,none,23,0.8478260869565217,0.771222756612759,0.9244294173002845,0.15320666068752553,0.15320666068752553
Interception_Rate,z_test,none,24,0.8541666666666666,0.779779151927435,0.9285541814058983,0.14877502947846333,0.14877502947846333
Interception_Rate,z_test,none,25,0.8533333333199999,0.7819646438198066,0.9247020228201933,0.14273737900038674,0.14273737900038674
Interception_Rate,z_test,none,26,0.8525641025384615,0.7839787106334782,0.9211494944434447,0.1371707838099665,0.1371707838099665
Interception_Rate,z_test,none,27,0.8518518518148147,0.785840765055758,0.9178629385738715,0.13202217351811352,0.13202217351811352
Interception_Rate,z_test,none,28,0.8452380952142856,0.7803208524388655,0.9101553379897057,0.1298344855508402,0.1298344855508402
Interception_Rate,z_test,none,29,0.8505747126206896,0.7870687022091483,0.914080723032231,0.12701202082308272,0.12701202082308272
Interception_Rate,z_test,none,30,0.8444444444333333,0.7819263786760773,0.9069625101905894,0.1250361315145121,0.1250361315145121
Interception_Rate,z_test,none,31,0.8440860214838709,0.783614208173199,0.9045578347945428,0.12094362662134372,0.12094362662134372
Interception_Rate,z_test,none,32,0.8489583333124999,0.7896331134946448,0.908283553130355,0.1186504396357102,0.1186504396357102
Interception_Rate,z_test,none,33,0.8535353535151514,0.7953403799921076,0.9117303270381952,0.11638994704608763,0.11638994704608763
Interception_Rate,z_test,none,34,0.8529411764411764,0.7964717496699637,0.9094106032123891,0.11293885354242539,0.11293885354242539
Interception_Rate,z_test,none,35,0.852380952342857,0.7975376767085959,0.9072242279771182,0.10968655126852234,0.10968655126852234
Interception_Rate,z_test,none,36,0.8518518518055553,0.7985436804948195,0.9051600231162912,0.10661634262147168,0.10661634262147168
Interception_Rate,z_test,none,37,0.8468468468108107,0.7940796102865784,0.899614083335043,0.10553447304846464,0.10553447304846464
Interception_Rate,z_test,none,38,0.8508771929473683,0.7989134138800205,0.9028409720147161,0.10392755813469567,0.10392755813469567
Interception_Rate,z_test,none,39,0.8547008546666666,0.8035351982026806,0.9058665111306525,0.10233131292797193,0.10233131292797193
Interception_Rate,z_test,none,40,0.8541666666249998,0.8042855643119714,0.9040477689380283,0.0997622046260569,0.0997622046260569
Interception_Rate,z_test,none,41,0.8495934959024389,0.8001254021798373,0.8990615896250406,0.09893618744520327,0.09893618744520327
Interception_Rate,z_test,none,42,0.853174603142857,0.8043911200367284,0.9019580862489855,0.09756696621225713,0.09756696621225713
Interception_Rate,z_test,none,43,0.8565891472558138,0.8084858569749936,0.904692437536634,0.09620658056164033,0.09620658056164033
Interception_Rate,z_test,none,44,0.8522727272499999,0.8045200296662014,0.9000254248337984,0.09550539516759704,0.09550539516759704
Interception_Rate,z_test,none,45,0.8555555555333333,0.8084347340282864,0.9026763770383802,0.09424164301009386,0.09424164301009386
Interception_Rate,z_test,none,46,0.8550724637391304,0.8089776654981496,0.9011672619801111,0.09218959648196146,0.09218959648196146
Interception_Rate,z_test,none,47,0.8581560283404255,0.8126495191516411,0.9036625375292099,0.09101301837756881,0.09101301837756881
Interception_Rate,z_test,none,48,0.8611111110833333,0.8161878111996226,0.9060344109670442,0.0898465997674216,0.0898465997674216
Interception_Rate,sequential_t_test,none,1,1.0,0.0,1.0,1.0,1.0
Interception_Rate,sequential_t_test,none,2,0.9166666665000001,0.0,1.0,1.0,1.0
Interception_Rate,sequential_t_test,none,3,0.8333333333333334,0.0,1.0,1.0,1.0
Interception_Rate,sequential_t_test,none,4,0.875,0.11983737626950264,1.0,0.8801626237304974,0.8801626237304974
Interception_Rate,sequential_t_test,none,5,0.8,0.06834465286154512,1.0,0.9316553471384549,0.9316553471384549
Interception_Rate,sequential_t_test,none,6,0.7777777778333334,0.23294294841695373,1.0,0.7670570515830463,0.7670570515830463
Interception_Rate,sequential_t_test,none,7,0.7857142857142857,0.3589304876261013,1.0,0.6410695123738988,0.6410695123738988
Interception_Rate,sequential_t_test,none,8,0.8125,0.43062101169654343,1.0,0.5693789883034566,0.5693789883034566
Interception_Rate,sequential_t_test,none,9,0.8333333333333334,0.49001289479344845,1.0,0.5099871052065515,0.5099871052065515
Interception_Rate,sequential_t_test,none,10,0.85,0.5389393713542172,1.0,0.4610606286457828,0.4610606286457828
Interception_Rate,sequential_t_test,none,11,0.8636363636363636,0.5795869014936965,1.0,0.4204130985063035,0.4204130985063035
Interception_Rate,sequential_t_test,none,12,0.875,0.6137527264495564,1.0,0.38624727355044364,0.38624727355044364
Interception_Rate,sequential_t_test,none,13,0.8717948717692308,0.6344005480893709,1.0,0.36559945191062915,0.36559945191062915
Interception_Rate,sequential_t_test,none,14,0.8809523809285714,0.6589550691979832,1.0,0.3410449308020168,0.3410449308020168
Interception_Rate,sequential_t_test,none,15,0.8666666666666667,0.6500618810089656,1.0,0.34993811899103444,0.34993811899103444
Interception_Rate,sequential_t_test,none,16,0.84375,0.6132571168119166,1.0,0.38674288318808336,0.38674288318808336
Interception_Rate,sequential_t_test,none,17,0.843137254882353,0.6280573559304858,1.0,0.37194264406951416,0.37194264406951416
Interception_Rate,sequential_t_test,none,18,0.8518518518333333,0.6458120878053177,1.0,0.35418791219468226,0.35418791219468226
Interception_Rate,sequential_t_test,none,19,0.8596491227894736,0.6620494365845415,1.0,0.3379505634154585,0.3379505634154585
Interception_Rate,sequential_t_test,none,20,0.8416666666499999,0.6358309511315732,1.0,0.3641690488684268,0.3641690488684268
Interception_Rate,sequential_t_test,none,21,0.8492063491904761,0.6507629290552598,1.0,0.3492370709447402,0.3492370709447402
Interception_Rate,sequential_t_test,none,22,0.8560606060454545,0.664577647477576,1.0,0.335422352522424,0.335422352522424
Interception_Rate,sequential_t_test,none,23,0.8478260869565217,0.6611305163001646,1.0,0.3388694836998354,0.3388694836998354
Interception_Rate,sequential_t_test,none,24,0.8541666666666666,0.6732647260544989,1.0,0.32673527394550106,0.32673527394550106
Interception_Rate,sequential_t_test,none,25,0.8533333333199999,0.6800952690766906,1.0,0.3199047309233094,0.3199047309233094
Interception_Rate,sequential_t_test,none,26,0.8525641025384615,0.6863466666156965,1.0,0.31365333338430346,0.31365333338430346
Interception_Rate,sequential_t_test,none,27,0.8518518518148147,0.6920902108278357,1.0,0.30790978917216427,0.30790978917216427
Interception_Rate,sequential_t_test,none,28,0.8452380952142856,0.688304991675529,1.0,0.31169500832447095,0.31169500832447095
Interception_Rate,sequential_t_test,none,29,0.8505747126206896,0.6972029953060609,1.0,0.3027970046939391,0.3027970046939391
Interception_Rate,sequential_t_test,none,30,0.8444444444333333,0.6935825489369702,0.9953063399296964,0.30172379099272617,0.30172379099272617
Interception_Rate,sequential_t_test,none,31,0.8440860214838709,0.6982616454328554,0.9899103975348864,0.291648752102031,0.291648752102031
Interception_Rate,sequential_t_test,none,32,0.8489583333124999,0.7059793609979764,0.9919373056270234,0.285957944629047,0.285957944629047
Interception_Rate,sequential_t_test,none,33,0.8535353535151514,0.7133442256657399,0.993726481364563,0.28038225569882314,0.28038225569882314
Interception_Rate,sequential_t_test,none,34,0.8529411764411764,0.7169558593567701,0.9889264935255827,0.2719706341688126,0.2719706341688126
Interception_Rate,sequential_t_test,none,35,0.852380952342857,0.7203479764035087,0.9844139282822054,0.26406595187869675,0.26406595187869675
Interception_Rate,sequential_t_test,none,36,0.8518518518055553,0.7235402195054021,0.9801634841057085,0.2566232646003064,0.2566232646003064
Interception_Rate,sequential_t_test,none,37,0.8468468468108107,0.7198540277879693,0.9738396658336521,0.25398563804568286,0.25398563804568286
Interception_Rate,sequential_t_test,none,38,0.8508771929473683,0.7258269919892644,0.9759273939054722,0.25010040191620786,0.25010040191620786
Interception_Rate,sequential_t_test,none,39,0.8547008546666666,0.7315734717834219,0.9778282375499112,0.2462547657664893,0.2462547657664893
Interception_Rate,sequential_t_test,none,40,0.8541666666249998,0.7341267305636864,0.9742066026863133,0.24007987212262694,0.24007987212262694
Interception_Rate,sequential_t_test,none,41,0.8495934959024389,0.7305385174183174,0.9686484743865604,0.238109956968243,0.238109956968243
Interception_Rate,sequential_t_test,none,42,0.853174603142857,0.7357538045458553,0.9705954017398587,0.23484159719400344,0.23484159719400344
Interception_Rate,sequential_t_test,none,43,0.8565891472558138,0.7407881434991784,0.9723901510124492,0.23160200751327076,0.23160200751327076
Interception_Rate,sequential_t_test,none,44,0.8522727272499999,0.7372947310079123,0.9672507234920875,0.2299559924841752,0.2299559924841752
Interception_Rate,sequential_t_test,none,45,0.8555555555333333,0.7420749667075741,0.9690361443590925,0.22696117765151835,0.22696117765151835
Interception_Rate,sequential_t_test,none,46,0.8550724637391304,0.7440364274804907,0.96610849999777,0.22207207251727934,0.22207207251727934
Interception_Rate,sequential_t_test,none,47,0.8581560283404255,0.7485084185977731,0.9678036380830779,0.21929521948530484,0.21929521948530484
Interception_Rate,sequential_t_test,none,48,0.8611111110833333,0.7528380940156639,0.9693841281510028,0.2165460341353389,0.2165460341353389
Interception_Rate,vincent,gap_0.05,1,1.0,0.0,1.0,1.0,1.0
Interception_Rate,vincent,gap_0.05,2,0.9166666665000001,0.0,1.0,1.0,1.0
Interception_Rate,vincent,gap_0.05,3,0.8333333333333334,0.13989773920689164,0.9893287590650395,0.8494310198581478,0.8494310198581478
Interception_Rate,vincent,gap_0.05,4,0.875,0.2286741701463204,0.982332841314099,0.7536586711677786,0.7536586711677786
Interception_Rate,vincent,gap_0.05,5,0.8,0.29024065196825544,0.9880635780913017,0.6978229261230463,0.6978229261230463
Interception_Rate,vincent,gap_0.05,6,0.7777777778333334,0.31593232333061716,0.982266572620127,0.6663342492895098,0.6663342492895098
Interception_Rate,vincent,gap_0.05,7,0.7857142857142857,0.3436870780110213,0.9768236324449919,0.6331365544339707,0.6331365544339707
Interception_Rate,vincent,gap_0.05,8,0.8125,0.36693165892043,0.9667718287478736,0.5998401698274436,0.5998401698274436
Interception_Rate,vincent,gap_0.05,9,0.8333333333333334,0.37187021482386073,0.958222946278483,0.5863527314546223,0.5863527314546223
Interception_Rate,vincent,gap_0.05,10,0.85,0.3963635452516694,0.9517188427446995,0.5553552974930301,0.5553552974930301
Interception_Rate,vincent,gap_0.05,11,0.8636363636363636,0.4175957909545165,0.9497636484874319,0.5321678575329154,0.5321678575329154
Interception_Rate,vincent,gap_0.05,12,0.875,0.4293152169202491,0.944192066731975,0.5148768498117259,0.5148768498117259
Interception_Rate,vincent,gap_0.05,13,0.8717948717692308,0.44594880710999396,0.9425667149841261,0.4966179078741322,0.4966179078741322
Interception_Rate,vincent,gap_0.05,14,0.8809523809285714,0.4611933731692177,0.9448324630640975,0.4836390898948798,0.4836390898948798
Interception_Rate,vincent,gap_0.05,15,0.8666666666666667,0.46904371501282527,0.9404474652111965,0.4714037501983712,0.4714037501983712
Interception_Rate,vincent,gap_0.05,16,0.84375,0.4827193067204769,0.9446741934182692,0.4619548866977923,0.4619548866977923
Interception_Rate,vincent,gap_0.05,17,0.843137254882353,0.4916276079413151,0.9401653312910578,0.44853772334974273,0.44853772334974273
Interception_Rate,vincent,gap_0.05,18,0.8518518518333333,0.5031370572126058,0.942970740812612,0.4398336836000062,0.4398336836000062
Interception_Rate,vincent,gap_0.05,19,0.8596491227894736,0.5139926519295858,0.9439721285779114,0.4299794766483256,0.4299794766483256
Interception_Rate,vincent,gap_0.05,20,0.8416666666499999,0.525089148399799,0.9450312870643416,0.41994213866454255,0.41994213866454255
Interception_Rate,vincent,gap_0.05,21,0.8492063491904761,0.5325473007681525,0.9427869496905024,0.4102396489223499,0.4102396489223499
Interception_Rate,vincent,gap_0.05,22,0.8560606060454545,0.5421387869049512,0.9459661931277021,0.40382740622275093,0.40382740622275093
Interception_Rate,vincent,gap_0.05,23,0.8478260869565217,0.5469756136215626,0.9426558518925234,0.3956802382709609,0.3956802382709609
Interception_Rate,vincent,gap_0.05,24,0.8541666666666666,0.5554622785682063,0.9460813875480072,0.3906191089798009,0.3906191089798009
Interception_Rate,vincent,gap_0.05,25,0.8533333333199999,0.5635132322689359,0.9480533405401752,0.3845401082712393,0.3845401082712393
Interception_Rate,vincent,gap_0.05,26,0.8525641025384615,0.5690836497664145,0.946551715356009,0.37746806558959456,0.37746806558959456
Interception_Rate,vincent,gap_0.05,27,0.8518518518148147,0.5763181027376807,0.9474597336925165,0.37114163095483577,0.37114163095483577
Interception_Rate,vincent,gap_0.05,28,0.8452380952142856,0.5831807624795706,0.9494489761798524,0.36626821370028173,0.36626821370028173
Interception_Rate,vincent,gap_0.05,29,0.8505747126206896,0.5867817990863281,0.9471061921570015,0.36032439307067343,0.36032439307067343
Interception_Rate,vincent,gap_0.05,30,0.8444444444333333,0.5883242010475686,0.9445367432002272,0.35621254215265863,0.35621254215265863
Interception_Rate,vincent,gap_0.05,31,0.8440860214838709,0.594356706253945,0.9470071626041726,0.3526504563502276,0.3526504563502276
Interception_Rate,vincent,gap_0.05,32,0.8489583333124999,0.6001836468591463,0.9494590237430138,0.34927537688386756,0.34927537688386756
Interception_Rate,vincent,gap_0.05,33,0.8535353535151514,0.5905042589494145,0.946861067286084,0.3563568083366695,0.3563568083366695
Interception_Rate,vincent,gap_0.05,34,0.8529411764411764,0.5946536813068477,0.9459936480748721,0.35133996676802437,0.35133996676802437
Interception_Rate,vincent,gap_0.05,35,0.852380952342857,0.5943396308807287,0.9435013868676854,0.34916175598695665,0.34916175598695665
Interception_Rate,vincent,gap_0.05,36,0.8518518518055553,0.5969602277564464,0.9415068984351747,0.34454667067872824,0.34454667067872824
Interception_Rate,vincent,gap_0.05,37,0.8468468468108107,0.599492133275329,0.9395930001942283,0.3401008669188993,0.3401008669188993
Interception_Rate,vincent,gap_0.05,38,0.8508771929473683,0.6032707673902273,0.9391011687521945,0.3358304013619672,0.3358304013619672
Interception_Rate,vincent,gap_0.05,39,0.8547008546666666,0.6067216361239618,0.9384594852003831,0.33173784907642134,0.33173784907642134
Interception_Rate,vincent,gap_0.05,40,0.8541666666249998,0.6093594721199871,0.9371708698764744,0.32781139775648727,0.32781139775648727
Interception_Rate,vincent,gap_0.05,41,0.8495934959024389,0.6138107252166394,0.9385019289505101,0.3246912037338707,0.3246912037338707
Interception_Rate,vincent,gap_0.05,42,0.853174603142857,0.6164528935346991,0.937521818749542,0.32106892521484287,0.32106892521484287
Interception_Rate,vincent,gap_0.05,43,0.8565891472558138,0.619176553986529,0.9367387687390862,0.3175622147525572,0.3175622147525572
Interception_Rate,vincent,gap_0.05,44,0.8522727272499999,0.6227499791166513,0.9368991408118593,0.314149161695208,0.314149161695208
Interception_Rate,vincent,gap_0.05,45,0.8555555555333333,0.6266537767456248,0.9376400648379013,0.31098628809227646,0.31098628809227646
Interception_Rate,vincent,gap_0.05,46,0.8550724637391304,0.6303309684396862,0.9381577401520261,0.30782677171233996,0.30782677171233996
Interception_Rate,vincent,gap_0.05,47,0.8581560283404255,0.6320553997210125,0.9368316424314439,0.30477624271043136,0.30477624271043136
Interception_Rate,vincent,gap_0.05,48,0.8611111110833333,0.6291523638106993,0.9353218929183723,0.30616952910767303,0.30616952910767303
Interception_Rate,vincent,gap_0.1,1,1.0,0.0,1.0,1.0,1.0
Interception_Rate,vincent,gap_0.1,2,0.9166666665000001,0.0,1.0,1.0,1.0
Interception_Rate,vincent,gap_0.1,3,0.8333333333333334,0.0977343963210271,0.9925449310568757,0.8948105347358486,0.8948105347358486
Interception_Rate,vincent,gap_0.1,4,0.875,0.18631917312572155,0.9857877847169009,0.7994686115911793,0.7994686115911793
Interception_Rate,vincent,gap_0.1,5,0.8,0.2476198840988335,0.9912797500831381,0.7436598659843046,0.7436598659843046
Interception_Rate,vincent,gap_0.1,6,0.7777777778333334,0.27331155546119523,0.98605262539688,0.7127410699356848,0.7127410699356848
Interception_Rate,vincent,gap_0.1,7,0.7857142857142857,0.3014495001026881,0.981192818543388,0.6797433184406999,0.6797433184406999
Interception_Rate,vincent,gap_0.1,8,0.8125,0.32476831603456535,0.9741510608784516,0.6493827448438863,0.6493827448438863
Interception_Rate,vincent,gap_0.1,9,0.8333333333333334,0.3297068719379961,0.9660596033926183,0.6363527314546222,0.6363527314546222
Interception_Rate,vincent,gap_0.1,10,0.85,0.3540454827684,0.9593334168778781,0.6052879341094781,0.6052879341094781
Interception_Rate,vincent,gap_0.1,11,0.8636363636363636,0.37505564549029013,0.9572235030232057,0.5821678575329156,0.5821678575329156
Interception_Rate,vincent,gap_0.1,12,0.875,0.38677507145602297,0.9520287238461103,0.5652536523900873,0.5652536523900873
Interception_Rate,vincent,gap_0.1,13,0.8717948717692308,0.40335243739777304,0.9502893431441722,0.5469369057463992,0.5469369057463992
Interception_Rate,vincent,gap_0.1,14,0.8809523809285714,0.41806234529764696,0.952409906612848,0.534347561315201,0.534347561315201
Interception_Rate,vincent,gap_0.1,15,0.8666666666666667,0.42642294714340334,0.9482841223253318,0.5218611751819284,0.5218611751819284
Interception_Rate,vincent,gap_0.1,16,0.84375,0.4385296932793653,0.952495587172306,0.5139658938929407,0.5139658938929407
Interception_Rate,vincent,gap_0.1,17,0.843137254882353,0.44794807086124044,0.9485481167416779,0.5006000458804375,0.5006000458804375
Interception_Rate,vincent,gap_0.1,18,0.8518518518333333,0.45879081315513615,0.951124199631959,0.4923333864768229,0.4923333864768229
Interception_Rate,vincent,gap_0.1,19,0.8596491227894736,0.469260816248079,0.951924351268211,0.48266353502013193,0.48266353502013193
Interception_Rate,vincent,gap_0.1,20,0.8416666666499999,0.4790016300324047,0.9528402060002013,0.47383857596779655,0.47383857596779655
Interception_Rate,vincent,gap_0.1,21,0.8492063491904761,0.4868626577874172,0.9505074787629673,0.46364482097555004,0.46364482097555004
Interception_Rate,vincent,gap_0.1,22,0.8560606060454545,0.495885620670413,0.9536075771859247,0.45772195651551173,0.45772195651551173
Interception_Rate,vincent,gap_0.1,23,0.8478260869565217,0.5007378265285906,0.9506539837340244,0.4499161572054339,0.4499161572054339
Interception_Rate,vincent,gap_0.1,24,0.8541666666666666,0.5091392946225345,0.9539687076890142,0.4448294130664797,0.4448294130664797
Interception_Rate,vincent,gap_0.1,25,0.8533333333199999,0.5170216719477374,0.9558024264505594,0.43878075450282195,0.43878075450282195
Interception_Rate,vincent,gap_0.1,26,0.8525641025384615,0.5226359087725789,0.954236206218249,0.4316002974456701,0.4316002974456701
Interception_Rate,vincent,gap_0.1,27,0.8518518518148147,0.5296648331359044,0.955085129468488,0.4254202963325836,0.4254202963325836
Interception_Rate,vincent,gap_0.1,28,0.8452380952142856,0.5363703089795632,0.9570201495735737,0.42064984059401056,0.42064984059401056
Interception_Rate,vincent,gap_0.1,29,0.8505747126206896,0.5400175807749865,0.9546156018382725,0.414598021063286,0.414598021063286
Interception_Rate,vincent,gap_0.1,30,0.8444444444333333,0.5416047789074308,0.9522857761865751,0.4106809972791443,0.4106809972791443
Interception_Rate,vincent,gap_0.1,31,0.8440860214838709,0.5475212217568403,0.9546829884124497,0.40716176665560944,0.40716176665560944
Interception_Rate,vincent,gap_0.1,32,0.8489583333124999,0.5531958751768222,0.9570878312960422,0.40389195611922,0.40389195611922
Interception_Rate,vincent,gap_0.1,33,0.8535353535151514,0.5435515087938387,0.9548577307819547,0.41130622198811595,0.41130622198811595
Interception_Rate,vincent,gap_0.1,34,0.8529411764411764,0.5477397549277725,0.9538831635212768,0.4061434085935043,0.4061434085935043
Interception_Rate,vincent,gap_0.1,35,0.852380952342857,0.5474619730718157,0.9517569199664653,0.4042949468946496,0.4042949468946496
Interception_Rate,vincent,gap_0.1,36,0.8518518518055553,0.5501165101786698,0.9496746483821903,0.3995581382035205,0.3995581382035205
Interception_Rate,vincent,gap_0.1,37,0.8468468468108107,0.5526649972407782,0.9476977060106093,0.3950327087698311,0.3950327087698311
Interception_Rate,vincent,gap_0.1,38,0.8508771929473683,0.5564734706193605,0.947152398881844,0.3906789282624835,0.3906789282624835
Interception_Rate,vincent,gap_0.1,39,0.8547008546666666,0.5599570644357239,0.9464603048261628,0.38650324039043893,0.38650324039043893
Interception_Rate,vincent,gap_0.1,40,0.8541666666249998,0.5626257640858703,0.9451241827935788,0.3824984187077085,0.3824984187077085
Interception_Rate,vincent,gap_0.1,41,0.8495934959024389,0.5669403313261226,0.9464104125435947,0.37947008121747206,0.37947008121747206
Interception_Rate,vincent,gap_0.1,42,0.853174603142857,0.569610182808455,0.9453879452060332,0.3757777623975782,0.3757777623975782
Interception_Rate,vincent,gap_0.1,43,0.8565891472558138,0.5723754164810478,0.9445787955092997,0.37220337902825185,0.37220337902825185
Interception_Rate,vincent,gap_0.1,44,0.8522727272499999,0.5759769835682036,0.9447386783509915,0.36876169478278786,0.36876169478278786
Interception_Rate,vincent,gap_0.1,45,0.8555555555333333,0.5797321185708569,0.9454791379586338,0.3657470193877769,0.3657470193877769
Interception_Rate,vincent,gap_0.1,46,0.8550724637391304,0.5833956419024238,0.9459963719492808,0.362600730046857,0.362600730046857
Interception_Rate,vincent,gap_0.1,47,0.8581560283404255,0.5851379459631614,0.9446681428034486,0.3595301968402872,0.3595301968402872
Interception_Rate,vincent,gap_0.1,48,0.8611111110833333,0.5822589809174081,0.9432055415985443,0.3609465606811362,0.3609465606811362
Interception_Rate,vincent,gap_0.2,1,1.0,0.0,1.0,1.0,1.0
Interception_Rate,vincent,gap_0.2,2,0.9166666665000001,0.0,1.0,1.0,1.0
Interception_Rate,vincent,gap_0.2,3,0.8333333333333334,0.01340771054929768,0.9989772750405482,0.9855695644912505,0.9855695644912505
Interception_Rate,vincent,gap_0.2,4,0.875,0.10199248735399202,0.9922201287005734,0.8902276413465814,0.8902276413465814
Interception_Rate,vincent,gap_0.2,5,0.8,0.16244569469183667,0.9973402199732202,0.8348945252813835,0.8348945252813835
Interception_Rate,vincent,gap_0.2,6,0.7777777778333334,0.18887303802156163,0.9926242943430593,0.8037512563214977,0.8037512563214977
Interception_Rate,vincent,gap_0.2,7,0.7857142857142857,0.2171228143309587,0.9887649240968942,0.7716421097659355,0.7716421097659355
Interception_Rate,vincent,gap_0.2,8,0.8125,0.24384686074416373,0.9849454293793369,0.7410985686351732,0.7410985686351732
Interception_Rate,vincent,gap_0.2,9,0.8333333333333334,0.2513771508883913,0.9808441870805844,0.7294670361921931,0.7294670361921931
Interception_Rate,vincent,gap_0.2,10,0.85,0.27153800636163317,0.9742056080578134,0.7026676016961803,0.7026676016961803
Interception_Rate,vincent,gap_0.2,11,0.8636363636363636,0.2904578764032004,0.9720399695119151,0.6815820931087146,0.6815820931087146
Interception_Rate,vincent,gap_0.2,12,0.875,0.30292658202806366,0.9669942880938589,0.6640677060657952,0.6640677060657952
Interception_Rate,vincent,gap_0.2,13,0.8717948717692308,0.31856008430573035,0.9651474437176593,0.6465873594119289,0.6465873594119289
Interception_Rate,vincent,gap_0.2,14,0.8809523809285714,0.3329223420261215,0.9672280832170771,0.6343057411909556,0.6343057411909556
Interception_Rate,vincent,gap_0.2,15,0.8666666666666667,0.3414474237259497,0.9632965173346575,0.6218490936087078,0.6218490936087078
Interception_Rate,vincent,gap_0.2,16,0.84375,0.35335189016284196,0.9673515636215331,0.6139996734586911,0.6139996734586911
Interception_Rate,vincent,gap_0.2,17,0.843137254882353,0.36280134669147956,0.9637783129111126,0.600976966219633,0.600976966219633
Interception_Rate,vincent,gap_0.2,18,0.8518518518333333,0.3727858466839278,0.9661948899831994,0.5934090432992716,0.5934090432992716
Interception_Rate,vincent,gap_0.2,19,0.8596491227894736,0.3819424012028726,0.9668544343891873,0.5849120331863147,0.5849120331863147
Interception_Rate,vincent,gap_0.2,20,0.8416666666499999,0.3903873601985678,0.9675529919870072,0.5771656317884394,0.5771656317884394
Interception_Rate,vincent,gap_0.2,21,0.8492063491904761,0.3985703508715016,0.9650326521971845,0.5664623013256829,0.5664623013256829
Interception_Rate,vincent,gap_0.2,22,0.8560606060454545,0.40638981598496315,0.9679026126518355,0.5615127966668724,0.5615127966668724
Interception_Rate,vincent,gap_0.2,23,0.8478260869565217,0.4117902220336739,0.9654872361964948,0.5536970141628209,0.5536970141628209
Interception_Rate,vincent,gap_0.2,24,0.8541666666666666,0.41888229328695525,0.9685236988187378,0.5496414055317825,0.5496414055317825
Interception_Rate,vincent,gap_0.2,25,0.8533333333199999,0.42563369210452273,0.9701595392156486,0.5445258471111258,0.5445258471111258
Interception_Rate,vincent,gap_0.2,26,0.8525641025384615,0.43168763592361814,0.96834721098353,0.5366595750599119,0.5366595750599119
Interception_Rate,vincent,gap_0.2,27,0.8518518518148147,0.43769721121955896,0.9688659659363221,0.5311687547167632,0.5311687547167632
Interception_Rate,vincent,gap_0.2,28,0.8452380952142856,0.4436380018863698,0.9704969342075946,0.5268589323212248,0.5268589323212248
Interception_Rate,vincent,gap_0.2,29,0.8505747126206896,0.4474853164046402,0.9687325473348514,0.5212472309302112,0.5212472309302112
Interception_Rate,vincent,gap_0.2,30,0.8444444444333333,0.4494986970015138,0.966823694568699,0.5173249975671852,0.5173249975671852
Interception_Rate,vincent,gap_0.2,31,0.8440860214838709,0.4546989532234451,0.9690691117684422,0.5143701585449971,0.5143701585449971
Interception_Rate,vincent,gap_0.2,32,0.8489583333124999,0.46010185379361535,0.9712976682108174,0.5111958144172021,0.5111958144172021
Interception_Rate,vincent,gap_0.2,33,0.8535353535151514,0.450559765633631,0.9694479854514166,0.5188882198177857,0.5188882198177857
Interception_Rate,vincent,gap_0.2,34,0.8529411764411764,0.4548374482308549,0.9683360885134425,0.5134986402825876,0.5134986402825876
Interception_Rate,vincent,gap_0.2,35,0.852380952342857,0.4546774268535926,0.9666314047208086,0.511953977867216,0.511953977867216
Interception_Rate,vincent,gap_0.2,36,0.8518518518055553,0.45770918634403845,0.9647833657072206,0.5070741793631821,0.5070741793631821
Interception_Rate,vincent,gap_0.2,37,0.8468468468108107,0.4606125614678265,0.9630049158407863,0.5023923543729598,0.5023923543729598
Interception_Rate,vincent,gap_0.2,38,0.8508771929473683,0.4646325137191152,0.9623941258555186,0.49776161213640346,0.49776161213640346
Interception_Rate,vincent,gap_0.2,39,0.8547008546666666,0.46840692364849323,0.9616308166749933,0.49322389302650005,0.49322389302650005
Interception_Rate,vincent,gap_0.2,40,0.8541666666249998,0.4713532637088155,0.960226479472329,0.4888732157635135,0.4888732157635135
Interception_Rate,vincent,gap_0.2,41,0.8495934959024389,0.47491533631076255,0.9614481654160527,0.48653282910529017,0.48653282910529017
Interception_Rate,vincent,gap_0.2,42,0.853174603142857,0.47787109360836666,0.9603325705639782,0.4824614769556116,0.4824614769556116
Interception_Rate,vincent,gap_0.2,43,0.8565891472558138,0.4808952806626753,0.9594191693507397,0.4785238886880644,0.4785238886880644
Interception_Rate,vincent,gap_0.2,44,0.8522727272499999,0.48408129087435736,0.9594800083526432,0.4753987174782859,0.4753987174782859
Interception_Rate,vincent,gap_0.2,45,0.8555555555333333,0.48719355968136746,0.960111166681217,0.4729176069998495,0.4729176069998495
Interception_Rate,vincent,gap_0.2,46,0.8550724637391304,0.4905238388305422,0.960498815988753,0.4699749771582108,0.4699749771582108
Interception_Rate,vincent,gap_0.2,47,0.8581560283404255,0.49235976037093165,0.9593127207677852,0.4669529603968535,0.4669529603968535
Interception_Rate,vincent,gap_0.2,48,0.8611111110833333,0.48956803398113147,0.958120270181992,0.4685522362008605,0.4685522362008605
Interception_Rate,vincent,gap_0.3,1,1.0,0.0,1.0,1.0,1.0
Interception_Rate,vincent,gap_0.3,2,0.9166666665000001,0.0,1.0,1.0,1.0
Interception_Rate,vincent,gap_0.3,3,0.8333333333333334,0.0,1.0,1.0,1.0
Interception_Rate,vincent,gap_0.3,4,0.875,0.01766580158226283,0.9986524726842458,0.980986671101983,0.980986671101983
Interception_Rate,vincent,gap_0.3,5,0.8,0.07811900892010748,0.9987209302158996,0.9206019212957921,0.9206019212957921
Interception_Rate,vincent,gap_0.3,6,0.7777777778333334,0.10685115226635933,0.9979902743740484,0.8911391221076891,0.8911391221076891
Interception_Rate,vincent,gap_0.3,7,0.7857142857142857,0.13905720206780914,0.9952083418967934,0.8561511398289843,0.8561511398289843
Interception_Rate,vincent,gap_0.3,8,0.8125,0.16573841576537096,0.9921737669361853,0.8264353511708143,0.8264353511708143
Interception_Rate,vincent,gap_0.3,9,0.8333333333333334,0.1733521174807776,0.9894199510914063,0.8160678336106287,0.8160678336106287
Interception_Rate,vincent,gap_0.3,10,0.85,0.1934285283199204,0.9868462949261507,0.7934177666062303,0.7934177666062303
Interception_Rate,vincent,gap_0.3,11,0.8636363636363636,0.21064500560678767,0.9840553791536899,0.7734103735469022,0.7734103735469022
Interception_Rate,vincent,gap_0.3,12,0.875,0.2248110041199275,0.9808004979724466,0.7559894938525191,0.7559894938525191
Interception_Rate,vincent,gap_0.3,13,0.8717948717692308,0.23801665050707843,0.9779017929537268,0.7398851424466484,0.7398851424466484
Interception_Rate,vincent,gap_0.3,14,0.8809523809285714,0.24977337592820792,0.9788962710483464,0.7291228951201385,0.7291228951201385
Interception_Rate,vincent,gap_0.3,15,0.8666666666666667,0.2602481064281954,0.9763983099830627,0.7161502035548672,0.7161502035548672
Interception_Rate,vincent,gap_0.3,16,0.84375,0.26974874905156687,0.9795212637227999,0.709772514671233,0.709772514671233
Interception_Rate,vincent,gap_0.3,17,0.843137254882353,0.27916864320599977,0.9771910572776874,0.6980224140716876,0.6980224140716876
Interception_Rate,vincent,gap_0.3,18,0.8518518518333333,0.2883437754564625,0.9787990993356039,0.6904553238791414,0.6904553238791414
Interception_Rate,vincent,gap_0.3,19,0.8596491227894736,0.2970841779697213,0.9786679390163455,0.6815837610466242,0.6815837610466242
Interception_Rate,vincent,gap_0.3,20,0.8416666666499999,0.30526012003084324,0.9786564956420629,0.6733963756112197,0.6733963756112197
Interception_Rate,vincent,gap_0.3,21,0.8492063491904761,0.31298091071387424,0.9769104174111098,0.6639295066972356,0.6639295066972356
Interception_Rate,vincent,gap_0.3,22,0.8560606060454545,0.3201637614754529,0.9793726904632922,0.6592089289878393,0.6592089289878393
Interception_Rate,vincent,gap_0.3,23,0.8478260869565217,0.32603248144641817,0.9776047152707534,0.6515722338243353,0.6515722338243353
Interception_Rate,vincent,gap_0.3,24,0.8541666666666666,0.3323066903435723,0.9802636826897769,0.6479569923462046,0.6479569923462046
Interception_Rate,vincent,gap_0.3,25,0.8533333333199999,0.33820412976253333,0.9811557849638595,0.6429516552013261,0.6429516552013261
Interception_Rate,vincent,gap_0.3,26,0.8525641025384615,0.343886581470638,0.9798702436303726,0.6359836621597346,0.6359836621597346
Interception_Rate,vincent,gap_0.3,27,0.8518518518148147,0.349382484043002,0.9800493997851079,0.6306669157421059,0.6306669157421059
Interception_Rate,vincent,gap_0.3,28,0.8452380952142856,0.3547607839993797,0.9810314748795173,0.6262706908801375,0.6262706908801375
Interception_Rate,vincent,gap_0.3,29,0.8505747126206896,0.3590083062151659,0.9801899477468814,0.6211816415317155,0.6211816415317155
Interception_Rate,vincent,gap_0.3,30,0.8444444444333333,0.36133565018021296,0.9787562840177224,0.6174206338375094,0.6174206338375094
Interception_Rate,vincent,gap_0.3,31,0.8440860214838709,0.36587032937261876,0.9807283233396019,0.6148579939669832,0.6148579939669832
Interception_Rate,vincent,gap_0.3,32,0.8489583333124999,0.37036132947186196,0.9824336483799279,0.6120723189080659,0.6120723189080659
Interception_Rate,vincent,gap_0.3,33,0.8535353535151514,0.36129893686382175,0.9813225872925176,0.6200236504286959,0.6200236504286959
Interception_Rate,vincent,gap_0.3,34,0.8529411764411764,0.36575515345922804,0.979985601240259,0.614230447781031,0.614230447781031
Interception_Rate,vincent,gap_0.3,35,0.852380952342857,0.36599019340673955,0.9787112243715805,0.612721030964841,0.612721030964841
Interception_Rate,vincent,gap_0.3,36,0.8518518518055553,0.36912653005085194,0.9774945444925145,0.6083680144416626,0.6083680144416626
Interception_Rate,vincent,gap_0.3,37,0.8468468468108107,0.3722605388994148,0.9762783324479374,0.6040177935485226,0.6040177935485226
Interception_Rate,vincent,gap_0.3,38,0.8508771929473683,0.37597958981674284,0.975353023146859,0.5993734333301162,0.5993734333301162
Interception_Rate,vincent,gap_0.3,39,0.8547008546666666,0.37966598739356106,0.9742917784559434,0.5946257910623823,0.5946257910623823
Interception_Rate,vincent,gap_0.3,40,0.8541666666249998,0.3827063328990372,0.9732443708984377,0.5905380379994005,0.5905380379994005
Interception_Rate,vincent,gap_0.3,41,0.8495934959024389,0.38610806268185627,0.974193991979472,0.5880859292976157,0.5880859292976157
Interception_Rate,vincent,gap_0.3,42,0.853174603142857,0.3891636958919551,0.9731820348926501,0.584018339000695,0.584018339000695
Interception_Rate,vincent,gap_0.3,43,0.8565891472558138,0.3922736618595809,0.9721911262817997,0.5799174644222188,0.5799174644222188
Interception_Rate,vincent,gap_0.3,44,0.8522727272499999,0.3953004878331423,0.9720747802883885,0.5767742924552461,0.5767742924552461
Interception_Rate,vincent,gap_0.3,45,0.8555555555333333,0.3982590008636562,0.9725306921334658,0.5742716912698096,0.5742716912698096
Interception_Rate,vincent,gap_0.3,46,0.8550724637391304,0.4011332945139765,0.9727762403750086,0.5716429458610321,0.5716429458610321
Interception_Rate,vincent,gap_0.3,47,0.8581560283404255,0.40320900859086406,0.9718883775866869,0.5686793689958228,0.5686793689958228
Interception_Rate,vincent,gap_0.3,48,0.8611111110833333,0.40064135758512476,0.971014522752099,0.5703731651669742,0.5703731651669742
Search_Time,sim2real,Sim_35,1,0.6180870400833333,0.02,0.98,0.96,11.52
Search_Time,sim2real,Sim_35,2,0.4215949144583333,0.02,0.98,0.96,11.52
Search_Time,sim2real,Sim_35,3,0.46658000238888886,0.02,0.98,0.96,11.52
Search_Time,sim2real,Sim_35,4,0.4510078165208333,0.02,0.98,0.96,11.52
Search_Time,sim2real,Sim_35,5,0.48229054211666667,0.02,0.9299999999999999,0.9099999999999999,10.919999999999998
Search_Time,sim2real,Sim_35,6,0.46361325183333335,0.13,0.75,0.62,7.4399999999999995
Search_Time,sim2real,Sim_35,7,0.43367377679761904,0.15000000000000002,0.67,0.52,6.24
Search_Time,sim2real,Sim_35,8,0.4128324091354167,0.19,0.63,0.44,5.28
Search_Time,sim2real,Sim_35,9,0.4079496893518519,0.21000000000000002,0.61,0.39999999999999997,4.8
Search_Time,sim2real,Sim_35,10,0.39220843380833337,0.21000000000000002,0.59,0.37999999999999995,4.56
Search_Time,sim2real,Sim_35,11,0.39308353776515154,0.22999999999999998,0.59,0.36,4.32
Search_Time,sim2real,Sim_35,12,0.38862921462500005,0.25,0.5700000000000001,0.32000000000000006,3.8400000000000007
Search_Time,sim2real,Sim_35,13,0.38260868216666666,0.25,0.5700000000000001,0.32000000000000006,3.8400000000000007
Search_Time,sim2real,Sim_35,14,0.37315577859523813,0.25,0.55,0.30000000000000004,3.6000000000000005
Search_Time,sim2real,Sim_35,15,0.36743464271111115,0.25,0.55,0.30000000000000004,3.6000000000000005
Search_Time,sim2real,Sim_35,16,0.385554456875,0.27,0.55,0.28,3.3600000000000003
Search_Time,sim2real,Sim_35,17,0.3741400726862745,0.27,0.55,0.28,3.3600000000000003
Search_Time,sim2real,Sim_35,18,0.37857576542592597,0.27,0.53,0.26,3.12
Search_Time,sim2real,Sim_35,19,0.37206976072368425,0.27,0.53,0.26,3.12
Search_Time,sim2real,Sim_35,20,0.3941059698666667,0.29000000000000004,0.55,0.26,3.12
Search_Time,sim2real,Sim_35,21,0.3876742731666667,0.29000000000000004,0.55,0.26,3.12
Search_Time,sim2real,Sim_35,22,0.3798691055416667,0.27,0.53,0.26,3.12
Search_Time,sim2real,Sim_35,23,0.3823350757246377,0.29000000000000004,0.53,0.24,2.88
Search_Time,sim2real,Sim_35,24,0.3720571833368056,0.27,0.53,0.26,3.12
Search_Time,sim2real,Sim_35,25,0.3695280749266667,0.27,0.51,0.24,2.88
Search_Time,sim2real,Sim_35,26,0.3716239362435898,0.29000000000000004,0.51,0.21999999999999997,2.6399999999999997
Search_Time,sim2real,Sim_35,27,0.3722617666666667,0.29000000000000004,0.51,0.21999999999999997,2.6399999999999997
Search_Time,sim2real,Sim_35,28,0.3864564837678572,0.29000000000000004,0.53,0.24,2.88
Search_Time,sim2real,Sim_35,29,0.389345888204023,0.29000000000000004,0.53,0.24,2.88
Search_Time,sim2real,Sim_35,30,0.3864671172916667,0.29000000000000004,0.53,0.24,2.88
Search_Time,sim2real,Sim_35,31,0.38130686317204304,0.29000000000000004,0.51,0.21999999999999997,2.6399999999999997
Search_Time,sim2real,Sim_35,32,0.38319864165364587,0.29000000000000004,0.51,0.21999999999999997,2.6399999999999997
Search_Time,sim2real,Sim_35,33,0.38213130510606064,0.29000000000000004,0.51,0.21999999999999997,2.6399999999999997
Search_Time,sim2real,Sim_35,34,0.37933447996078434,0.29000000000000004,0.51,0.21999999999999997,2.6399999999999997
Search_Time,sim2real,Sim_35,35,0.37990973639285713,0.29000000000000004,0.51,0.21999999999999997,2.6399999999999997
Search_Time,sim2real,Sim_35,36,0.38956515408333336,0.29000000000000004,0.51,0.21999999999999997,2.6399999999999997
Search_Time,sim2real,Sim_35,37,0.40239109658558564,0.29000000000000004,0.51,0.21999999999999997,2.6399999999999997
Search_Time,sim2real,Sim_35,38,0.3980256547390351,0.29000000000000004,0.51,0.21999999999999997,2.6399999999999997
Search_Time,sim2real,Sim_35,39,0.39387732116239316,0.29000000000000004,0.51,0.21999999999999997,2.6399999999999997
Search_Time,sim2real,Sim_35,40,0.3907296927479167,0.29000000000000004,0.51,0.21999999999999997,2.6399999999999997
Search_Time,sim2real,Sim_35,41,0.3996268540731708,0.31,0.51,0.2,2.4000000000000004
Search_Time,sim2real,Sim_35,42,0.39459914292658727,0.29000000000000004,0.51,0.21999999999999997,2.6399999999999997
Search_Time,sim2real,Sim_35,43,0.3902267253856589,0.29000000000000004,0.51,0.21999999999999997,2.6399999999999997
Search_Time,sim2real,Sim_35,44,0.39023616368371206,0.29000000000000004,0.51,0.21999999999999997,2.6399999999999997
Search_Time,sim2real,Sim_35,45,0.3857475866537036,0.29000000000000004,0.51,0.21999999999999997,2.6399999999999997
Search_Time,sim2real,Sim_35,46,0.38913648255434774,0.29000000000000004,0.51,0.21999999999999997,2.6399999999999997
Search_Time,sim2real,Sim_35,47,0.38743633673226946,0.29000000000000004,0.51,0.21999999999999997,2.6399999999999997
Search_Time,sim2real,Sim_35,48,0.39495409852951385,0.31,0.51,0.2,2.4000000000000004
Search_Time,sim2real,Sim_252,1,0.6180870400833333,0.02,0.98,0.96,11.52
Search_Time,sim2real,Sim_252,2,0.4215949144583333,0.02,0.98,0.96,11.52
Search_Time,sim2real,Sim_252,3,0.46658000238888886,0.02,0.98,0.96,11.52
Search_Time,sim2real,Sim_252,4,0.4510078165208333,0.02,0.98,0.96,11.52
Search_Time,sim2real,Sim_252,5,0.48229054211666667,0.02,0.9515624999999999,0.9315624999999998,11.178749999999997
Search_Time,sim2real,Sim_252,6,0.46361325183333335,0.12906250000000002,0.7634375,0.6343749999999999,7.612499999999999
Search_Time,sim2real,Sim_252,7,0.43367377679761904,0.1646875,0.6834375000000001,0.5187500000000002,6.225000000000001
Search_Time,sim2real,Sim_252,8,0.4128324091354167,0.1871875,0.6409375,0.45375000000000004,5.445
Search_Time,sim2real,Sim_252,9,0.4079496893518519,0.21656250000000005,0.6196875,0.4031249999999999,4.837499999999999
Search_Time,sim2real,Sim_252,10,0.39220843380833337,0.22218749999999998,0.5971875,0.375,4.5
Search_Time,sim2real,Sim_252,11,0.39308353776515154,0.2428125,0.5859375,0.343125,4.1175
Search_Time,sim2real,Sim_252,12,0.38862921462500005,0.25343750000000004,0.5728125,0.3193749999999999,3.8324999999999987
Search_Time,sim2real,Sim_252,13,0.38260868216666666,0.2596875,0.5609375000000001,0.3012500000000001,3.615000000000001
Search_Time,sim2real,Sim_252,14,0.37315577859523813,0.25843750000000004,0.5478125,0.289375,3.4725
Search_Time,sim2real,Sim_252,15,0.36743464271111115,0.2609375,0.5365625,0.27562500000000006,3.307500000000001
Search_Time,sim2real,Sim_252,16,0.385554456875,0.28218750000000004,0.5434375,0.26125,3.135
Search_Time,sim2real,Sim_252,17,0.3741400726862745,0.27468750000000003,0.5309375000000001,0.25625000000000003,3.075
Search_Time,sim2real,Sim_252,18,0.37857576542592597,0.28343750000000006,0.5278125,0.24437499999999995,2.932499999999999
Search_Time,sim2real,Sim_252,19,0.37206976072368425,0.2815625,0.5178125,0.23625000000000002,2.835
Search_Time,sim2real,Sim_252,20,0.3941059698666667,0.29843749999999997,0.5359375000000001,0.2375000000000001,2.8500000000000014
Search_Time,sim2real,Sim_252,21,0.3876742731666667,0.2971875,0.5271875000000001,0.23000000000000015,2.7600000000000016
Search_Time,sim2real,Sim_252,22,0.3798691055416667,0.2934375000000001,0.5178125,0.22437499999999994,2.692499999999999
Search_Time,sim2real,Sim_252,23,0.3823350757246377,0.2978125,0.5146875,0.21687499999999998,2.6025
Search_Time,sim2real,Sim_252,24,0.3720571833368056,0.29031250000000003,0.5028124999999999,0.21249999999999986,2.549999999999998
Search_Time,sim2real,Sim_252,25,0.3695280749266667,0.29031250000000003,0.4953125,0.20499999999999996,2.4599999999999995
Search_Time,sim2real,Sim_252,26,0.3716239362435898,0.29406250000000006,0.4928125,0.19874999999999993,2.384999999999999
Search_Time,sim2real,Sim_252,27,0.3722617666666667,0.2965625,0.4890625,0.1925,2.31
Search_Time,sim2real,Sim_252,28,0.3864564837678572,0.3065625,0.5040625,0.19749999999999995,2.369999999999999
Search_Time,sim2real,Sim_252,29,0.389345888204023,0.3103125,0.5028124999999999,0.1924999999999999,2.3099999999999987
Search_Time,sim2real,Sim_252,30,0.3864671172916667,0.3103125,0.49656249999999996,0.18624999999999997,2.2349999999999994
Search_Time,sim2real,Sim_252,31,0.38130686317204304,0.3071875,0.4890625,0.181875,2.1825
Search_Time,sim2real,Sim_252,32,0.38319864165364587,0.3103125,0.4878125,0.1775,2.13
Search_Time,sim2real,Sim_252,33,0.38213130510606064,0.3115625,0.4840625,0.1725,2.07
Search_Time,sim2real,Sim_252,34,0.37933447996078434,0.31093750000000003,0.4784375,0.16749999999999998,2.01
Search_Time,sim2real,Sim_252,35,0.37990973639285713,0.3128125,0.47593749999999996,0.16312499999999996,1.9574999999999996
Search_Time,sim2real,Sim_252,36,0.38956515408333336,0.3203125,0.48593749999999997,0.16562499999999997,1.9874999999999996
Search_Time,sim2real,Sim_252,37,0.40239109658558564,0.3284375,0.5040625,0.17562499999999998,2.1075
Search_Time,sim2real,Sim_252,38,0.3980256547390351,0.32656250000000003,0.4978125,0.17124999999999996,2.0549999999999997
Search_Time,sim2real,Sim_252,39,0.39387732116239316,0.3246875,0.4921875,0.16749999999999998,2.01
Search_Time,sim2real,Sim_252,40,0.3907296927479167,0.3234375,0.4878125,0.164375,1.9725
Search_Time,sim2real,Sim_252,41,0.3996268540731708,0.3290625,0.49656249999999996,0.16749999999999998,2.01
Search_Time,sim2real,Sim_252,42,0.39459914292658727,0.32656250000000003,0.49093749999999997,0.16437499999999994,1.9724999999999993
Search_Time,sim2real,Sim_252,43,0.3902267253856589,0.3240625,0.4853125,0.16125,1.935
Search_Time,sim2real,Sim_252,44,0.39023616368371206,0.3253125,0.4834375,0.15812500000000002,1.8975000000000002
Search_Time,sim2real,Sim_252,45,0.3857475866537036,0.3228125,0.4790625,0.15625,1.875
Search_Time,sim2real,Sim_252,46,0.38913648255434774,0.3253125,0.4803125,0.15499999999999997,1.8599999999999997
Search_Time,sim2real,Sim_252,47,0.38743633673226946,0.3253125,0.4771875,0.15187499999999998,1.8224999999999998
Search_Time,sim2real,Sim_252,48,0.39495409852951385,0.3296875,0.4846875,0.15499999999999997,1.8599999999999997
Search_Time,sim2real,Sim_756,1,0.6180870400833333,0.02,0.98,0.96,11.52
Search_Time,sim2real,Sim_756,2,0.4215949144583333,0.02,0.98,0.96,11.52
Search_Time,sim2real,Sim_756,3,0.46658000238888886,0.02,0.98,0.96,11.52
Search_Time,sim2real,Sim_756,4,0.4510078165208333,0.02,0.98,0.96,11.52
Search_Time,sim2real,Sim_756,5,0.48229054211666667,0.02,0.98,0.96,11.52
Search_Time,sim2real,Sim_756,6,0.46361325183333335,0.1078125,0.7984375000000001,0.6906250000000002,8.287500000000001
Search_Time,sim2real,Sim_756,7,0.43367377679761904,0.14906250000000004,0.7053125,0.5562499999999999,6.674999999999999
Search_Time,sim2real,Sim_756,8,0.4128324091354167,0.1746875,0.6546875000000001,0.4800000000000001,5.760000000000002
Search_Time,sim2real,Sim_756,9,0.4079496893518519,0.2053125,0.6265624999999999,0.4212499999999999,5.054999999999999
Search_Time,sim2real,Sim_756,10,0.39220843380833337,0.21218750000000003,0.5984375,0.3862499999999999,4.634999999999999
Search_Time,sim2real,Sim_756,11,0.39308353776515154,0.23343749999999996,0.5846875,0.35125000000000006,4.215000000000001
Search_Time,sim2real,Sim_756,12,0.38862921462500005,0.2446875,0.5703125,0.325625,3.9074999999999998
Search_Time,sim2real,Sim_756,13,0.38260868216666666,0.25156249999999997,0.5559375000000001,0.3043750000000001,3.6525000000000016
Search_Time,sim2real,Sim_756,14,0.37315577859523813,0.2509375,0.5415625,0.29062499999999997,3.4875
Search_Time,sim2real,Sim_756,15,0.36743464271111115,0.2540625,0.5290625,0.27499999999999997,3.3
Search_Time,sim2real,Sim_756,16,0.385554456875,0.2759375,0.5371875000000002,0.26125000000000015,3.1350000000000016
Search_Time,sim2real,Sim_756,17,0.3741400726862745,0.26906250000000004,0.5234375,0.25437499999999996,3.0524999999999993
Search_Time,sim2real,Sim_756,18,0.37857576542592597,0.27843750000000006,0.5203125,0.2418749999999999,2.902499999999999
Search_Time,sim2real,Sim_756,19,0.37206976072368425,0.27718750000000003,0.5096875000000001,0.23250000000000004,2.7900000000000005
Search_Time,sim2real,Sim_756,20,0.3941059698666667,0.29406250000000006,0.5303125,0.2362499999999999,2.834999999999999
Search_Time,sim2real,Sim_756,21,0.3876742731666667,0.29281250000000003,0.5209375,0.22812500000000002,2.7375000000000003
Search_Time,sim2real,Sim_756,22,0.3798691055416667,0.28906250000000006,0.5103125,0.2212499999999999,2.6549999999999985
Search_Time,sim2real,Sim_756,23,0.3823350757246377,0.29406250000000006,0.5078125,0.21374999999999994,2.5649999999999995
Search_Time,sim2real,Sim_756,24,0.3720571833368056,0.2865625,0.49656249999999996,0.20999999999999996,2.5199999999999996
Search_Time,sim2real,Sim_756,25,0.3695280749266667,0.28718750000000004,0.4903125,0.20312499999999994,2.437499999999999
Search_Time,sim2real,Sim_756,26,0.3716239362435898,0.2915625,0.4878125,0.19624999999999998,2.3549999999999995
Search_Time,sim2real,Sim_756,27,0.3722617666666667,0.29406250000000006,0.4846875,0.19062499999999993,2.287499999999999
Search_Time,sim2real,Sim_756,28,0.3864564837678572,0.30406249999999996,0.49843750000000003,0.19437500000000008,2.332500000000001
Search_Time,sim2real,Sim_756,29,0.389345888204023,0.3078125,0.4971875,0.18937500000000002,2.2725
Search_Time,sim2real,Sim_756,30,0.3864671172916667,0.3078125,0.4921875,0.184375,2.2125000000000004
Search_Time,sim2real,Sim_756,31,0.38130686317204304,0.3053125,0.4853125,0.18,2.16
Search_Time,sim2real,Sim_756,32,0.38319864165364587,0.3084375,0.4840625,0.17562500000000003,2.1075000000000004
Search_Time,sim2real,Sim_756,33,0.38213130510606064,0.3096875,0.4803125,0.17062499999999997,2.0474999999999994
Search_Time,sim2real,Sim_756,34,0.37933447996078434,0.30906249999999996,0.47531249999999997,0.16625,1.995
Search_Time,sim2real,Sim_756,35,0.37990973639285713,0.31093750000000003,0.4734375,0.16249999999999998,1.9499999999999997
Search_Time,sim2real,Sim_756,36,0.38956515408333336,0.3178125,0.4828125,0.16499999999999998,1.9799999999999998
Search_Time,sim2real,Sim_756,37,0.40239109658558564,0.32593750000000005,0.4996875,0.17374999999999996,2.0849999999999995
Search_Time,sim2real,Sim_756,38,0.3980256547390351,0.3240625,0.4946875,0.17062500000000003,2.0475000000000003
Search_Time,sim2real,Sim_756,39,0.39387732116239316,0.3221875,0.4890625,0.166875,2.0025
Search_Time,sim2real,Sim_756,40,0.3907296927479167,0.32093750000000004,0.4846875,0.16374999999999995,1.9649999999999994
Search_Time,sim2real,Sim_756,41,0.3996268540731708,0.32656250000000003,0.49343750000000003,0.166875,2.0025
Search_Time,sim2real,Sim_756,42,0.39459914292658727,0.3240625,0.4878125,0.16375,1.965
Search_Time,sim2real,Sim_756,43,0.3902267253856589,0.32156250000000003,0.4828125,0.16124999999999995,1.9349999999999994
Search_Time,sim2real,Sim_756,44,0.39023616368371206,0.3228125,0.48093749999999996,0.15812499999999996,1.8974999999999995
Search_Time,sim2real,Sim_756,45,0.3857475866537036,0.3203125,0.47593749999999996,0.15562499999999996,1.8674999999999995
Search_Time,sim2real,Sim_756,46,0.38913648255434774,0.3234375,0.4771875,0.15375,1.845
Search_Time,sim2real,Sim_756,47,0.38743633673226946,0.3228125,0.4746875,0.15187499999999998,1.8224999999999998
Search_Time,sim2real,Sim_756,48,0.39495409852951385,0.3278125,0.48156249999999995,0.15374999999999994,1.8449999999999993
Search_Time,sim2real,Sim_10080,1,0.6180870400833333,0.02,0.98,0.96,11.52
Search_Time,sim2real,Sim_10080,2,0.4215949144583333,0.02,0.98,0.96,11.52
Search_Time,sim2real,Sim_10080,3,0.46658000238888886,0.02,0.98,0.96,11.52
Search_Time,sim2real,Sim_10080,4,0.4510078165208333,0.02,0.98,0.96,11.52
Search_Time,sim2real,Sim_10080,5,0.48229054211666667,0.0234375,0.7978125,0.774375,9.2925
Search_Time,sim2real,Sim_10080,6,0.46361325183333335,0.16781249999999998,0.7146874999999999,0.546875,6.5625
Search_Time,sim2real,Sim_10080,7,0.43367377679761904,0.19406250000000003,0.6540625,0.45999999999999996,5.52
Search_Time,sim2real,Sim_10080,8,0.4128324091354167,0.2109375,0.6221875000000001,0.4112500000000001,4.935000000000001
Search_Time,sim2real,Sim_10080,9,0.4079496893518519,0.2365625,0.6165624999999999,0.3799999999999999,4.559999999999999
Search_Time,sim2real,Sim_10080,10,0.39220843380833337,0.2390625,0.6115625,0.3725,4.47
Search_Time,sim2real,Sim_10080,11,0.39308353776515154,0.2571875,0.6090625,0.35187499999999994,4.222499999999999
Search_Time,sim2real,Sim_10080,12,0.38862921462500005,0.2659375,0.5965624999999999,0.3306249999999999,3.9674999999999985
Search_Time,sim2real,Sim_10080,13,0.38260868216666666,0.2703125,0.5759375,0.305625,3.6674999999999995
Search_Time,sim2real,Sim_10080,14,0.37315577859523813,0.26843750000000005,0.5540625,0.28562499999999996,3.4274999999999993
Search_Time,sim2real,Sim_10080,15,0.36743464271111115,0.2696875,0.5371875000000002,0.2675000000000001,3.2100000000000017
Search_Time,sim2real,Sim_10080,16,0.385554456875,0.28843750000000007,0.5471875000000002,0.2587500000000001,3.1050000000000013
Search_Time,sim2real,Sim_10080,17,0.3741400726862745,0.2809375,0.5296875000000001,0.24875000000000008,2.985000000000001
Search_Time,sim2real,Sim_10080,18,0.37857576542592597,0.28906250000000006,0.5253125000000001,0.23625000000000002,2.835
Search_Time,sim2real,Sim_10080,19,0.37206976072368425,0.28718750000000004,0.5134375,0.22624999999999995,2.7149999999999994
Search_Time,sim2real,Sim_10080,20,0.3941059698666667,0.3021875,0.5365625,0.23437500000000006,2.812500000000001
Search_Time,sim2real,Sim_10080,21,0.3876742731666667,0.3009375,0.5253125000000001,0.22437500000000005,2.692500000000001
Search_Time,sim2real,Sim_10080,22,0.3798691055416667,0.2971875,0.5140625,0.21687499999999998,2.6025
Search_Time,sim2real,Sim_10080,23,0.3823350757246377,0.3015625,0.5109375,0.20937500000000003,2.5125
Search_Time,sim2real,Sim_10080,24,0.3720571833368056,0.29406250000000006,0.4990625,0.20499999999999996,2.4599999999999995
Search_Time,sim2real,Sim_10080,25,0.3695280749266667,0.29406250000000006,0.4928125,0.19874999999999993,2.384999999999999
Search_Time,sim2real,Sim_10080,26,0.3716239362435898,0.2978125,0.4903125,0.1925,2.31
Search_Time,sim2real,Sim_10080,27,0.3722617666666667,0.3003125,0.48656249999999995,0.18624999999999997,2.2349999999999994
Search_Time,sim2real,Sim_10080,28,0.3864564837678572,0.30906249999999996,0.5009375,0.19187500000000007,2.302500000000001
Search_Time,sim2real,Sim_10080,29,0.389345888204023,0.3121875,0.4996875,0.1875,2.25
Search_Time,sim2real,Sim_10080,30,0.3864671172916667,0.3121875,0.4940625,0.181875,2.1825
Search_Time,sim2real,Sim_10080,31,0.38130686317204304,0.3096875,0.4871875,0.1775,2.13
Search_Time,sim2real,Sim_10080,32,0.38319864165364587,0.3128125,0.48593749999999997,0.17312499999999997,2.0774999999999997
Search_Time,sim2real,Sim_10080,33,0.38213130510606064,0.3134375,0.48156249999999995,0.16812499999999997,2.0174999999999996
Search_Time,sim2real,Sim_10080,34,0.37933447996078434,0.3128125,0.47656249999999994,0.16374999999999995,1.9649999999999994
Search_Time,sim2real,Sim_10080,35,0.37990973639285713,0.3146875,0.4746875,0.15999999999999998,1.9199999999999997
Search_Time,sim2real,Sim_10080,36,0.38956515408333336,0.3203125,0.4840625,0.16375,1.965
Search_Time,sim2real,Sim_10080,37,0.40239109658558564,0.3271875,0.5015624999999999,0.1743749999999999,2.0924999999999985
Search_Time,sim2real,Sim_10080,38,0.3980256547390351,0.32593750000000005,0.4959375,0.16999999999999993,2.039999999999999
Search_Time,sim2real,Sim_10080,39,0.39387732116239316,0.3240625,0.4903125,0.16625,1.995
Search_Time,sim2real,Sim_10080,40,0.3907296927479167,0.3228125,0.48593749999999997,0.16312499999999996,1.9574999999999996
Search_Time,sim2real,Sim_10080,41,0.3996268540731708,0.3284375,0.4953125,0.166875,2.0025
Search_Time,sim2real,Sim_10080,42,0.39459914292658727,0.3253125,0.4890625,0.16375,1.965
Search_Time,sim2real,Sim_10080,43,0.3902267253856589,0.3234375,0.4834375,0.16000000000000003,1.9200000000000004
Search_Time,sim2real,Sim_10080,44,0.39023616368371206,0.3246875,0.48156249999999995,0.15687499999999993,1.8824999999999992
Search_Time,sim2real,Sim_10080,45,0.3857475866537036,0.3221875,0.47593749999999996,0.15374999999999994,1.8449999999999993
Search_Time,sim2real,Sim_10080,46,0.38913648255434774,0.3246875,0.4778125,0.15312499999999996,1.8374999999999995
Search_Time,sim2real,Sim_10080,47,0.38743633673226946,0.3246875,0.4746875,0.14999999999999997,1.7999999999999996
Search_Time,sim2real,Sim_10080,48,0.39495409852951385,0.3290625,0.4828125,0.15375,1.845
Search_Time,sim2real,Sim_7_biased,1,0.6180870400833333,0.02,0.98,0.96,11.52
Search_Time,sim2real,Sim_7_biased,2,0.4215949144583333,0.02,0.98,0.96,11.52
Search_Time,sim2real,Sim_7_biased,3,0.46658000238888886,0.02,0.98,0.96,11.52
Search_Time,sim2real,Sim_7_biased,4,0.4510078165208333,0.02,0.98,0.96,11.52
Search_Time,sim2real,Sim_7_biased,5,0.48229054211666667,0.05,0.98,0.9299999999999999,11.16
Search_Time,sim2real,Sim_7_biased,6,0.46361325183333335,0.09,0.98,0.89,10.68
Search_Time,sim2real,Sim_7_biased,7,0.43367377679761904,0.11,0.79,0.68,8.16
Search_Time,sim2real,Sim_7_biased,8,0.4128324091354167,0.13,0.69,0.5599999999999999,6.719999999999999
Search_Time,sim2real,Sim_7_biased,9,0.4079496893518519,0.15000000000000002,0.65,0.5,6.0
Search_Time,sim2real,Sim_7_biased,10,0.39220843380833337,0.15000000000000002,0.61,0.45999999999999996,5.52
Search_Time,sim2real,Sim_7_biased,11,0.39308353776515154,0.16999999999999998,0.59,0.42,5.04
Search_Time,sim2real,Sim_7_biased,12,0.38862921462500005,0.16999999999999998,0.5700000000000001,0.4000000000000001,4.800000000000001
Search_Time,sim2real,Sim_7_biased,13,0.38260868216666666,0.16999999999999998,0.55,0.38000000000000006,4.5600000000000005
Search_Time,sim2real,Sim_7_biased,14,0.37315577859523813,0.16999999999999998,0.53,0.36000000000000004,4.32
Search_Time,sim2real,Sim_7_biased,15,0.36743464271111115,0.19,0.51,0.32,3.84
Search_Time,sim2real,Sim_7_biased,16,0.385554456875,0.19,0.53,0.34,4.08
Search_Time,sim2real,Sim_7_biased,17,0.3741400726862745,0.19,0.51,0.32,3.84
Search_Time,sim2real,Sim_7_biased,18,0.37857576542592597,0.19,0.51,0.32,3.84
Search_Time,sim2real,Sim_7_biased,19,0.37206976072368425,0.19,0.49,0.3,3.5999999999999996
Search_Time,sim2real,Sim_7_biased,20,0.3941059698666667,0.21000000000000002,0.51,0.3,3.5999999999999996
Search_Time,sim2real,Sim_7_biased,21,0.3876742731666667,0.21000000000000002,0.51,0.3,3.5999999999999996
Search_Time,sim2real,Sim_7_biased,22,0.3798691055416667,0.21000000000000002,0.49,0.27999999999999997,3.3599999999999994
Search_Time,sim2real,Sim_7_biased,23,0.3823350757246377,0.21000000000000002,0.49,0.27999999999999997,3.3599999999999994
Search_Time,sim2real,Sim_7_biased,24,0.3720571833368056,0.21000000000000002,0.49,0.27999999999999997,3.3599999999999994
Search_Time,sim2real,Sim_7_biased,25,0.3695280749266667,0.21000000000000002,0.47,0.25999999999999995,3.119999999999999
Search_Time,sim2real,Sim_7_biased,26,0.3716239362435898,0.21000000000000002,0.47,0.25999999999999995,3.119999999999999
Search_Time,sim2real,Sim_7_biased,27,0.3722617666666667,0.22999999999999998,0.47,0.24,2.88
Search_Time,sim2real,Sim_7_biased,28,0.3864564837678572,0.22999999999999998,0.49,0.26,3.12
Search_Time,sim2real,Sim_7_biased,29,0.389345888204023,0.22999999999999998,0.49,0.26,3.12
Search_Time,sim2real,Sim_7_biased,30,0.3864671172916667,0.22999999999999998,0.49,0.26,3.12
Search_Time,sim2real,Sim_7_biased,31,0.38130686317204304,0.22999999999999998,0.47,0.24,2.88
Search_Time,sim2real,Sim_7_biased,32,0.38319864165364587,0.22999999999999998,0.47,0.24,2.88
Search_Time,sim2real,Sim_7_biased,33,0.38213130510606064,0.22999999999999998,0.47,0.24,2.88
Search_Time,sim2real,Sim_7_biased,34,0.37933447996078434,0.22999999999999998,0.47,0.24,2.88
Search_Time,sim2real,Sim_7_biased,35,0.37990973639285713,0.22999999999999998,0.47,0.24,2.88
Search_Time,sim2real,Sim_7_biased,36,0.38956515408333336,0.25,0.47,0.21999999999999997,2.6399999999999997
Search_Time,sim2real,Sim_7_biased,37,0.40239109658558564,0.25,0.49,0.24,2.88
Search_Time,sim2real,Sim_7_biased,38,0.3980256547390351,0.25,0.49,0.24,2.88
Search_Time,sim2real,Sim_7_biased,39,0.39387732116239316,0.25,0.47,0.21999999999999997,2.6399999999999997
Search_Time,sim2real,Sim_7_biased,40,0.3907296927479167,0.25,0.47,0.21999999999999997,2.6399999999999997
Search_Time,sim2real,Sim_7_biased,41,0.3996268540731708,0.25,0.49,0.24,2.88
Search_Time,sim2real,Sim_7_biased,42,0.39459914292658727,0.25,0.47,0.21999999999999997,2.6399999999999997
Search_Time,sim2real,Sim_7_biased,43,0.3902267253856589,0.25,0.47,0.21999999999999997,2.6399999999999997
Search_Time,sim2real,Sim_7_biased,44,0.39023616368371206,0.25,0.47,0.21999999999999997,2.6399999999999997
Search_Time,sim2real,Sim_7_biased,45,0.3857475866537036,0.25,0.47,0.21999999999999997,2.6399999999999997
Search_Time,sim2real,Sim_7_biased,46,0.38913648255434774,0.25,0.47,0.21999999999999997,2.6399999999999997
Search_Time,sim2real,Sim_7_biased,47,0.38743633673226946,0.25,0.47,0.21999999999999997,2.6399999999999997
Search_Time,sim2real,Sim_7_biased,48,0.39495409852951385,0.25,0.47,0.21999999999999997,2.6399999999999997
Search_Time,e_value_wsr,none,1,0.6180870400833333,0.02,0.98,0.96,11.52
Search_Time,e_value_wsr,none,2,0.4215949144583333,0.02,0.98,0.96,11.52
Search_Time,e_value_wsr,none,3,0.46658000238888886,0.02,0.98,0.96,11.52
Search_Time,e_value_wsr,none,4,0.4510078165208333,0.02,0.98,0.96,11.52
Search_Time,e_value_wsr,none,5,0.48229054211666667,0.02,0.98,0.96,11.52
Search_Time,e_value_wsr,none,6,0.46361325183333335,0.02,0.98,0.96,11.52
Search_Time,e_value_wsr,none,7,0.43367377679761904,0.02,0.98,0.96,11.52
Search_Time,e_value_wsr,none,8,0.4128324091354167,0.02,0.72,0.7,8.399999999999999
Search_Time,e_value_wsr,none,9,0.4079496893518519,0.02,0.66,0.64,7.68
Search_Time,e_value_wsr,none,10,0.39220843380833337,0.02,0.62,0.6,7.199999999999999
Search_Time,e_value_wsr,none,11,0.39308353776515154,0.08,0.62,0.54,6.48
Search_Time,e_value_wsr,none,12,0.38862921462500005,0.14,0.62,0.48,5.76
Search_Time,e_value_wsr,none,13,0.38260868216666666,0.16,0.62,0.45999999999999996,5.52
Search_Time,e_value_wsr,none,14,0.37315577859523813,0.16,0.62,0.45999999999999996,5.52
Search_Time,e_value_wsr,none,15,0.36743464271111115,0.18,0.58,0.39999999999999997,4.8
Search_Time,e_value_wsr,none,16,0.385554456875,0.22,0.6,0.38,4.5600000000000005
Search_Time,e_value_wsr,none,17,0.3741400726862745,0.22,0.56,0.3400000000000001,4.080000000000001
Search_Time,e_value_wsr,none,18,0.37857576542592597,0.24,0.56,0.32000000000000006,3.8400000000000007
Search_Time,e_value_wsr,none,19,0.37206976072368425,0.24,0.54,0.30000000000000004,3.6000000000000005
Search_Time,e_value_wsr,none,20,0.3941059698666667,0.26,0.56,0.30000000000000004,3.6000000000000005
Search_Time,e_value_wsr,none,21,0.3876742731666667,0.26,0.56,0.30000000000000004,3.6000000000000005
Search_Time,e_value_wsr,none,22,0.3798691055416667,0.26,0.54,0.28,3.3600000000000003
Search_Time,e_value_wsr,none,23,0.3823350757246377,0.26,0.54,0.28,3.3600000000000003
Search_Time,e_value_wsr,none,24,0.3720571833368056,0.26,0.52,0.26,3.12
Search_Time,e_value_wsr,none,25,0.3695280749266667,0.26,0.52,0.26,3.12
Search_Time,e_value_wsr,none,26,0.3716239362435898,0.26,0.52,0.26,3.12
Search_Time,e_value_wsr,none,27,0.3722617666666667,0.26,0.52,0.26,3.12
Search_Time,e_value_wsr,none,28,0.3864564837678572,0.28,0.52,0.24,2.88
Search_Time,e_value_wsr,none,29,0.389345888204023,0.28,0.52,0.24,2.88
Search_Time,e_value_wsr,none,30,0.3864671172916667,0.28,0.52,0.24,2.88
Search_Time,e_value_wsr,none,31,0.38130686317204304,0.28,0.52,0.24,2.88
Search_Time,e_value_wsr,none,32,0.38319864165364587,0.28,0.5,0.21999999999999997,2.6399999999999997
Search_Time,e_value_wsr,none,33,0.38213130510606064,0.28,0.5,0.21999999999999997,2.6399999999999997
Search_Time,e_value_wsr,none,34,0.37933447996078434,0.28,0.5,0.21999999999999997,2.6399999999999997
Search_Time,e_value_wsr,none,35,0.37990973639285713,0.28,0.5,0.21999999999999997,2.6399999999999997
Search_Time,e_value_wsr,none,36,0.38956515408333336,0.3,0.5,0.2,2.4000000000000004
Search_Time,e_value_wsr,none,37,0.40239109658558564,0.3,0.52,0.22000000000000003,2.6400000000000006
Search_Time,e_value_wsr,none,38,0.3980256547390351,0.3,0.52,0.22000000000000003,2.6400000000000006
Search_Time,e_value_wsr,none,39,0.39387732116239316,0.3,0.5,0.2,2.4000000000000004
Search_Time,e_value_wsr,none,40,0.3907296927479167,0.3,0.5,0.2,2.4000000000000004
Search_Time,e_value_wsr,none,41,0.3996268540731708,0.3,0.52,0.22000000000000003,2.6400000000000006
Search_Time,e_value_wsr,none,42,0.39459914292658727,0.3,0.5,0.2,2.4000000000000004
Search_Time,e_value_wsr,none,43,0.3902267253856589,0.3,0.5,0.2,2.4000000000000004
Search_Time,e_value_wsr,none,44,0.39023616368371206,0.3,0.5,0.2,2.4000000000000004
Search_Time,e_value_wsr,none,45,0.3857475866537036,0.3,0.5,0.2,2.4000000000000004
Search_Time,e_value_wsr,none,46,0.38913648255434774,0.3,0.5,0.2,2.4000000000000004
Search_Time,e_value_wsr,none,47,0.38743633673226946,0.3,0.5,0.2,2.4000000000000004
Search_Time,e_value_wsr,none,48,0.39495409852951385,0.3,0.5,0.2,2.4000000000000004
Search_Time,e_value_constant_0.25,none,1,0.6180870400833333,0.02,0.98,0.96,11.52
Search_Time,e_value_constant_0.25,none,2,0.4215949144583333,0.02,0.98,0.96,11.52
Search_Time,e_value_constant_0.25,none,3,0.46658000238888886,0.02,0.98,0.96,11.52
Search_Time,e_value_constant_0.25,none,4,0.4510078165208333,0.02,0.98,0.96,11.52
Search_Time,e_value_constant_0.25,none,5,0.48229054211666667,0.02,0.98,0.96,11.52
Search_Time,e_value_constant_0.25,none,6,0.46361325183333335,0.02,0.98,0.96,11.52
Search_Time,e_value_constant_0.25,none,7,0.43367377679761904,0.02,0.98,0.96,11.52
Search_Time,e_value_constant_0.25,none,8,0.4128324091354167,0.02,0.98,0.96,11.52
Search_Time,e_value_constant_0.25,none,9,0.4079496893518519,0.02,0.98,0.96,11.52
Search_Time,e_value_constant_0.25,none,10,0.39220843380833337,0.02,0.98,0.96,11.52
Search_Time,e_value_constant_0.25,none,11,0.39308353776515154,0.02,0.98,0.96,11.52
Search_Time,e_value_constant_0.25,none,12,0.38862921462500005,0.02,0.98,0.96,11.52
Search_Time,e_value_constant_0.25,none,13,0.38260868216666666,0.02,0.98,0.96,11.52
Search_Time,e_value_constant_0.25,none,14,0.37315577859523813,0.02,0.98,0.96,11.52
Search_Time,e_value_constant_0.25,none,15,0.36743464271111115,0.02,0.98,0.96,11.52
Search_Time,e_value_constant_0.25,none,16,0.385554456875,0.02,0.98,0.96,11.52
Search_Time,e_value_constant_0.25,none,17,0.3741400726862745,0.02,0.98,0.96,11.52
Search_Time,e_value_constant_0.25,none,18,0.37857576542592597,0.02,0.98,0.96,11.52
Search_Time,e_value_constant_0.25,none,19,0.37206976072368425,0.02,0.98,0.96,11.52
Search_Time,e_value_constant_0.25,none,20,0.3941059698666667,0.02,0.98,0.96,11.52
Search_Time,e_value_constant_0.25,none,21,0.3876742731666667,0.02,0.98,0.96,11.52
Search_Time,e_value_constant_0.25,none,22,0.3798691055416667,0.02,0.98,0.96,11.52
Search_Time,e_value_constant_0.25,none,23,0.3823350757246377,0.02,0.98,0.96,11.52
Search_Time,e_value_constant_0.25,none,24,0.3720571833368056,0.02,0.98,0.96,11.52
Search_Time,e_value_constant_0.25,none,25,0.3695280749266667,0.02,0.98,0.96,11.52
Search_Time,e_value_constant_0.25,none,26,0.3716239362435898,0.02,0.98,0.96,11.52
Search_Time,e_value_constant_0.25,none,27,0.3722617666666667,0.02,0.98,0.96,11.52
Search_Time,e_value_constant_0.25,none,28,0.3864564837678572,0.02,0.96,0.94,11.28
Search_Time,e_value_constant_0.25,none,29,0.389345888204023,0.02,0.94,0.9199999999999999,11.04
Search_Time,e_value_constant_0.25,none,30,0.3864671172916667,0.02,0.92,0.9,10.8
Search_Time,e_value_constant_0.25,none,31,0.38130686317204304,0.02,0.9,0.88,10.56
Search_Time,e_value_constant_0.25,none,32,0.38319864165364587,0.02,0.88,0.86,10.32
Search_Time,e_value_constant_0.25,none,33,0.38213130510606064,0.02,0.86,0.84,10.08
Search_Time,e_value_constant_0.25,none,34,0.37933447996078434,0.02,0.86,0.84,10.08
Search_Time,e_value_constant_0.25,none,35,0.37990973639285713,0.02,0.84,0.82,9.84
Search_Time,e_value_constant_0.25,none,36,0.38956515408333336,0.02,0.84,0.82,9.84
Search_Time,e_value_constant_0.25,none,37,0.40239109658558564,0.02,0.84,0.82,9.84
Search_Time,e_value_constant_0.25,none,38,0.3980256547390351,0.02,0.82,0.7999999999999999,9.6
Search_Time,e_value_constant_0.25,none,39,0.39387732116239316,0.02,0.8,0.78,9.36
Search_Time,e_value_constant_0.25,none,40,0.3907296927479167,0.02,0.8,0.78,9.36
Search_Time,e_value_constant_0.25,none,41,0.3996268540731708,0.02,0.8,0.78,9.36
Search_Time,e_value_constant_0.25,none,42,0.39459914292658727,0.02,0.78,0.76,9.120000000000001
Search_Time,e_value_constant_0.25,none,43,0.3902267253856589,0.02,0.76,0.74,8.879999999999999
Search_Time,e_value_constant_0.25,none,44,0.39023616368371206,0.02,0.76,0.74,8.879999999999999
Search_Time,e_value_constant_0.25,none,45,0.3857475866537036,0.04,0.74,0.7,8.399999999999999
Search_Time,e_value_constant_0.25,none,46,0.38913648255434774,0.04,0.74,0.7,8.399999999999999
Search_Time,e_value_constant_0.25,none,47,0.38743633673226946,0.04,0.72,0.6799999999999999,8.16
Search_Time,e_value_constant_0.25,none,48,0.39495409852951385,0.06,0.72,0.6599999999999999,7.919999999999999
Search_Time,e_value_constant_0.5,none,1,0.6180870400833333,0.02,0.98,0.96,11.52
Search_Time,e_value_constant_0.5,none,2,0.4215949144583333,0.02,0.98,0.96,11.52
Search_Time,e_value_constant_0.5,none,3,0.46658000238888886,0.02,0.98,0.96,11.52
Search_Time,e_value_constant_0.5,none,4,0.4510078165208333,0.02,0.98,0.96,11.52
Search_Time,e_value_constant_0.5,none,5,0.48229054211666667,0.02,0.98,0.96,11.52
Search_Time,e_value_constant_0.5,none,6,0.46361325183333335,0.02,0.98,0.96,11.52
Search_Time,e_value_constant_0.5,none,7,0.43367377679761904,0.02,0.98,0.96,11.52
Search_Time,e_value_constant_0.5,none,8,0.4128324091354167,0.02,0.98,0.96,11.52
Search_Time,e_value_constant_0.5,none,9,0.4079496893518519,0.02,0.98,0.96,11.52
Search_Time,e_value_constant_0.5,none,10,0.39220843380833337,0.02,0.98,0.96,11.52
Search_Time,e_value_constant_0.5,none,11,0.39308353776515154,0.02,0.98,0.96,11.52
Search_Time,e_value_constant_0.5,none,12,0.38862921462500005,0.02,0.98,0.96,11.52
Search_Time,e_value_constant_0.5,none,13,0.38260868216666666,0.02,0.98,0.96,11.52
Search_Time,e_value_constant_0.5,none,14,0.37315577859523813,0.02,0.98,0.96,11.52
Search_Time,e_value_constant_0.5,none,15,0.36743464271111115,0.02,0.94,0.9199999999999999,11.04
Search_Time,e_value_constant_0.5,none,16,0.385554456875,0.02,0.92,0.9,10.8
Search_Time,e_value_constant_0.5,none,17,0.3741400726862745,0.02,0.88,0.86,10.32
Search_Time,e_value_constant_0.5,none,18,0.37857576542592597,0.02,0.84,0.82,9.84
Search_Time,e_value_constant_0.5,none,19,0.37206976072368425,0.02,0.82,0.7999999999999999,9.6
Search_Time,e_value_constant_0.5,none,20,0.3941059698666667,0.02,0.82,0.7999999999999999,9.6
Search_Time,e_value_constant_0.5,none,21,0.3876742731666667,0.02,0.78,0.76,9.120000000000001
Search_Time,e_value_constant_0.5,none,22,0.3798691055416667,0.02,0.76,0.74,8.879999999999999
Search_Time,e_value_constant_0.5,none,23,0.3823350757246377,0.02,0.74,0.72,8.64
Search_Time,e_value_constant_0.5,none,24,0.3720571833368056,0.02,0.72,0.7,8.399999999999999
Search_Time,e_value_constant_0.5,none,25,0.3695280749266667,0.04,0.7,0.6599999999999999,7.919999999999999
Search_Time,e_value_constant_0.5,none,26,0.3716239362435898,0.06,0.7,0.6399999999999999,7.679999999999999
Search_Time,e_value_constant_0.5,none,27,0.3722617666666667,0.06,0.68,0.6200000000000001,7.440000000000001
Search_Time,e_value_constant_0.5,none,28,0.3864564837678572,0.08,0.68,0.6000000000000001,7.200000000000001
Search_Time,e_value_constant_0.5,none,29,0.389345888204023,0.1,0.68,0.5800000000000001,6.960000000000001
Search_Time,e_value_constant_0.5,none,30,0.3864671172916667,0.1,0.66,0.56,6.720000000000001
Search_Time,e_value_constant_0.5,none,31,0.38130686317204304,0.12,0.66,0.54,6.48
Search_Time,e_value_constant_0.5,none,32,0.38319864165364587,0.12,0.64,0.52,6.24
Search_Time,e_value_constant_0.5,none,33,0.38213130510606064,0.12,0.64,0.52,6.24
Search_Time,e_value_constant_0.5,none,34,0.37933447996078434,0.14,0.62,0.48,5.76
Search_Time,e_value_constant_0.5,none,35,0.37990973639285713,0.14,0.62,0.48,5.76
Search_Time,e_value_constant_0.5,none,36,0.38956515408333336,0.16,0.62,0.45999999999999996,5.52
Search_Time,e_value_constant_0.5,none,37,0.40239109658558564,0.18,0.62,0.44,5.28
Search_Time,e_value_constant_0.5,none,38,0.3980256547390351,0.18,0.62,0.44,5.28
Search_Time,e_value_constant_0.5,none,39,0.39387732116239316,0.18,0.62,0.44,5.28
Search_Time,e_value_constant_0.5,none,40,0.3907296927479167,0.18,0.6,0.42,5.04
Search_Time,e_value_constant_0.5,none,41,0.3996268540731708,0.2,0.6,0.39999999999999997,4.8
Search_Time,e_value_constant_0.5,none,42,0.39459914292658727,0.2,0.6,0.39999999999999997,4.8
Search_Time,e_value_constant_0.5,none,43,0.3902267253856589,0.2,0.58,0.37999999999999995,4.56
Search_Time,e_value_constant_0.5,none,44,0.39023616368371206,0.2,0.58,0.37999999999999995,4.56
Search_Time,e_value_constant_0.5,none,45,0.3857475866537036,0.2,0.58,0.37999999999999995,4.56
Search_Time,e_value_constant_0.5,none,46,0.38913648255434774,0.2,0.58,0.37999999999999995,4.56
Search_Time,e_value_constant_0.5,none,47,0.38743633673226946,0.2,0.56,0.36000000000000004,4.32
Search_Time,e_value_constant_0.5,none,48,0.39495409852951385,0.22,0.58,0.36,4.32
Search_Time,hoeffding,none,1,0.6180870400833333,0.0,1.0,1.0,12.0
Search_Time,hoeffding,none,2,0.4215949144583333,0.0,1.0,1.0,12.0
Search_Time,hoeffding,none,3,0.46658000238888886,0.0,1.0,1.0,12.0
Search_Time,hoeffding,none,4,0.4510078165208333,0.0,1.0,1.0,12.0
Search_Time,hoeffding,none,5,0.48229054211666667,0.0,1.0,1.0,12.0
Search_Time,hoeffding,none,6,0.46361325183333335,0.0,1.0,1.0,12.0
Search_Time,hoeffding,none,7,0.43367377679761904,0.0,0.946987900487555,0.946987900487555,11.36385480585066
Search_Time,hoeffding,none,8,0.4128324091354167,0.0,0.8929938047953769,0.8929938047953769,10.715925657544524
Search_Time,hoeffding,none,9,0.4079496893518519,0.0,0.860650194598725,0.860650194598725,10.3278023351847
Search_Time,hoeffding,none,10,0.39220843380833337,0.0,0.8216778421550709,0.8216778421550709,9.860134105860851
Search_Time,hoeffding,none,11,0.39308353776515154,0.0,0.8025665518492044,0.8025665518492044,9.630798622190454
Search_Time,hoeffding,none,12,0.38862921462500005,0.0,0.7806793524748428,0.7806793524748428,9.368152229698113
Search_Time,hoeffding,none,13,0.38260868216666666,0.005939093529115369,0.759278270804218,0.7533391772751026,9.040070127301231
Search_Time,hoeffding,none,14,0.37315577859523813,0.010187880855254239,0.736123676335222,0.7259357954799678,8.711229545759613
Search_Time,hoeffding,none,15,0.36743464271111115,0.016774339182946574,0.7180949462392757,0.7013206070563291,8.41584728467595
Search_Time,hoeffding,none,16,0.385554456875,0.046029077939845175,0.7250798358101549,0.6790507578703098,8.148609094443717
Search_Time,hoeffding,none,17,0.3741400726862745,0.0447520727033322,0.7035280726692168,0.6587759999658847,7.905311999590616
Search_Time,hoeffding,none,18,0.37857576542592597,0.05846816831928575,0.6986833625325661,0.6402151942132803,7.682582330559364
Search_Time,hoeffding,none,19,0.37206976072368425,0.060499904819327766,0.6836396166280407,0.623139711808713,7.477676541704556
Search_Time,hoeffding,none,20,0.3941059698666667,0.09042523891251414,0.6977867008208192,0.607361461908305,7.28833754289966
Search_Time,hoeffding,none,21,0.3876742731666667,0.09131222567544534,0.6840363206578881,0.5927240949824428,7.112689139789314
Search_Time,hoeffding,none,22,0.3798691055416667,0.0903208895021263,0.6694173215812071,0.5790964320790808,6.9491571849489695
Search_Time,hoeffding,none,23,0.3823350757246377,0.09915133393995734,0.6655188175093181,0.5663674835693607,6.796409802832329
Search_Time,hoeffding,none,24,0.3720571833368056,0.09483587229806112,0.6492784943755501,0.554442622077489,6.6533114649298675
Search_Time,hoeffding,none,25,0.3695280749266667,0.09790777177854287,0.6411483780747906,0.5432406062962478,6.518887275554974
Search_Time,hoeffding,none,26,0.3716239362435898,0.10527831585122993,0.6379695566359497,0.5326912407847197,6.392294889416637
Search_Time,hoeffding,none,27,0.3722617666666667,0.11089500810010494,0.6336285252332285,0.5227335171331235,6.272802205597483
Search_Time,hoeffding,none,28,0.3864564837678572,0.12979942192288924,0.6431135456128252,0.5133141236899359,6.159769484279231
Search_Time,hoeffding,none,29,0.389345888204023,0.13715276795980197,0.641539008448244,0.504386240488442,6.052634885861305
Search_Time,hoeffding,none,30,0.3864671172916667,0.1385128387739685,0.634421395809365,0.4959085570353965,5.950902684424758
Search_Time,hoeffding,none,31,0.38130686317204304,0.13738463025442832,0.6252290960896578,0.4878444658352295,5.854133590022754
Search_Time,hoeffding,none,32,0.38319864165364587,0.14311794382366572,0.623279339483626,0.4801613956599603,5.761936747919524
Search_Time,hoeffding,none,33,0.38213130510606064,0.14571617669605336,0.618546433516068,0.4728302568200146,5.673963081840175
Search_Time,hoeffding,none,34,0.37933447996078434,0.14642199153137145,0.6122469683901972,0.46582497685882573,5.589899722305908
Search_Time,hoeffding,none,35,0.37990973639285713,0.15034868151657077,0.6094707912691435,0.4591221097525727,5.509465317030873
Search_Time,hoeffding,none,36,0.38956515408333336,0.1632149014598968,0.6159154067067699,0.4527005052468731,5.432406062962477
Search_Time,hoeffding,none,37,0.40239109658558564,0.17912058273995707,0.6256616104312143,0.4465410276912572,5.358492332295087
Search_Time,hoeffding,none,38,0.3980256547390351,0.1777124968157492,0.618338812662321,0.44062631584657186,5.287515790158862
Search_Time,hoeffding,none,39,0.39387732116239316,0.1764070327669573,0.611347609557829,0.43494057679087167,5.21928692149046
Search_Time,hoeffding,none,40,0.3907296927479167,0.17599498857454793,0.6054643969212854,0.42946940834673747,5.15363290016085
Search_Time,hoeffding,none,41,0.3996268540731708,0.1875270313333403,0.6117266768130012,0.4241996454796609,5.090395745755931
Search_Time,hoeffding,none,42,0.39459914292658727,0.185039529459215,0.6041587563939596,0.41911922693474457,5.029430723216935
Search_Time,hoeffding,none,43,0.3902267253856589,0.18311818586867104,0.5973352649026468,0.41421707903397575,4.9706049484077095
Search_Time,hoeffding,none,44,0.39023616368371206,0.1854946566416856,0.5949776707257385,0.40948301408405285,4.913796169008634
Search_Time,hoeffding,none,45,0.3857475866537036,0.18329376601760192,0.5882014072898053,0.40490764127220336,4.85889169526644
Search_Time,hoeffding,none,46,0.38913648255434774,0.18889533841662,0.5893776266920755,0.4004822882754555,4.805787459305466
Search_Time,hoeffding,none,47,0.38743633673226946,0.1893368706854863,0.5855358027790526,0.39619893209356627,4.754387185122795
Search_Time,hoeffding,none,48,0.39495409852951385,0.19892902960459252,0.5909791674544351,0.3920501378498426,4.704601654198111
Search_Time,empirical_bernstein,none,1,0.6180870400833333,0.0,1.0,1.0,12.0
Search_Time,empirical_bernstein,none,2,0.4215949144583333,0.0,1.0,1.0,12.0
Search_Time,empirical_bernstein,none,3,0.46658000238888886,0.0,1.0,1.0,12.0
Search_Time,empirical_bernstein,none,4,0.4510078165208333,0.0,1.0,1.0,12.0
Search_Time,empirical_bernstein,none,5,0.48229054211666667,0.0,1.0,1.0,12.0
Search_Time,empirical_bernstein,none,6,0.46361325183333335,0.0,1.0,1.0,12.0
Search_Time,empirical_bernstein,none,7,0.43367377679761904,0.0,1.0,1.0,12.0
Search_Time,empirical_bernstein,none,8,0.4128324091354167,0.0,1.0,1.0,12.0
Search_Time,empirical_bernstein,none,9,0.4079496893518519,0.0,1.0,1.0,12.0
Search_Time,empirical_bernstein,none,10,0.39220843380833337,0.0,1.0,1.0,12.0
Search_Time,empirical_bernstein,none,11,0.39308353776515154,0.0,1.0,1.0,12.0
Search_Time,empirical_bernstein,none,12,0.38862921462500005,0.0,1.0,1.0,12.0
Search_Time,empirical_bernstein,none,13,0.38260868216666666,0.0,1.0,1.0,12.0
Search_Time,empirical_bernstein,none,14,0.37315577859523813,0.0,1.0,1.0,12.0
Search_Time,empirical_bernstein,none,15,0.36743464271111115,0.0,1.0,1.0,12.0
Search_Time,empirical_bernstein,none,16,0.385554456875,0.0,1.0,1.0,12.0
Search_Time,empirical_bernstein,none,17,0.3741400726862745,0.0,1.0,1.0,12.0
Search_Time,empirical_bernstein,none,18,0.37857576542592597,0.0,0.9754388145695795,0.9754388145695795,11.705265774834954
Search_Time,empirical_bernstein,none,19,0.37206976072368425,0.0,0.9377459714417838,0.9377459714417838,11.252951657301406
Search_Time,empirical_bernstein,none,20,0.3941059698666667,0.0,0.9486711247967107,0.9486711247967107,11.384053497560528
Search_Time,empirical_bernstein,none,21,0.3876742731666667,0.0,0.9162441992308664,0.9162441992308664,10.994930390770397
Search_Time,empirical_bernstein,none,22,0.3798691055416667,0.0,0.8857427839742453,0.8857427839742453,10.628913407690945
Search_Time,empirical_bernstein,none,23,0.3823350757246377,0.0,0.865637591432671,0.865637591432671,10.387651097192052
Search_Time,empirical_bernstein,none,24,0.3720571833368056,0.0,0.8386493087862279,0.8386493087862279,10.063791705434735
Search_Time,empirical_bernstein,none,25,0.3695280749266667,0.0,0.8170879036044958,0.8170879036044958,9.805054843253949
Search_Time,empirical_bernstein,none,26,0.3716239362435898,0.0,0.8016002087011211,0.8016002087011211,9.619202504413455
Search_Time,empirical_bernstein,none,27,0.3722617666666667,0.0,0.7858400562701333,0.7858400562701333,9.4300806752416
Search_Time,empirical_bernstein,none,28,0.3864564837678572,0.0,0.7933737953617725,0.7933737953617725,9.52048554434127
Search_Time,empirical_bernstein,none,29,0.389345888204023,0.0,0.782187723229253,0.782187723229253,9.386252678751037
Search_Time,empirical_bernstein,none,30,0.3864671172916667,0.006716296985719905,0.7662179375976135,0.7595016406118935,9.114019687342722
Search_Time,empirical_bernstein,none,31,0.38130686317204304,0.012949559157834467,0.7496641671862516,0.7367146080284172,8.840575296341006
Search_Time,empirical_bernstein,none,32,0.38319864165364587,0.02647979977454934,0.7399174835327422,0.7134376837581928,8.561252205098313
Search_Time,empirical_bernstein,none,33,0.38213130510606064,0.03643192313581051,0.7278306870763107,0.6913987639405001,8.296785167286002
Search_Time,empirical_bernstein,none,34,0.37933447996078434,0.04366728702049699,0.7150016729010715,0.6713343858805745,8.056012630566894
Search_Time,empirical_bernstein,none,35,0.37990973639285713,0.05403590956916288,0.7057835632165514,0.6517476536473885,7.820971843768662
Search_Time,empirical_bernstein,none,36,0.38956515408333336,0.06836327763902034,0.7107670305276463,0.642403752888626,7.708845034663511
Search_Time,empirical_bernstein,none,37,0.40239109658558564,0.08239417424764983,0.7223880189235213,0.6399938446758715,7.679926136110458
Search_Time,empirical_bernstein,none,38,0.3980256547390351,0.08575556287710973,0.7102957466009604,0.6245401837238507,7.494482204686208
Search_Time,empirical_bernstein,none,39,0.39387732116239316,0.08897806378733425,0.698776578537452,0.6097985147501177,7.3175821770014124
Search_Time,empirical_bernstein,none,40,0.3907296927479167,0.09313329328063863,0.6883260922151946,0.595192798934556,7.142313587214672
Search_Time,empirical_bernstein,none,41,0.3996268540731708,0.10571746625845346,0.6935362418878879,0.5878187756294344,7.053825307553213
Search_Time,empirical_bernstein,none,42,0.39459914292658727,0.10663708034615066,0.6825612055070238,0.5759241251608731,6.911089501930477
Search_Time,empirical_bernstein,none,43,0.3902267253856589,0.10817913976780236,0.6722743110035152,0.5640951712357128,6.769142054828555
Search_Time,empirical_bernstein,none,44,0.39023616368371206,0.11470706425300325,0.6657652631144206,0.5510581988614174,6.612698386337009
Search_Time,empirical_bernstein,none,45,0.3857475866537036,0.11546271832288707,0.65603245498452,0.5405697366616329,6.486836839939595
Search_Time,empirical_bernstein,none,46,0.38913648255434774,0.12425663782970925,0.6540163272789861,0.5297596894492769,6.3571162733913225
Search_Time,empirical_bernstein,none,47,0.38743633673226946,0.1281359857454557,0.6467366877190831,0.5186007019736274,6.223208423683529
Search_Time,empirical_bernstein,none,48,0.39495409852951385,0.13830724668040917,0.6516009503786186,0.5132937036982095,6.159524444378514
Search_Time,t_test,none,1,0.6180870400833333,0.0,1.0,1.0,12.0
Search_Time,t_test,none,2,0.4215949144583333,0.0,1.0,1.0,12.0
Search_Time,t_test,none,3,0.46658000238888886,0.0,0.9916689549477169,0.9916689549477169,11.900027459372602
Search_Time,t_test,none,4,0.4510078165208333,0.17194553865845147,0.7300700943832152,0.5581245557247638,6.697494668697166
Search_Time,t_test,none,5,0.48229054211666667,0.2746666908774221,0.6899143933559112,0.4152477024784891,4.982972429741869
Search_Time,t_test,none,6,0.46361325183333335,0.29947964633902924,0.6277468573276375,0.3282672109886082,3.9392065318632987
Search_Time,t_test,none,7,0.43367377679761904,0.2826682344940423,0.5846793191011957,0.3020110846071534,3.624133015285841
Search_Time,t_test,none,8,0.4128324091354167,0.277186509943649,0.5484783083271844,0.27129179838353534,3.255501580602424
Search_Time,t_test,none,9,0.4079496893518519,0.2907448017858749,0.5251545769178289,0.23440977513195393,2.812917301583447
Search_Time,t_test,none,10,0.39220843380833337,0.2833798596741478,0.5010370079425189,0.21765714826837113,2.6118857792204535
Search_Time,t_test,none,11,0.39308353776515154,0.29610511226293834,0.49006196326736473,0.1939568510044264,2.3274822120531167
Search_Time,t_test,none,12,0.38862921462500005,0.3006314688454638,0.4766269604045363,0.17599549155907246,2.1119458987088695
Search_Time,t_test,none,13,0.38260868216666666,0.3014113705323045,0.4638059938010288,0.16239462326872434,1.948735479224692
Search_Time,t_test,none,14,0.37315577859523813,0.2958710952387889,0.45044046195168735,0.15456936671289845,1.8548324005547814
Search_Time,t_test,none,15,0.36743464271111115,0.2949591503659571,0.4399101350562652,0.1449509846903081,1.7394118162836971
Search_Time,t_test,none,16,0.385554456875,0.30789658793736013,0.4632123258126399,0.15531573787527975,1.863788854503357
Search_Time,t_test,none,17,0.3741400726862745,0.2976595205410863,0.45062062483146276,0.15296110429037646,1.8355332514845175
Search_Time,t_test,none,18,0.37857576542592597,0.30620476439497457,0.45094676645687737,0.1447420020619028,1.7369040247428336
Search_Time,t_test,none,19,0.37206976072368425,0.3025453356918556,0.4415941857555129,0.1390488500636573,1.6685862007638876
Search_Time,t_test,none,20,0.3941059698666667,0.31382581900404366,0.4743861207292897,0.16056030172524605,1.9267236207029526
Search_Time,t_test,none,21,0.3876742731666667,0.3103966947133253,0.46495185162000807,0.15455515690668276,1.854661882880193
Search_Time,t_test,none,22,0.3798691055416667,0.3046401245909124,0.455098086492421,0.15045796190150862,1.8054955428181034
Search_Time,t_test,none,23,0.3823350757246377,0.31046753919672365,0.45420261225255176,0.1437350730558281,1.7248208766699373
Search_Time,t_test,none,24,0.3720571833368056,0.3002045805698451,0.4439097861037661,0.14370520553392097,1.7244624664070516
Search_Time,t_test,none,25,0.3695280749266667,0.30057018689194315,0.4384859629613903,0.13791577606944716,1.654989312833366
Search_Time,t_test,none,26,0.3716239362435898,0.30537053683364823,0.4378773356535314,0.13250679881988314,1.5900815858385977
Search_Time,t_test,none,27,0.3722617666666667,0.30861999806237816,0.43590353527095527,0.1272835372085771,1.5274024465029252
Search_Time,t_test,none,28,0.3864564837678572,0.31866474079699064,0.4542482267387237,0.13558348594173308,1.627001831300797
Search_Time,t_test,none,29,0.389345888204023,0.32377501821869403,0.45491675818935196,0.13114173997065792,1.573700879647895
Search_Time,t_test,none,30,0.3864671172916667,0.3229444550823954,0.44998977950093805,0.12704532441854266,1.524543893022512
Search_Time,t_test,none,31,0.38130686317204304,0.31905774473668835,0.44355598160739773,0.12449823687070938,1.4939788424485125
Search_Time,t_test,none,32,0.38319864165364587,0.32288408301254873,0.4435132002947429,0.12062911728219416,1.44754940738633
Search_Time,t_test,none,33,0.38213130510606064,0.32370651347686435,0.4405560967352568,0.11684958325839245,1.4021949991007094
Search_Time,t_test,none,34,0.37933447996078434,0.32243615018759125,0.4362328097339773,0.11379665954638607,1.3655599145566328
Search_Time,t_test,none,35,0.37990973639285713,0.324710269045955,0.43510920373975925,0.11039893469380424,1.3247872163256509
Search_Time,t_test,none,36,0.38956515408333336,0.3325048603686636,0.446625447798003,0.11412058742933939,1.3694470491520727
Search_Time,t_test,none,37,0.40239109658558564,0.3411504927708519,0.46363170040031926,0.12248120762946735,1.4697744915536082
Search_Time,t_test,none,38,0.3980256547390351,0.33782100380960395,0.4582303056684662,0.12040930185886223,1.4449116223063467
Search_Time,t_test,none,39,0.39387732116239316,0.3346899411029033,0.4530647012218829,0.11837476011897963,1.4204971214277555
Search_Time,t_test,none,40,0.3907296927479167,0.33273895623393895,0.4487204292618943,0.11598147302795536,1.3917776763354643
Search_Time,t_test,none,41,0.3996268540731708,0.34032155203224534,0.458932156114096,0.11861060408185065,1.4233272489822077
Search_Time,t_test,none,42,0.39459914292658727,0.3358824522260281,0.45331583362714634,0.11743338140111825,1.409200576813419
Search_Time,t_test,none,43,0.3902267253856589,0.3322577147507021,0.44819573602061547,0.11593802126991337,1.3912562552389605
Search_Time,t_test,none,44,0.39023616368371206,0.33363894447921055,0.44683338288821334,0.11319443840900278,1.3583332609080334
Search_Time,t_test,none,45,0.3857475866537036,0.32972355923950725,0.4417716140678998,0.11204805482839253,1.3445766579407104
Search_Time,t_test,none,46,0.38913648255434774,0.3339545092412676,0.44431845586742774,0.11036394662616011,1.3243673595139214
Search_Time,t_test,none,47,0.38743633673226946,0.3333651839334504,0.4415074895310884,0.10814230559763804,1.2977076671716565
Search_Time,t_test,none,48,0.39495409852951385,0.3399324361761433,0.4499757608828845,0.11004332470674116,1.320519896480894
Search_Time,z_test,none,1,0.6180870400833333,0.0,1.0,1.0,12.0
Search_Time,z_test,none,2,0.4215949144583333,0.03647742498761353,0.8067124039290531,0.7702349789414396,9.242819747297276
Search_Time,z_test,none,3,0.46658000238888886,0.2273890891783806,0.7057709155993971,0.47838182642101645,5.7405819170521974
Search_Time,z_test,none,4,0.4510078165208333,0.2791425400680001,0.6228730929736666,0.34373055290566645,4.124766634867997
Search_Time,z_test,none,5,0.48229054211666667,0.33572352733989497,0.6288575568934384,0.2931340295535434,3.5176083546425208
Search_Time,z_test,none,6,0.46361325183333335,0.3384680606398911,0.5887584430267756,0.2502903823868845,3.003484588642614
Search_Time,z_test,none,7,0.43367377679761904,0.3127191030413487,0.5546284505538893,0.24190934751254062,2.902912170150487
Search_Time,z_test,none,8,0.4128324091354167,0.30039971419336625,0.5252651040774672,0.22486538988410093,2.6983846786092114
Search_Time,z_test,none,9,0.4079496893518519,0.3083326266799079,0.5075667520237959,0.19923412534388796,2.3908095041266555
Search_Time,z_test,none,10,0.39220843380833337,0.29791786491903416,0.4864990026976326,0.18858113777859842,2.262973653343181
Search_Time,z_test,none,11,0.39308353776515154,0.3077772647318902,0.47838981079841286,0.17061254606652265,2.047350552798272
Search_Time,z_test,none,12,0.38862921462500005,0.3102677537771211,0.466990675472879,0.15672292169575786,1.8806750603490943
Search_Time,z_test,none,13,0.38260868216666666,0.3095671596099037,0.4556502047234296,0.14608304511352588,1.7529965413623105
Search_Time,z_test,none,14,0.37315577859523813,0.30304033997220226,0.443271217218274,0.14023087724607175,1.682770526952861
Search_Time,z_test,none,15,0.36743464271111115,0.3012045809718375,0.4336647044503848,0.1324601234785473,1.5895214817425676
Search_Time,z_test,none,16,0.385554456875,0.31414454405252,0.45696436969748,0.14281982564495999,1.7138379077395198
Search_Time,z_test,none,17,0.3741400726862745,0.30342977832671564,0.4448503670458334,0.14142058871911778,1.6970470646294133
Search_Time,z_test,none,18,0.37857576542592597,0.31134498135357935,0.4458065494982726,0.13446156814469323,1.6135388177363188
Search_Time,z_test,none,19,0.37206976072368425,0.3072099675004143,0.4369295539469542,0.12971958644653991,1.556635037358479
Search_Time,z_test,none,20,0.3941059698666667,0.3189294786874155,0.46928246104591786,0.15035298235850236,1.8042357883020284
Search_Time,z_test,none,21,0.3876742731666667,0.31506452979865873,0.46028401653467466,0.14521948673601592,1.742633840832191
Search_Time,z_test,none,22,0.3798691055416667,0.30896839787858743,0.45076981320474596,0.14180141532615853,1.7016169839139024
Search_Time,z_test,none,23,0.3823350757246377,0.31441491926362153,0.4502552321856539,0.13584031292203236,1.6300837550643883
Search_Time,z_test,none,24,0.3720571833368056,0.30397993705428594,0.44013442961932525,0.1361544925650393,1.6338539107804717
Search_Time,z_test,none,25,0.3695280749266667,0.30404279405540513,0.4350133557979283,0.1309705617425232,1.5716467409102783
Search_Time,z_test,none,26,0.3716239362435898,0.3085737561324979,0.4346741163546817,0.12610036022218385,1.5132043226662062
Search_Time,z_test,none,27,0.3722617666666667,0.31157882433955897,0.43294470899377446,0.1213658846542155,1.456390615850586
Search_Time,z_test,none,28,0.3864564837678572,0.3216999780014748,0.45121298953423955,0.12951301153276473,1.5541561383931768
Search_Time,z_test,none,29,0.389345888204023,0.326606142289268,0.452085634118778,0.12547949182951001,1.5057539019541202
Search_Time,z_test,none,30,0.3864671172916667,0.325592715920069,0.44734151866326444,0.12174880274319544,1.4609856329183453
Search_Time,z_test,none,31,0.38130686317204304,0.3215665333124175,0.44104719303166856,0.11948065971925104,1.4337679166310124
Search_Time,z_test,none,32,0.38319864165364587,0.32523660032028223,0.4411606829870094,0.11592408266672716,1.3910889920007259
Search_Time,z_test,none,33,0.38213130510606064,0.32591420415617633,0.43834840605594483,0.1124342018997685,1.349210422797222
Search_Time,z_test,none,34,0.37933447996078434,0.32452109159464526,0.4341478683269233,0.10962677673227805,1.3155213207873366
Search_Time,z_test,none,35,0.37990973639285713,0.32667353992649545,0.4331459328592188,0.10647239293272337,1.2776687151926804
Search_Time,z_test,none,36,0.38956515408333336,0.3344763979281784,0.4446539102384882,0.11017751231030981,1.3221301477237177
Search_Time,z_test,none,37,0.40239109658558564,0.3432077560647133,0.46157443710645785,0.11836668104174453,1.4204001725009343
Search_Time,z_test,none,38,0.3980256547390351,0.33978886347830495,0.4562624459997652,0.11647358252146023,1.3976829902575227
Search_Time,z_test,none,39,0.39387732116239316,0.3365736916193637,0.4511809507054225,0.11460725908605884,1.3752871090327061
Search_Time,z_test,none,40,0.3907296927479167,0.33453734306910704,0.44692204242672623,0.11238469935761919,1.3486163922914303
Search_Time,z_test,none,41,0.3996268540731708,0.34211477061974926,0.45713893752659207,0.1150241669068428,1.3802900028821137
Search_Time,z_test,none,42,0.39459914292658727,0.3376146097495476,0.4515836761036268,0.11396906635407922,1.3676287962489506
Search_Time,z_test,none,43,0.3902267253856589,0.3339271349243632,0.44652631584695435,0.11259918092259114,1.3511901710710936
Search_Time,z_test,none,44,0.39023616368371206,0.33523098659812745,0.44524134076929645,0.110010354171169,1.320124250054028
Search_Time,z_test,none,45,0.3857475866537036,0.3312636911896852,0.44023148211772184,0.10896779092803666,1.3076134911364399
Search_Time,z_test,none,46,0.38913648255434774,0.33543780893912045,0.4428351561695749,0.10739734723045447,1.2887681667654536
Search_Time,z_test,none,47,0.38743633673226946,0.33478705261838687,0.44008562084615194,0.10529856822776507,1.2635828187331808
Search_Time,z_test,none,48,0.39495409852951385,0.3413485385576532,0.44855965850137464,0.10721111994372146,1.2865334393246575
Search_Time,sequential_t_test,none,1,0.6180870400833333,0.0,1.0,1.0,12.0
Search_Time,sequential_t_test,none,2,0.4215949144583333,0.0,1.0,1.0,12.0
Search_Time,sequential_t_test,none,3,0.46658000238888886,0.0,1.0,1.0,12.0
Search_Time,sequential_t_test,none,4,0.4510078165208333,0.0,1.0,1.0,12.0
Search_Time,sequential_t_test,none,5,0.48229054211666667,0.0,1.0,1.0,12.0
Search_Time,sequential_t_test,none,6,0.46361325183333335,0.04143864970596456,0.8857878539607021,0.8443492042547376,10.13219045105685
Search_Time,sequential_t_test,none,7,0.43367377679761904,0.05791794346194523,0.8094296101332928,0.7515116666713476,9.018140000056171
Search_Time,sequential_t_test,none,8,0.4128324091354167,0.08266714819084064,0.7429976700799927,0.6603305218891521,7.9239662626698255
Search_Time,sequential_t_test,none,9,0.4079496893518519,0.12701666261743016,0.6888827160862736,0.5618660534688434,6.742392641626122
Search_Time,sequential_t_test,none,10,0.39220843380833337,0.13420560563475903,0.6502112619819077,0.5160056563471487,6.192067876165784
Search_Time,sequential_t_test,none,11,0.39308353776515154,0.165014778734393,0.6211522967959101,0.45613751806151714,5.473650216738205
Search_Time,sequential_t_test,none,12,0.38862921462500005,0.1829092830563934,0.5943491461936067,0.41143986313721326,4.937278357646559
Search_Time,sequential_t_test,none,13,0.38260868216666666,0.19362805263644473,0.5715893116968886,0.3779612590604439,4.535535108725327
Search_Time,sequential_t_test,none,14,0.37315577859523813,0.19387736961135763,0.5524341875791187,0.35855681796776107,4.302681815613132
Search_Time,sequential_t_test,none,15,0.36743464271111115,0.1997262609351923,0.53514302448703,0.3354167635518377,4.025001162622052
Search_Time,sequential_t_test,none,16,0.385554456875,0.20617880979215408,0.5649301039578459,0.35875129416569185,4.305015529988302
Search_Time,sequential_t_test,none,17,0.3741400726862745,0.19771244060330187,0.5505677047692472,0.35285526416594537,4.234263169991344
Search_Time,sequential_t_test,none,18,0.37857576542592597,0.21177641833881597,0.5453751125130359,0.33359869417421995,4.003184330090639
Search_Time,sequential_t_test,none,19,0.37206976072368425,0.21192139179680183,0.5322181296505667,0.3202967378537649,3.8435608542451787
Search_Time,sequential_t_test,none,20,0.3941059698666667,0.209237661334368,0.5789742783989653,0.3697366170645973,4.436839404775168
Search_Time,sequential_t_test,none,21,0.3876742731666667,0.20973598263032492,0.5656125637030085,0.3558765810726836,4.270518972872203
Search_Time,sequential_t_test,none,22,0.3798691055416667,0.2066330631692613,0.5531051479140721,0.3464720847448107,4.157665016937729
Search_Time,sequential_t_test,none,23,0.3823350757246377,0.21680190226267024,0.5478682491866051,0.3310663469239349,3.9727961630872186
Search_Time,sequential_t_test,none,24,0.3720571833368056,0.20650109496348024,0.537613271710131,0.3311121767466507,3.9733461209598087
Search_Time,sequential_t_test,none,25,0.3695280749266667,0.21057120779046926,0.5284849420628642,0.317913734272395,3.81496481126874
Search_Time,sequential_t_test,none,26,0.3716239362435898,0.21882114571564423,0.5244267267715353,0.3056055810558911,3.667266972670693
Search_Time,sequential_t_test,none,27,0.3722617666666667,0.22539543069066031,0.5191281026426731,0.29373267195201275,3.5247920634241527
Search_Time,sequential_t_test,none,28,0.3864564837678572,0.2299119512250853,0.5430010163106291,0.31308906508554385,3.7570687810265264
Search_Time,sequential_t_test,none,29,0.389345888204023,0.23782475638559805,0.5408670200224479,0.30304226363684983,3.636507163642198
Search_Time,sequential_t_test,none,30,0.3864671172916667,0.2395715365201238,0.5333626980632096,0.29379116154308577,3.5254939385170294
Search_Time,sequential_t_test,none,31,0.38130686317204304,0.23724641831476365,0.5253673080293224,0.28812088971455874,3.457450676574705
Search_Time,sequential_t_test,none,32,0.38319864165364587,0.24350504880155469,0.522892234505737,0.2793871857041823,3.3526462284501877
Search_Time,sequential_t_test,none,33,0.38213130510606064,0.24670485313821572,0.5175577570739054,0.27085290393568967,3.250234847228276
Search_Time,sequential_t_test,none,34,0.37933447996078434,0.24733710680451973,0.5113318531170489,0.26399474631252917,3.16793695575035
Search_Time,sequential_t_test,none,35,0.37990973639285713,0.25174573878592876,0.5080737339997855,0.25632799521385674,3.075935942566281
Search_Time,sequential_t_test,none,36,0.38956515408333336,0.2569676920085182,0.5221626161581484,0.2651949241496302,3.1823390897955623
Search_Time,sequential_t_test,none,37,0.40239109658558564,0.25995689409550793,0.5448252990756632,0.2848684049801553,3.4184208597618637
Search_Time,sequential_t_test,none,38,0.3980256547390351,0.2578795263970044,0.5381717830810657,0.2802922566840613,3.363507080208736
Search_Time,sequential_t_test,none,39,0.39387732116239316,0.2559792382889628,0.5317754040358234,0.27579616574686056,3.3095539889623264
Search_Time,sequential_t_test,none,40,0.3907296927479167,0.25550160536025157,0.5259577801355817,0.2704561747753301,3.2454740973039615
Search_Time,sequential_t_test,none,41,0.3996268540731708,0.2612123864262057,0.5380413217201356,0.27682893529392993,3.321947223527159
Search_Time,sequential_t_test,none,42,0.39459914292658727,0.2574385925253646,0.5317596933278098,0.2743211008024452,3.2918532096293425
Search_Time,sequential_t_test,none,43,0.3902267253856589,0.25469443542284514,0.5257590153484724,0.2710645799256272,3.2527749591075263
Search_Time,sequential_t_test,none,44,0.39023616368371206,0.2577957914273932,0.5226765359400307,0.26488074451263754,3.1785689341516505
Search_Time,sequential_t_test,none,45,0.3857475866537036,0.2545345826929027,0.5169605906145043,0.2624260079216016,3.149112095059219
Search_Time,sequential_t_test,none,46,0.38913648255434774,0.25978375517262187,0.5184892099360735,0.25870545476345164,3.1044654571614196
Search_Time,sequential_t_test,none,47,0.38743633673226946,0.26057826168634146,0.5142944117781973,0.2537161500918559,3.0445938011022706
Search_Time,sequential_t_test,none,48,0.39495409852951385,0.2657553147184476,0.5241528823405802,0.2583975676221326,3.1007708114655914
Search_Time,vincent,gap_0.05,1,0.6180870400833333,0.0,1.0,1.0,12.0
Search_Time,vincent,gap_0.05,2,0.4215949144583333,0.0,1.0,1.0,12.0
Search_Time,vincent,gap_0.05,3,0.46658000238888886,0.05169976648788088,0.9666016209966231,0.9149018545087422,10.978822254104905
Search_Time,vincent,gap_0.05,4,0.4510078165208333,0.08835447389921092,0.9413663397354612,0.8530118658362503,10.236142390035004
Search_Time,vincent,gap_0.05,5,0.48229054211666667,0.12156151736543941,0.9031932885002196,0.7816317711347802,9.379581253617364
Search_Time,vincent,gap_0.05,6,0.46361325183333335,0.1521801296599502,0.8841306879115401,0.7319505582515899,8.783406699019078
Search_Time,vincent,gap_0.05,7,0.43367377679761904,0.11027808085728308,0.861127723311775,0.7508496424544919,9.010195709453903
Search_Time,vincent,gap_0.05,8,0.4128324091354167,0.14024401374864426,0.87870917299391,0.7384651592452658,8.86158191094319
Search_Time,vincent,gap_0.05,9,0.4079496893518519,0.15744702361283014,0.8550591868716143,0.6976121632587842,8.37134595910541
Search_Time,vincent,gap_0.05,10,0.39220843380833337,0.17965599349438066,0.8406296862103695,0.6609736927159888,7.931684312591866
Search_Time,vincent,gap_0.05,11,0.39308353776515154,0.1887931660067006,0.8213732829659884,0.6325801169592878,7.590961403511454
Search_Time,vincent,gap_0.05,12,0.38862921462500005,0.19629739365256893,0.801317282585347,0.605019888932778,7.260238667193336
Search_Time,vincent,gap_0.05,13,0.38260868216666666,0.19895297690976665,0.7833524067576156,0.584399429847849,7.012793158174188
Search_Time,vincent,gap_0.05,14,0.37315577859523813,0.18524284956356663,0.7672629158964275,0.5820200663328609,6.98424079599433
Search_Time,vincent,gap_0.05,15,0.36743464271111115,0.17763635580469472,0.7526989527315415,0.5750625969268468,6.900751163122162
Search_Time,vincent,gap_0.05,16,0.385554456875,0.18060989307097497,0.7391836411595267,0.5585737480885518,6.702884977062621
Search_Time,vincent,gap_0.05,17,0.3741400726862745,0.18295553842846535,0.7253782551271208,0.5424227166986555,6.509072600383866
Search_Time,vincent,gap_0.05,18,0.37857576542592597,0.19305170903667646,0.7222592867757525,0.529207577739076,6.350490932868912
Search_Time,vincent,gap_0.05,19,0.37206976072368425,0.1818946626085869,0.7096425374944759,0.527747874885889,6.332974498630668
Search_Time,vincent,gap_0.05,20,0.3941059698666667,0.19236063342509135,0.7055768299578684,0.5132161965327771,6.158594358393325
Search_Time,vincent,gap_0.05,21,0.3876742731666667,0.20217502019585054,0.7052538620228422,0.5030788418269917,6.036946101923901
Search_Time,vincent,gap_0.05,22,0.3798691055416667,0.2030578598540369,0.6942615652893637,0.49120370543532677,5.894444465223922
Search_Time,vincent,gap_0.05,23,0.3823350757246377,0.19500004763944578,0.6837402024597479,0.4887401548203021,5.864881857843625
Search_Time,vincent,gap_0.05,24,0.3720571833368056,0.2039037243600137,0.691096312770709,0.48719258841069535,5.846311060928344
Search_Time,vincent,gap_0.05,25,0.3695280749266667,0.2130291929409902,0.6928676265960734,0.47983843365508316,5.758061203860998
Search_Time,vincent,gap_0.05,26,0.3716239362435898,0.20826558271161832,0.6833418324213643,0.47507624970974593,5.700914996516952
Search_Time,vincent,gap_0.05,27,0.3722617666666667,0.21000885588649632,0.6756555927318862,0.46564673684538993,5.587760842144679
Search_Time,vincent,gap_0.05,28,0.3864564837678572,0.21167572201504625,0.6684616850828425,0.4567859630677963,5.481431556813556
Search_Time,vincent,gap_0.05,29,0.389345888204023,0.2045549250060824,0.6605530463884361,0.45599812138235374,5.471977456588245
Search_Time,vincent,gap_0.05,30,0.3864671172916667,0.20872143181813319,0.656615946605906,0.44789451478777287,5.374734177453274
Search_Time,vincent,gap_0.05,31,0.38130686317204304,0.2161693562649698,0.6569882934365292,0.4408189371715594,5.289827246058713
Search_Time,vincent,gap_0.05,32,0.38319864165364587,0.2141450865987523,0.6499823875425363,0.43583730094378403,5.230047611325409
Search_Time,vincent,gap_0.05,33,0.38213130510606064,0.21604734540737325,0.6449107978977793,0.428863452490406,5.146361429884872
Search_Time,vincent,gap_0.05,34,0.37933447996078434,0.2229198221266664,0.6481045541641366,0.4251847320374702,5.102216784449642
Search_Time,vincent,gap_0.05,35,0.37990973639285713,0.22182224467733347,0.6418117767562439,0.41998953207891043,5.039874384946925
Search_Time,vincent,gap_0.05,36,0.38956515408333336,0.21713441482806684,0.6357240956368111,0.41858968080874426,5.023076169704931
Search_Time,vincent,gap_0.05,37,0.40239109658558564,0.21404968722124285,0.629171105604396,0.4151214183831532,4.981457020597839
Search_Time,vincent,gap_0.05,38,0.3980256547390351,0.21138854977829724,0.6222953943307027,0.41090684455240545,4.930882134628865
Search_Time,vincent,gap_0.05,39,0.39387732116239316,0.21769664990754256,0.6258712804101385,0.40817463050259595,4.898095566031151
Search_Time,vincent,gap_0.05,40,0.3907296927479167,0.2183243589522721,0.6214624426067459,0.4031380836544738,4.8376570038536855
Search_Time,vincent,gap_0.05,41,0.3996268540731708,0.21409051146472435,0.6148387344964431,0.40074822303171875,4.808978676380625
Search_Time,vincent,gap_0.05,42,0.39459914292658727,0.21158061605091882,0.6078806012398056,0.39629998518888676,4.755599822266641
Search_Time,vincent,gap_0.05,43,0.3902267253856589,0.21569681134930385,0.6076124401419283,0.3919156287926244,4.702987545511493
Search_Time,vincent,gap_0.05,44,0.39023616368371206,0.2140347469520728,0.601677502871921,0.3876427559198482,4.651713071038179
Search_Time,vincent,gap_0.05,45,0.3857475866537036,0.21042947715127935,0.5953600423351111,0.38493056518383173,4.619166782205981
Search_Time,vincent,gap_0.05,46,0.38913648255434774,0.2065105536570523,0.5892367402088573,0.382726186551805,4.59271423862166
Search_Time,vincent,gap_0.05,47,0.38743633673226946,0.2098462381216608,0.5886980176617626,0.37885177954010174,4.5462213544812204
Search_Time,vincent,gap_0.05,48,0.39495409852951385,0.21414646110155178,0.589255819013815,0.3751093579122632,4.501312294947159
Search_Time,vincent,gap_0.1,1,0.6180870400833333,0.0,1.0,1.0,12.0
Search_Time,vincent,gap_0.1,2,0.4215949144583333,0.0,1.0,1.0,12.0
Search_Time,vincent,gap_0.1,3,0.46658000238888886,0.036118135262776185,0.9766674541811673,0.9405493189183911,11.286591827020693
Search_Time,vincent,gap_0.1,4,0.4510078165208333,0.06885499220662405,0.9555192357294213,0.8866642435227973,10.639970922273568
Search_Time,vincent,gap_0.1,5,0.48229054211666667,0.10079749620485323,0.9230138010763,0.8222163048714468,9.866595658457362
Search_Time,vincent,gap_0.1,6,0.46361325183333335,0.1272476817245607,0.9039512004876206,0.7767035187630599,9.320442225156718
Search_Time,vincent,gap_0.1,7,0.43367377679761904,0.08883757007236748,0.8817997724421002,0.7929622023697327,9.515546428436792
Search_Time,vincent,gap_0.1,8,0.4128324091354167,0.11531156581325464,0.8985296855699905,0.7832181197567358,9.39861743708083
Search_Time,vincent,gap_0.1,9,0.4079496893518519,0.13251457567744063,0.8801267389362247,0.7476121632587841,8.97134595910541
Search_Time,vincent,gap_0.1,10,0.39220843380833337,0.15315182311750575,0.8634412034164569,0.7102893802989512,8.523472563587415
Search_Time,vincent,gap_0.1,11,0.39308353776515154,0.16386071807131108,0.846440835030599,0.6825801169592879,8.190961403511455
Search_Time,vincent,gap_0.1,12,0.38862921462500005,0.17136494571717942,0.8295075110487392,0.6581425653315598,7.8977107839787175
Search_Time,vincent,gap_0.1,13,0.38260868216666666,0.17496552124396292,0.8119211206413103,0.6369555993973474,7.643467192768169
Search_Time,vincent,gap_0.1,14,0.37315577859523813,0.16245858247765865,0.7961528500217028,0.6336942675440441,7.60433121052853
Search_Time,vincent,gap_0.1,15,0.36743464271111115,0.15582658426808704,0.7819349315709553,0.6261083473028682,7.513300167634419
Search_Time,vincent,gap_0.1,16,0.385554456875,0.1588221060820103,0.7689775852750509,0.6101554791930406,7.321865750316487
Search_Time,vincent,gap_0.1,17,0.3741400726862745,0.16133705956408528,0.7568827633831459,0.5955457038190606,7.146548445828727
Search_Time,vincent,gap_0.1,18,0.37857576542592597,0.17006897956832745,0.75305539763974,0.5829864180714126,6.995837016856951
Search_Time,vincent,gap_0.1,19,0.37206976072368425,0.159657009665509,0.7422659027719709,0.5826088931064619,6.991306717277543
Search_Time,vincent,gap_0.1,20,0.3941059698666667,0.16794888644596673,0.7378078240190433,0.5698589375730766,6.83830725087692
Search_Time,vincent,gap_0.1,21,0.3876742731666667,0.17733932544212938,0.7368737127008171,0.5595343872586878,6.714412647104253
Search_Time,vincent,gap_0.1,22,0.3798691055416667,0.17828810552117336,0.7273895817730491,0.5491014762518758,6.589217715022509
Search_Time,vincent,gap_0.1,23,0.3823350757246377,0.17028960097788848,0.7176664720821628,0.5473768711042744,6.568522453251292
Search_Time,vincent,gap_0.1,24,0.3720571833368056,0.17878417265449564,0.7249344641255473,0.5461502914710517,6.55380349765262
Search_Time,vincent,gap_0.1,25,0.3695280749266667,0.1868342711527805,0.7264140609092493,0.5395797897564688,6.474957477077625
Search_Time,vincent,gap_0.1,26,0.3716239362435898,0.18235261359681254,0.7173091431333376,0.5349565295365251,6.419478354438301
Search_Time,vincent,gap_0.1,27,0.3722617666666667,0.18435383251268944,0.7096016827901127,0.5252478502774233,6.302974203329079
Search_Time,vincent,gap_0.1,28,0.3864564837678572,0.1862573753846266,0.7023883042430346,0.516130928858408,6.193571146300895
Search_Time,vincent,gap_0.1,29,0.389345888204023,0.17940057845997015,0.6945904274671608,0.5151898490071907,6.182278188086288
Search_Time,vincent,gap_0.1,30,0.3864671172916667,0.1838134922859842,0.6906072067788789,0.5067937144928947,6.081524573914736
Search_Time,vincent,gap_0.1,31,0.38130686317204304,0.1902942094786586,0.6909524925850639,0.5006582831064053,6.007899397276863
Search_Time,vincent,gap_0.1,32,0.38319864165364587,0.18847517106695733,0.6841015911732314,0.4956264201062741,5.947517041275289
Search_Time,vincent,gap_0.1,33,0.38213130510606064,0.1905877024461805,0.6789964844465861,0.4884087820004056,5.860905384004868
Search_Time,vincent,gap_0.1,34,0.37933447996078434,0.19644222141430956,0.6821497208172573,0.4857074994029478,5.828489992835373
Search_Time,vincent,gap_0.1,35,0.37990973639285713,0.19563273430808925,0.6760064520433948,0.48037371773530557,5.764484612823667
Search_Time,vincent,gap_0.1,36,0.38956515408333336,0.1912146410020492,0.6701192028495253,0.4789045618474761,5.746854742169713
Search_Time,vincent,gap_0.1,37,0.40239109658558564,0.18832689469318564,0.664454621088834,0.4761277263956484,5.71353271674778
Search_Time,vincent,gap_0.1,38,0.3980256547390351,0.18585423245364596,0.6589901074016588,0.4731358749480128,5.6776304993761535
Search_Time,vincent,gap_0.1,39,0.39387732116239316,0.19116904662415402,0.6622241078269184,0.4710550612027644,5.652660734433173
Search_Time,vincent,gap_0.1,40,0.3907296927479167,0.1920403340880713,0.6574928960543371,0.46545256196626583,5.5854307435951895
Search_Time,vincent,gap_0.1,41,0.3996268540731708,0.18803649524357213,0.6523486569601218,0.46431216171654965,5.571745940598596
Search_Time,vincent,gap_0.1,42,0.39459914292658727,0.18574429269788495,0.6469217756030532,0.46117748290516825,5.534129794862019
Search_Time,vincent,gap_0.1,43,0.3902267253856589,0.19007199477315062,0.6463015101052318,0.4562295153320812,5.474754183984975
Search_Time,vincent,gap_0.1,44,0.39023616368371206,0.18856897991980093,0.6407702464457952,0.45220126652599424,5.426415198311931
Search_Time,vincent,gap_0.1,45,0.3857475866537036,0.18511467796044356,0.6351534364645783,0.4500387585041348,5.400465102049617
Search_Time,vincent,gap_0.1,46,0.38913648255434774,0.18133920052257757,0.6294938874037441,0.44815468688116655,5.377856242573999
Search_Time,vincent,gap_0.1,47,0.38743633673226946,0.18481586473859601,0.6289195824773562,0.44410371773876023,5.329244612865123
Search_Time,vincent,gap_0.1,48,0.39495409852951385,0.18918234959226377,0.6293439660390665,0.44016161644680274,5.281939397361633
Search_Time,vincent,gap_0.2,1,0.6180870400833333,0.0,1.0,1.0,12.0
Search_Time,vincent,gap_0.2,2,0.4215949144583333,0.0,1.0,1.0,12.0
Search_Time,vincent,gap_0.2,3,0.46658000238888886,0.004954872812566791,0.9967991205502558,0.991844247737689,11.902130972852268
Search_Time,vincent,gap_0.2,4,0.4510078165208333,0.03769172975641466,0.9756509020985098,0.9379591723420951,11.255510068105142
Search_Time,vincent,gap_0.2,5,0.48229054211666667,0.06003245320576145,0.9612186522130906,0.9011861990073291,10.81423438808795
Search_Time,vincent,gap_0.2,6,0.46361325183333335,0.08470053870814986,0.9391587904885633,0.8544582517804135,10.253499021364961
Search_Time,vincent,gap_0.2,7,0.43367377679761904,0.047309527751195124,0.9214407975942611,0.874131269843066,10.489575238116792
Search_Time,vincent,gap_0.2,8,0.4128324091354167,0.07004539471456561,0.9353845892910085,0.8653391945764429,10.384070334917315
Search_Time,vincent,gap_0.2,9,0.4079496893518519,0.0887167246399001,0.9200673753226134,0.8313506506827133,9.976207808192559
Search_Time,vincent,gap_0.2,10,0.39220843380833337,0.10512739576533514,0.905084284818205,0.7999568890528699,9.599482668634439
Search_Time,vincent,gap_0.2,11,0.39308353776515154,0.11799462595732213,0.8916742303957208,0.7736796044383987,9.284155253260785
Search_Time,vincent,gap_0.2,12,0.38862921462500005,0.1273435225702263,0.879471795873741,0.7521282733035147,9.025539279642176
Search_Time,vincent,gap_0.2,13,0.38260868216666666,0.13176070880947233,0.8659153500375328,0.7341546412280605,8.809855694736726
Search_Time,vincent,gap_0.2,14,0.37315577859523813,0.1195225266886294,0.8529352732187594,0.73341274653013,8.80095295836156
Search_Time,vincent,gap_0.2,15,0.36743464271111115,0.11329307060977489,0.8393737974061285,0.7260807267963536,8.712968721556244
Search_Time,vincent,gap_0.2,16,0.385554456875,0.11668566053036478,0.8270518989867666,0.7103662384564018,8.524394861476821
Search_Time,vincent,gap_0.2,17,0.3741400726862745,0.11939452343016643,0.8158338973464538,0.6964393739162874,8.357272486995448
Search_Time,vincent,gap_0.2,18,0.37857576542592597,0.12747301679229195,0.8116081113013496,0.6841350945090576,8.20962113410869
Search_Time,vincent,gap_0.2,19,0.37206976072368425,0.11740113649474337,0.8019543826937914,0.684553246199048,8.214638954388576
Search_Time,vincent,gap_0.2,20,0.3941059698666667,0.1249490526655671,0.7967814646343456,0.6718324119687785,8.061988943625343
Search_Time,vincent,gap_0.2,21,0.3876742731666667,0.1321293800278056,0.7955173436722965,0.6633879636444909,7.960655563733891
Search_Time,vincent,gap_0.2,22,0.3798691055416667,0.13395069439113372,0.787635769028001,0.6536850746368673,7.844220895642408
Search_Time,vincent,gap_0.2,23,0.3823350757246377,0.1267887827626586,0.7801705571997333,0.6533817744370747,7.840581293244896
Search_Time,vincent,gap_0.2,24,0.3720571833368056,0.13315381504113033,0.7864051136213916,0.6532512985802613,7.839015582963135
Search_Time,vincent,gap_0.2,25,0.3695280749266667,0.13919532408887636,0.7871600450990723,0.647964721010196,7.775576652122352
Search_Time,vincent,gap_0.2,26,0.3716239362435898,0.13548366973134018,0.7803791426063597,0.6448954728750195,7.738745674500233
Search_Time,vincent,gap_0.2,27,0.3722617666666667,0.13827511801552173,0.7738110986615874,0.6355359806460656,7.626431767752788
Search_Time,vincent,gap_0.2,28,0.3864564837678572,0.14090610650779922,0.7672153910894193,0.62630928458162,7.515711414979441
Search_Time,vincent,gap_0.2,29,0.389345888204023,0.13471395466853364,0.7602110100626651,0.6254970553941315,7.505964664729578
Search_Time,vincent,gap_0.2,30,0.3864671172916667,0.13970359962957735,0.7559764306163319,0.6162728309867546,7.395273971841055
Search_Time,vincent,gap_0.2,31,0.38130686317204304,0.14444747141158276,0.7560885629163805,0.6116410915047977,7.339693098057573
Search_Time,vincent,gap_0.2,32,0.38319864165364587,0.14324533338923695,0.7499628282549293,0.6067174948656924,7.2806099383883085
Search_Time,vincent,gap_0.2,33,0.38213130510606064,0.1459336129411568,0.7446176342250899,0.598684021283933,7.184208255407197
Search_Time,vincent,gap_0.2,34,0.37933447996078434,0.15014916561703817,0.7475558231138651,0.597406657496827,7.168879889961923
Search_Time,vincent,gap_0.2,35,0.37990973639285713,0.1499014083015613,0.7420993363225244,0.5921979280209632,7.1063751362515575
Search_Time,vincent,gap_0.2,36,0.38956515408333336,0.1460318814314232,0.7369153794891863,0.5908834980577631,7.090601976693157
Search_Time,vincent,gap_0.2,37,0.40239109658558564,0.14365981710285858,0.7319795931441577,0.5883197760412991,7.05983731249559
Search_Time,vincent,gap_0.2,38,0.3980256547390351,0.14164427228409981,0.7272517275288806,0.5856074552447808,7.027289462937369
Search_Time,vincent,gap_0.2,39,0.39387732116239316,0.1454949263717873,0.730204893714782,0.5847099673429947,7.016519608115937
Search_Time,vincent,gap_0.2,40,0.3907296927479167,0.14684722602909073,0.7255086567243048,0.578661430695214,6.943937168342568
Search_Time,vincent,gap_0.2,41,0.3996268540731708,0.1432984450088618,0.7208510998399765,0.5775526548311147,6.930631857973377
Search_Time,vincent,gap_0.2,42,0.39459914292658727,0.1414721087239521,0.7162892689193365,0.5748171601953844,6.897805922344613
Search_Time,vincent,gap_0.2,43,0.3902267253856589,0.14498620394908435,0.7154104730270225,0.5704242690779382,6.845091228935258
Search_Time,vincent,gap_0.2,44,0.39023616368371206,0.1438693444011312,0.7111301115335514,0.5672607671324202,6.807129205589042
Search_Time,vincent,gap_0.2,45,0.3857475866537036,0.14080015512601762,0.7069919862256202,0.5661918310996026,6.794301973195231
Search_Time,vincent,gap_0.2,46,0.38913648255434774,0.13742155041156068,0.7029616051689855,0.5655400547574249,6.786480657089099
Search_Time,vincent,gap_0.2,47,0.38743633673226946,0.14073137213969056,0.7017910218514056,0.5610596497117151,6.732715796540581
Search_Time,vincent,gap_0.2,48,0.39495409852951385,0.14397512241323862,0.7017452014304421,0.5577700790172034,6.693240948206441
Search_Time,vincent,gap_0.3,1,0.6180870400833333,0.0,1.0,1.0,12.0
Search_Time,vincent,gap_0.3,2,0.4215949144583333,0.0,1.0,1.0,12.0
Search_Time,vincent,gap_0.3,3,0.46658000238888886,0.0,1.0,1.0,12.0
Search_Time,vincent,gap_0.3,4,0.4510078165208333,0.006528467306205266,0.9957825684675982,0.9892541011613929,11.871049213936715
Search_Time,vincent,gap_0.3,5,0.48229054211666667,0.028869190755552165,0.981350318582179,0.9524811278266269,11.429773533919523
Search_Time,vincent,gap_0.3,6,0.46361325183333335,0.045360427697635264,0.9706968743010469,0.9253364466034116,11.10403735924094
Search_Time,vincent,gap_0.3,7,0.43367377679761904,0.016045562074486375,0.9560800425986917,0.9400344805242054,11.280413766290465
Search_Time,vincent,gap_0.3,8,0.4128324091354167,0.03164351465955828,0.9656138737710959,0.9339703591115376,11.207644309338452
Search_Time,vincent,gap_0.3,9,0.4079496893518519,0.046896579947601214,0.9553629570971374,0.9084663771495362,10.901596525794433
Search_Time,vincent,gap_0.3,10,0.39220843380833337,0.06212420558931431,0.9432368532484934,0.8811126476591791,10.573351771910149
Search_Time,vincent,gap_0.3,11,0.39308353776515154,0.07516875976857063,0.9320782793162373,0.8569095195476667,10.282914234572
Search_Time,vincent,gap_0.3,12,0.38862921462500005,0.08506480275195705,0.9212308592322825,0.8361660564803255,10.033992677763905
Search_Time,vincent,gap_0.3,13,0.38260868216666666,0.08984317504666672,0.9113587740917587,0.821515599045092,9.858187188541104
Search_Time,vincent,gap_0.3,14,0.37315577859523813,0.07814326264168225,0.9020591944926537,0.8239159318509715,9.886991182211657
Search_Time,vincent,gap_0.3,15,0.36743464271111115,0.0723542291956345,0.8925903396492627,0.8202361104536282,9.84283332544354
Search_Time,vincent,gap_0.3,16,0.385554456875,0.07681030995181926,0.8827745735948394,0.8059642636430201,9.67157116371624
Search_Time,vincent,gap_0.3,17,0.3741400726862745,0.08117353428896545,0.8728533534034553,0.7916798191144898,9.500157829373878
Search_Time,vincent,gap_0.3,18,0.37857576542592597,0.08716450962932754,0.8678114770632965,0.780646967433969,9.367763609207628
Search_Time,vincent,gap_0.3,19,0.37206976072368425,0.07856444999820977,0.8592145422765258,0.780650092278316,9.367801107339792
Search_Time,vincent,gap_0.3,20,0.3941059698666667,0.08423712685297347,0.853457931406642,0.7692208045536685,9.230649654644022
Search_Time,vincent,gap_0.3,21,0.3876742731666667,0.09061519008648333,0.8507950973002982,0.7601799072138149,9.122158886565778
Search_Time,vincent,gap_0.3,22,0.3798691055416667,0.09283033035940291,0.8447282130742196,0.7518978827148167,9.0227745925778
Search_Time,vincent,gap_0.3,23,0.3823350757246377,0.08691151515407125,0.837829336698113,0.7509178215440417,9.0110138585285
Search_Time,vincent,gap_0.3,24,0.3720571833368056,0.09181012401533173,0.8437142593134639,0.7519041352981322,9.022849623577585
Search_Time,vincent,gap_0.3,25,0.3695280749266667,0.0972247505408721,0.8434971767233037,0.7462724261824316,8.955269114189178
Search_Time,vincent,gap_0.3,26,0.3716239362435898,0.09394135221637379,0.8378809632720634,0.7439396110556896,8.927275332668275
Search_Time,vincent,gap_0.3,27,0.3722617666666667,0.09734302749562074,0.8320228477072267,0.7346798202116059,8.81615784253927
Search_Time,vincent,gap_0.3,28,0.3864564837678572,0.10104005900642954,0.826374080104898,0.7253340210984685,8.704008253181621
Search_Time,vincent,gap_0.3,29,0.389345888204023,0.09579558407469402,0.8210107272803336,0.7252151432056396,8.702581718467675
Search_Time,vincent,gap_0.3,30,0.3864671172916667,0.0993504467371864,0.8159117016025343,0.7165612548653479,8.598735058384175
Search_Time,vincent,gap_0.3,31,0.38130686317204304,0.10292967206531412,0.8152186497151019,0.7122889776497878,8.547467731797454
Search_Time,vincent,gap_0.3,32,0.38319864165364587,0.10242933454077574,0.8105453402152801,0.7081160056745044,8.497392068094053
Search_Time,vincent,gap_0.3,33,0.38213130510606064,0.1056561745632223,0.8060564036156466,0.7004002290524243,8.404802748629091
Search_Time,vincent,gap_0.3,34,0.37933447996078434,0.10883488665472063,0.8082920051000761,0.6994571184453555,8.393485421344266
Search_Time,vincent,gap_0.3,35,0.37990973639285713,0.10924455282668877,0.8040312765498061,0.6947867237231173,8.337440684677407
Search_Time,vincent,gap_0.3,36,0.38956515408333336,0.10597187566798172,0.7999398621829505,0.6939679865149688,8.327615838179625
Search_Time,vincent,gap_0.3,37,0.40239109658558564,0.1043056713189272,0.7958762088649778,0.6915705375460506,8.298846450552606
Search_Time,vincent,gap_0.3,38,0.3980256547390351,0.10297594660900322,0.7917816303454543,0.6888056837364511,8.265668204837414
Search_Time,vincent,gap_0.3,39,0.39387732116239316,0.10566708095841881,0.7943902168939774,0.6887231359355586,8.264677631226704
Search_Time,vincent,gap_0.3,40,0.3907296927479167,0.10767773993483631,0.7903270339745218,0.6826492940396854,8.191791528476225
Search_Time,vincent,gap_0.3,41,0.3996268540731708,0.10475289513356723,0.7862769910182191,0.6815240958846519,8.178289150615823
Search_Time,vincent,gap_0.3,42,0.39459914292658727,0.10348414316675036,0.7821932583668942,0.6787091152001439,8.144509382401726
Search_Time,vincent,gap_0.3,43,0.3902267253856589,0.10595577407507761,0.7810776189947402,0.6751218449196625,8.10146213903595
Search_Time,vincent,gap_0.3,44,0.39023616368371206,0.10541143408434306,0.777261573015606,0.671850138931263,8.062201667175156
Search_Time,vincent,gap_0.3,45,0.3857475866537036,0.1028698307768473,0.7735978557179177,0.6707280249410704,8.048736299292845
Search_Time,vincent,gap_0.3,46,0.38913648255434774,0.09996405466210223,0.7700773114006283,0.6701132567385261,8.041359080862312
Search_Time,vincent,gap_0.3,47,0.38743633673226946,0.10233417869465988,0.7686227803648193,0.6662886016701595,7.995463220041914
Search_Time,vincent,gap_0.3,48,0.39495409852951385,0.10461362832062249,0.7683064832220436,0.6636928549014212,7.964314258817054
distance,sim2real,Sim_35,1,0.4164160766666667,0.02,0.98,0.96,28.799999999999997
distance,sim2real,Sim_35,2,0.5037112203333334,0.02,0.98,0.96,28.799999999999997
distance,sim2real,Sim_35,3,0.6013014151111111,0.02,0.98,0.96,28.799999999999997
distance,sim2real,Sim_35,4,0.6445698054166666,0.09,0.98,0.89,26.7
distance,sim2real,Sim_35,5,0.6044446945333333,0.27,0.98,0.71,21.299999999999997
distance,sim2real,Sim_35,6,0.6078066776666667,0.33,0.9299999999999999,0.5999999999999999,17.999999999999996
distance,sim2real,Sim_35,7,0.5880171734761905,0.35,0.83,0.48,14.399999999999999
distance,sim2real,Sim_35,8,0.5611593605,0.35,0.79,0.44000000000000006,13.200000000000001
distance,sim2real,Sim_35,9,0.5359307042962963,0.35,0.75,0.4,12.0
distance,sim2real,Sim_35,10,0.5472101216333334,0.37,0.73,0.36,10.799999999999999
distance,sim2real,Sim_35,11,0.5232413275848485,0.37,0.71,0.33999999999999997,10.2
distance,sim2real,Sim_35,12,0.5174107010361112,0.37,0.69,0.31999999999999995,9.599999999999998
distance,sim2real,Sim_35,13,0.506839721648718,0.37,0.67,0.30000000000000004,9.000000000000002
distance,sim2real,Sim_35,14,0.5039117261976191,0.37,0.65,0.28,8.4
distance,sim2real,Sim_35,15,0.5262417778733334,0.41000000000000003,0.67,0.26,7.800000000000001
distance,sim2real,Sim_35,16,0.5308130119437501,0.41000000000000003,0.67,0.26,7.800000000000001
distance,sim2real,Sim_35,17,0.5369400658882354,0.41000000000000003,0.67,0.26,7.800000000000001
distance,sim2real,Sim_35,18,0.5294208767277779,0.41000000000000003,0.65,0.24,7.199999999999999
distance,sim2real,Sim_35,19,0.5385114740578948,0.43,0.65,0.22000000000000003,6.6000000000000005
distance,sim2real,Sim_35,20,0.5405798932216668,0.43,0.65,0.22000000000000003,6.6000000000000005
distance,sim2real,Sim_35,21,0.5286429986476191,0.43,0.65,0.22000000000000003,6.6000000000000005
distance,sim2real,Sim_35,22,0.5335014019060607,0.43,0.65,0.22000000000000003,6.6000000000000005
distance,sim2real,Sim_35,23,0.5339021714318841,0.43,0.63,0.2,6.0
distance,sim2real,Sim_35,24,0.5317749186083334,0.43,0.63,0.2,6.0
distance,sim2real,Sim_35,25,0.5308006798906667,0.43,0.63,0.2,6.0
distance,sim2real,Sim_35,26,0.535743775625641,0.45,0.63,0.18,5.3999999999999995
distance,sim2real,Sim_35,27,0.5355225879481482,0.45,0.63,0.18,5.3999999999999995
distance,sim2real,Sim_35,28,0.5241679479309524,0.43,0.61,0.18,5.3999999999999995
distance,sim2real,Sim_35,29,0.5276130661057471,0.45,0.61,0.15999999999999998,4.799999999999999
distance,sim2real,Sim_35,30,0.53262910968,0.45,0.61,0.15999999999999998,4.799999999999999
distance,sim2real,Sim_35,31,0.5365331216473119,0.45,0.61,0.15999999999999998,4.799999999999999
distance,sim2real,Sim_35,32,0.5305625331583333,0.45,0.61,0.15999999999999998,4.799999999999999
distance,sim2real,Sim_35,33,0.5275610858606061,0.45,0.61,0.15999999999999998,4.799999999999999
distance,sim2real,Sim_35,34,0.5273181767862746,0.45,0.61,0.15999999999999998,4.799999999999999
distance,sim2real,Sim_35,35,0.5263038147066668,0.45,0.59,0.13999999999999996,4.199999999999998
distance,sim2real,Sim_35,36,0.5291678401870371,0.45,0.61,0.15999999999999998,4.799999999999999
distance,sim2real,Sim_35,37,0.5237467410729731,0.45,0.59,0.13999999999999996,4.199999999999998
distance,sim2real,Sim_35,38,0.5176707303385966,0.45,0.59,0.13999999999999996,4.199999999999998
distance,sim2real,Sim_35,39,0.5228302918427351,0.45,0.59,0.13999999999999996,4.199999999999998
distance,sim2real,Sim_35,40,0.5343927508050001,0.45,0.61,0.15999999999999998,4.799999999999999
distance,sim2real,Sim_35,41,0.532939929289431,0.45,0.61,0.15999999999999998,4.799999999999999
distance,sim2real,Sim_35,42,0.5275263863809525,0.45,0.61,0.15999999999999998,4.799999999999999
distance,sim2real,Sim_35,43,0.5293313626589149,0.45,0.61,0.15999999999999998,4.799999999999999
distance,sim2real,Sim_35,44,0.536405240939394,0.47,0.61,0.14,4.2
distance,sim2real,Sim_35,45,0.5348609592814816,0.47,0.61,0.14,4.2
distance,sim2real,Sim_35,46,0.5353842444710146,0.47,0.61,0.14,4.2
distance,sim2real,Sim_35,47,0.5337599134751775,0.47,0.61,0.14,4.2
distance,sim2real,Sim_35,48,0.5279878936791668,0.45,0.61,0.15999999999999998,4.799999999999999
distance,sim2real,Sim_252,1,0.4164160766666667,0.02,0.98,0.96,28.799999999999997
distance,sim2real,Sim_252,2,0.5037112203333334,0.02,0.98,0.96,28.799999999999997
distance,sim2real,Sim_252,3,0.6013014151111111,0.02,0.98,0.96,28.799999999999997
distance,sim2real,Sim_252,4,0.6445698054166666,0.02,0.98,0.96,28.799999999999997
distance,sim2real,Sim_252,5,0.6044446945333333,0.23281249999999998,0.98,0.7471875,22.415625
distance,sim2real,Sim_252,6,0.6078066776666667,0.3221875,0.9559375,0.63375,19.012500000000003
distance,sim2real,Sim_252,7,0.5880171734761905,0.34781249999999997,0.8346875,0.48687500000000006,14.606250000000001
distance,sim2real,Sim_252,8,0.5611593605,0.3521875,0.7665625,0.41437500000000005,12.431250000000002
distance,sim2real,Sim_252,9,0.5359307042962963,0.3496875,0.7240624999999999,0.37437499999999996,11.23125
distance,sim2real,Sim_252,10,0.5472101216333334,0.3753125,0.7159375,0.340625,10.21875
distance,sim2real,Sim_252,11,0.5232413275848485,0.3653125,0.6871875000000001,0.3218750000000001,9.656250000000002
distance,sim2real,Sim_252,12,0.5174107010361112,0.3721875,0.6728125,0.30062500000000003,9.01875
distance,sim2real,Sim_252,13,0.506839721648718,0.3728125,0.6565624999999999,0.28374999999999995,8.5125
distance,sim2real,Sim_252,14,0.5039117261976191,0.3790625,0.6459375,0.26687500000000003,8.006250000000001
distance,sim2real,Sim_252,15,0.5262417778733334,0.39843750000000006,0.6634375000000001,0.26500000000000007,7.950000000000002
distance,sim2real,Sim_252,16,0.5308130119437501,0.4078125,0.6596875,0.25187499999999996,7.556249999999999
distance,sim2real,Sim_252,17,0.5369400658882354,0.4165625,0.6584375,0.241875,7.2562500000000005
distance,sim2real,Sim_252,18,0.5294208767277779,0.4159375,0.6478124999999999,0.2318749999999999,6.956249999999996
distance,sim2real,Sim_252,19,0.5385114740578948,0.4259375,0.6509375000000001,0.22500000000000003,6.750000000000001
distance,sim2real,Sim_252,20,0.5405798932216668,0.43093750000000003,0.6478124999999999,0.21687499999999987,6.506249999999996
distance,sim2real,Sim_252,21,0.5286429986476191,0.4246875,0.6359375,0.21125000000000005,6.337500000000001
distance,sim2real,Sim_252,22,0.5335014019060607,0.43093750000000003,0.6359375,0.20500000000000002,6.15
distance,sim2real,Sim_252,23,0.5339021714318841,0.4346875,0.6328125,0.198125,5.94375
distance,sim2real,Sim_252,24,0.5317749186083334,0.43593750000000003,0.6278124999999999,0.19187499999999985,5.756249999999995
distance,sim2real,Sim_252,25,0.5308006798906667,0.4384375,0.6240625,0.18562499999999998,5.56875
distance,sim2real,Sim_252,26,0.535743775625641,0.44406249999999997,0.6253124999999999,0.18124999999999997,5.437499999999999
distance,sim2real,Sim_252,27,0.5355225879481482,0.44656250000000003,0.6221875000000001,0.1756250000000001,5.2687500000000025
distance,sim2real,Sim_252,28,0.5241679479309524,0.4371875,0.6128125,0.17562499999999998,5.268749999999999
distance,sim2real,Sim_252,29,0.5276130661057471,0.4415625,0.6134375000000001,0.17187500000000006,5.156250000000002
distance,sim2real,Sim_252,30,0.53262910968,0.4471875,0.6153124999999999,0.1681249999999999,5.0437499999999975
distance,sim2real,Sim_252,31,0.5365331216473119,0.45156250000000003,0.6165624999999999,0.16499999999999987,4.949999999999996
distance,sim2real,Sim_252,32,0.5305625331583333,0.4484375,0.6109375,0.16250000000000003,4.875000000000001
distance,sim2real,Sim_252,33,0.5275610858606061,0.4478125,0.6065624999999999,0.1587499999999999,4.762499999999997
distance,sim2real,Sim_252,34,0.5273181767862746,0.4496875,0.6046875,0.15500000000000003,4.65
distance,sim2real,Sim_252,35,0.5263038147066668,0.4503125,0.6021875000000001,0.1518750000000001,4.556250000000003
distance,sim2real,Sim_252,36,0.5291678401870371,0.4540625,0.6028125,0.14875,4.4624999999999995
distance,sim2real,Sim_252,37,0.5237467410729731,0.45093750000000005,0.5984375,0.1474999999999999,4.424999999999997
distance,sim2real,Sim_252,38,0.5176707303385966,0.44656250000000003,0.5940624999999999,0.1474999999999999,4.424999999999997
distance,sim2real,Sim_252,39,0.5228302918427351,0.45093750000000005,0.5965624999999999,0.14562499999999984,4.368749999999995
distance,sim2real,Sim_252,40,0.5343927508050001,0.4584375,0.6190625,0.16062499999999996,4.818749999999999
distance,sim2real,Sim_252,41,0.532939929289431,0.4590625,0.6165624999999999,0.15749999999999992,4.724999999999998
distance,sim2real,Sim_252,42,0.5275263863809525,0.4553125,0.6109375,0.155625,4.66875
distance,sim2real,Sim_252,43,0.5293313626589149,0.4578125,0.6109375,0.153125,4.59375
distance,sim2real,Sim_252,44,0.536405240939394,0.4628125,0.6184375,0.15562499999999996,4.668749999999998
distance,sim2real,Sim_252,45,0.5348609592814816,0.4628125,0.6153124999999999,0.1524999999999999,4.5749999999999975
distance,sim2real,Sim_252,46,0.5353842444710146,0.4640625,0.6146875,0.15062500000000006,4.518750000000002
distance,sim2real,Sim_252,47,0.5337599134751775,0.4640625,0.6115625,0.14750000000000002,4.425000000000001
distance,sim2real,Sim_252,48,0.5279878936791668,0.4596875,0.6065624999999999,0.14687499999999987,4.4062499999999964
distance,sim2real,Sim_756,1,0.4164160766666667,0.02,0.98,0.96,28.799999999999997
distance,sim2real,Sim_756,2,0.5037112203333334,0.02,0.98,0.96,28.799999999999997
distance,sim2real,Sim_756,3,0.6013014151111111,0.02,0.98,0.96,28.799999999999997
distance,sim2real,Sim_756,4,0.6445698054166666,0.02,0.98,0.96,28.799999999999997
distance,sim2real,Sim_756,5,0.6044446945333333,0.16781249999999998,0.98,0.8121875000000001,24.365625
distance,sim2real,Sim_756,6,0.6078066776666667,0.2815625,0.98,0.6984375,20.953125
distance,sim2real,Sim_756,7,0.5880171734761905,0.3165625,0.8609375,0.544375,16.33125
distance,sim2real,Sim_756,8,0.5611593605,0.32593750000000005,0.7871875000000002,0.4612500000000001,13.837500000000004
distance,sim2real,Sim_756,9,0.5359307042962963,0.3271875,0.7390625,0.41187499999999994,12.356249999999998
distance,sim2real,Sim_756,10,0.5472101216333334,0.3571875,0.7296875,0.37250000000000005,11.175
distance,sim2real,Sim_756,11,0.5232413275848485,0.3484375,0.6971875000000001,0.34875000000000006,10.462500000000002
distance,sim2real,Sim_756,12,0.5174107010361112,0.3571875,0.6809375000000001,0.3237500000000001,9.712500000000002
distance,sim2real,Sim_756,13,0.506839721648718,0.3590625,0.6628125,0.30375,9.1125
distance,sim2real,Sim_756,14,0.5039117261976191,0.36593749999999997,0.6509375000000001,0.2850000000000001,8.550000000000002
distance,sim2real,Sim_756,15,0.5262417778733334,0.38843750000000005,0.6684375,0.27999999999999997,8.399999999999999
distance,sim2real,Sim_756,16,0.5308130119437501,0.3978125,0.6646875000000001,0.2668750000000001,8.006250000000003
distance,sim2real,Sim_756,17,0.5369400658882354,0.4078125,0.6628125,0.255,7.65
distance,sim2real,Sim_756,18,0.5294208767277779,0.4078125,0.6515625,0.24375000000000002,7.312500000000001
distance,sim2real,Sim_756,19,0.5385114740578948,0.41843749999999996,0.6546875000000001,0.23625000000000013,7.087500000000004
distance,sim2real,Sim_756,20,0.5405798932216668,0.4246875,0.6515625,0.22687500000000005,6.806250000000001
distance,sim2real,Sim_756,21,0.5286429986476191,0.4178125,0.6390625,0.22125,6.6375
distance,sim2real,Sim_756,22,0.5335014019060607,0.4246875,0.6390625,0.21437499999999998,6.4312499999999995
distance,sim2real,Sim_756,23,0.5339021714318841,0.42843749999999997,0.6353125,0.20687499999999998,6.206249999999999
distance,sim2real,Sim_756,24,0.5317749186083334,0.4303125,0.6296875,0.19937499999999997,5.981249999999999
distance,sim2real,Sim_756,25,0.5308006798906667,0.4328125,0.6253124999999999,0.19249999999999995,5.774999999999999
distance,sim2real,Sim_756,26,0.535743775625641,0.43906249999999997,0.6265624999999999,0.18749999999999994,5.624999999999998
distance,sim2real,Sim_756,27,0.5355225879481482,0.4415625,0.6234375000000001,0.18187500000000006,5.456250000000002
distance,sim2real,Sim_756,28,0.5241679479309524,0.4321875,0.6134375000000001,0.18125000000000008,5.437500000000003
distance,sim2real,Sim_756,29,0.5276130661057471,0.4371875,0.6140625,0.17687499999999995,5.306249999999999
distance,sim2real,Sim_756,30,0.53262910968,0.4428125,0.6159375,0.17312500000000003,5.1937500000000005
distance,sim2real,Sim_756,31,0.5365331216473119,0.4478125,0.6171875,0.169375,5.08125
distance,sim2real,Sim_756,32,0.5305625331583333,0.4446875,0.6109375,0.16625,4.987500000000001
distance,sim2real,Sim_756,33,0.5275610858606061,0.44406249999999997,0.6065624999999999,0.16249999999999992,4.874999999999997
distance,sim2real,Sim_756,34,0.5273181767862746,0.44593750000000004,0.6040625,0.1581249999999999,4.743749999999997
distance,sim2real,Sim_756,35,0.5263038147066668,0.4471875,0.6015625,0.15437499999999998,4.63125
distance,sim2real,Sim_756,36,0.5291678401870371,0.45093750000000005,0.6021875000000001,0.15125000000000005,4.537500000000001
distance,sim2real,Sim_756,37,0.5237467410729731,0.4471875,0.5965624999999999,0.14937499999999987,4.481249999999996
distance,sim2real,Sim_756,38,0.5176707303385966,0.4428125,0.5909375,0.148125,4.4437500000000005
distance,sim2real,Sim_756,39,0.5228302918427351,0.4478125,0.5946875,0.14687500000000003,4.406250000000001
distance,sim2real,Sim_756,40,0.5343927508050001,0.4553125,0.6196875,0.16437499999999994,4.931249999999999
distance,sim2real,Sim_756,41,0.532939929289431,0.45593750000000005,0.6171875,0.16124999999999995,4.837499999999999
distance,sim2real,Sim_756,42,0.5275263863809525,0.4528125,0.6121875000000001,0.1593750000000001,4.781250000000003
distance,sim2real,Sim_756,43,0.5293313626589149,0.4546875,0.6115625,0.156875,4.70625
distance,sim2real,Sim_756,44,0.536405240939394,0.4590625,0.6190625,0.15999999999999998,4.799999999999999
distance,sim2real,Sim_756,45,0.5348609592814816,0.4596875,0.6159375,0.15625,4.6875
distance,sim2real,Sim_756,46,0.5353842444710146,0.46093750000000006,0.6153124999999999,0.15437499999999987,4.631249999999996
distance,sim2real,Sim_756,47,0.5337599134751775,0.46093750000000006,0.6121875000000001,0.15125000000000005,4.537500000000001
distance,sim2real,Sim_756,48,0.5279878936791668,0.45656250000000004,0.6071875,0.15062499999999995,4.518749999999999
distance,sim2real,Sim_10080,1,0.4164160766666667,0.02,0.98,0.96,28.799999999999997
distance,sim2real,Sim_10080,2,0.5037112203333334,0.02,0.98,0.96,28.799999999999997
distance,sim2real,Sim_10080,3,0.6013014151111111,0.02,0.98,0.96,28.799999999999997
distance,sim2real,Sim_10080,4,0.6445698054166666,0.2390625,0.98,0.7409375,22.228125000000002
distance,sim2real,Sim_10080,5,0.6044446945333333,0.2859375,0.98,0.6940625,20.821875000000002
distance,sim2real,Sim_10080,6,0.6078066776666667,0.34531249999999997,0.9128125,0.5675000000000001,17.025000000000002
distance,sim2real,Sim_10080,7,0.5880171734761905,0.3621875,0.8071875000000002,0.4450000000000002,13.350000000000005
distance,sim2real,Sim_10080,8,0.5611593605,0.3640625,0.7496875000000001,0.38562500000000005,11.568750000000001
distance,sim2real,Sim_10080,9,0.5359307042962963,0.3603125,0.7115624999999999,0.3512499999999999,10.537499999999996
distance,sim2real,Sim_10080,10,0.5472101216333334,0.3828125,0.7059375,0.323125,9.69375
distance,sim2real,Sim_10080,11,0.5232413275848485,0.3721875,0.6815625000000001,0.30937500000000007,9.281250000000002
distance,sim2real,Sim_10080,12,0.5174107010361112,0.3790625,0.6684375,0.289375,8.68125
distance,sim2real,Sim_10080,13,0.506839721648718,0.3790625,0.6540625,0.27499999999999997,8.249999999999998
distance,sim2real,Sim_10080,14,0.5039117261976191,0.3846875,0.6446875000000001,0.26000000000000006,7.800000000000002
distance,sim2real,Sim_10080,15,0.5262417778733334,0.4053125,0.6603125000000001,0.25500000000000006,7.650000000000002
distance,sim2real,Sim_10080,16,0.5308130119437501,0.4103125,0.6571875,0.246875,7.40625
distance,sim2real,Sim_10080,17,0.5369400658882354,0.4159375,0.6559375000000001,0.24000000000000005,7.200000000000001
distance,sim2real,Sim_10080,18,0.5294208767277779,0.41531250000000003,0.6459375,0.23062500000000002,6.918750000000001
distance,sim2real,Sim_10080,19,0.5385114740578948,0.4215625,0.6490625,0.22749999999999998,6.824999999999999
distance,sim2real,Sim_10080,20,0.5405798932216668,0.4296875,0.6459375,0.21625000000000005,6.487500000000002
distance,sim2real,Sim_10080,21,0.5286429986476191,0.4209375,0.6353125,0.21437499999999993,6.431249999999998
distance,sim2real,Sim_10080,22,0.5335014019060607,0.4296875,0.6353125,0.20562499999999995,6.168749999999998
distance,sim2real,Sim_10080,23,0.5339021714318841,0.4346875,0.6321875000000001,0.19750000000000012,5.925000000000003
distance,sim2real,Sim_10080,24,0.5317749186083334,0.4365625,0.6278124999999999,0.19124999999999986,5.737499999999996
distance,sim2real,Sim_10080,25,0.5308006798906667,0.4396875,0.6240625,0.18437499999999996,5.531249999999998
distance,sim2real,Sim_10080,26,0.535743775625641,0.4471875,0.6253124999999999,0.17812499999999992,5.343749999999997
distance,sim2real,Sim_10080,27,0.5355225879481482,0.4503125,0.6221875000000001,0.1718750000000001,5.1562500000000036
distance,sim2real,Sim_10080,28,0.5241679479309524,0.4378125,0.6140625,0.17624999999999996,5.287499999999999
distance,sim2real,Sim_10080,29,0.5276130661057471,0.44406249999999997,0.6140625,0.16999999999999998,5.1
distance,sim2real,Sim_10080,30,0.53262910968,0.4503125,0.6159375,0.16562500000000002,4.968750000000001
distance,sim2real,Sim_10080,31,0.5365331216473119,0.45593750000000005,0.6171875,0.16124999999999995,4.837499999999999
distance,sim2real,Sim_10080,32,0.5305625331583333,0.4521875,0.6115625,0.159375,4.78125
distance,sim2real,Sim_10080,33,0.5275610858606061,0.45156250000000003,0.6078124999999999,0.15624999999999983,4.687499999999995
distance,sim2real,Sim_10080,34,0.5273181767862746,0.4534375,0.6059375,0.15250000000000002,4.575000000000001
distance,sim2real,Sim_10080,35,0.5263038147066668,0.4546875,0.6034375000000001,0.14875000000000005,4.462500000000001
distance,sim2real,Sim_10080,36,0.5291678401870371,0.4584375,0.6040625,0.14562499999999995,4.368749999999999
distance,sim2real,Sim_10080,37,0.5237467410729731,0.4546875,0.5990624999999999,0.14437499999999992,4.331249999999997
distance,sim2real,Sim_10080,38,0.5176707303385966,0.4490625,0.5934375000000001,0.1443750000000001,4.3312500000000025
distance,sim2real,Sim_10080,39,0.5228302918427351,0.4546875,0.5971875,0.14249999999999996,4.274999999999999
distance,sim2real,Sim_10080,40,0.5343927508050001,0.4634375,0.6196875,0.15624999999999994,4.687499999999998
distance,sim2real,Sim_10080,41,0.532939929289431,0.4640625,0.6171875,0.153125,4.59375
distance,sim2real,Sim_10080,42,0.5275263863809525,0.4596875,0.6121875000000001,0.15250000000000008,4.575000000000003
distance,sim2real,Sim_10080,43,0.5293313626589149,0.46218750000000003,0.6121875000000001,0.15000000000000008,4.500000000000003
distance,sim2real,Sim_10080,44,0.536405240939394,0.46781249999999996,0.6184375,0.150625,4.518750000000001
distance,sim2real,Sim_10080,45,0.5348609592814816,0.46781249999999996,0.6165624999999999,0.14874999999999994,4.462499999999999
distance,sim2real,Sim_10080,46,0.5353842444710146,0.4696875,0.6153124999999999,0.14562499999999995,4.368749999999999
distance,sim2real,Sim_10080,47,0.5337599134751775,0.4690625,0.6128125,0.14375,4.3125
distance,sim2real,Sim_10080,48,0.5279878936791668,0.4646875,0.6084375,0.14375,4.3125
distance,sim2real,Sim_7_biased,1,0.4164160766666667,0.02,0.98,0.96,28.799999999999997
distance,sim2real,Sim_7_biased,2,0.5037112203333334,0.02,0.98,0.96,28.799999999999997
distance,sim2real,Sim_7_biased,3,0.6013014151111111,0.02,0.98,0.96,28.799999999999997
distance,sim2real,Sim_7_biased,4,0.6445698054166666,0.05,0.98,0.9299999999999999,27.9
distance,sim2real,Sim_7_biased,5,0.6044446945333333,0.11,0.98,0.87,26.1
distance,sim2real,Sim_7_biased,6,0.6078066776666667,0.15000000000000002,0.98,0.83,24.9
distance,sim2real,Sim_7_biased,7,0.5880171734761905,0.16999999999999998,0.98,0.81,24.3
distance,sim2real,Sim_7_biased,8,0.5611593605,0.19,0.91,0.72,21.599999999999998
distance,sim2real,Sim_7_biased,9,0.5359307042962963,0.19,0.81,0.6200000000000001,18.6
distance,sim2real,Sim_7_biased,10,0.5472101216333334,0.21000000000000002,0.79,0.5800000000000001,17.400000000000002
distance,sim2real,Sim_7_biased,11,0.5232413275848485,0.21000000000000002,0.73,0.52,15.600000000000001
distance,sim2real,Sim_7_biased,12,0.5174107010361112,0.21000000000000002,0.71,0.49999999999999994,14.999999999999998
distance,sim2real,Sim_7_biased,13,0.506839721648718,0.21000000000000002,0.67,0.46,13.8
distance,sim2real,Sim_7_biased,14,0.5039117261976191,0.22999999999999998,0.65,0.42000000000000004,12.600000000000001
distance,sim2real,Sim_7_biased,15,0.5262417778733334,0.22999999999999998,0.67,0.44000000000000006,13.200000000000001
distance,sim2real,Sim_7_biased,16,0.5308130119437501,0.25,0.67,0.42000000000000004,12.600000000000001
distance,sim2real,Sim_7_biased,17,0.5369400658882354,0.25,0.67,0.42000000000000004,12.600000000000001
distance,sim2real,Sim_7_biased,18,0.5294208767277779,0.25,0.65,0.4,12.0
distance,sim2real,Sim_7_biased,19,0.5385114740578948,0.25,0.65,0.4,12.0
distance,sim2real,Sim_7_biased,20,0.5405798932216668,0.25,0.65,0.4,12.0
distance,sim2real,Sim_7_biased,21,0.5286429986476191,0.25,0.63,0.38,11.4
distance,sim2real,Sim_7_biased,22,0.5335014019060607,0.27,0.63,0.36,10.799999999999999
distance,sim2real,Sim_7_biased,23,0.5339021714318841,0.27,0.63,0.36,10.799999999999999
distance,sim2real,Sim_7_biased,24,0.5317749186083334,0.27,0.63,0.36,10.799999999999999
distance,sim2real,Sim_7_biased,25,0.5308006798906667,0.27,0.63,0.36,10.799999999999999
distance,sim2real,Sim_7_biased,26,0.535743775625641,0.27,0.63,0.36,10.799999999999999
distance,sim2real,Sim_7_biased,27,0.5355225879481482,0.27,0.61,0.33999999999999997,10.2
distance,sim2real,Sim_7_biased,28,0.5241679479309524,0.27,0.61,0.33999999999999997,10.2
distance,sim2real,Sim_7_biased,29,0.5276130661057471,0.27,0.61,0.33999999999999997,10.2
distance,sim2real,Sim_7_biased,30,0.53262910968,0.27,0.61,0.33999999999999997,10.2
distance,sim2real,Sim_7_biased,31,0.5365331216473119,0.27,0.61,0.33999999999999997,10.2
distance,sim2real,Sim_7_biased,32,0.5305625331583333,0.27,0.61,0.33999999999999997,10.2
distance,sim2real,Sim_7_biased,33,0.5275610858606061,0.27,0.61,0.33999999999999997,10.2
distance,sim2real,Sim_7_biased,34,0.5273181767862746,0.29000000000000004,0.59,0.29999999999999993,8.999999999999998
distance,sim2real,Sim_7_biased,35,0.5263038147066668,0.29000000000000004,0.59,0.29999999999999993,8.999999999999998
distance,sim2real,Sim_7_biased,36,0.5291678401870371,0.29000000000000004,0.59,0.29999999999999993,8.999999999999998
distance,sim2real,Sim_7_biased,37,0.5237467410729731,0.29000000000000004,0.59,0.29999999999999993,8.999999999999998
distance,sim2real,Sim_7_biased,38,0.5176707303385966,0.29000000000000004,0.59,0.29999999999999993,8.999999999999998
distance,sim2real,Sim_7_biased,39,0.5228302918427351,0.29000000000000004,0.59,0.29999999999999993,8.999999999999998
distance,sim2real,Sim_7_biased,40,0.5343927508050001,0.29000000000000004,0.61,0.31999999999999995,9.599999999999998
distance,sim2real,Sim_7_biased,41,0.532939929289431,0.29000000000000004,0.61,0.31999999999999995,9.599999999999998
distance,sim2real,Sim_7_biased,42,0.5275263863809525,0.29000000000000004,0.59,0.29999999999999993,8.999999999999998
distance,sim2real,Sim_7_biased,43,0.5293313626589149,0.29000000000000004,0.59,0.29999999999999993,8.999999999999998
distance,sim2real,Sim_7_biased,44,0.536405240939394,0.29000000000000004,0.61,0.31999999999999995,9.599999999999998
distance,sim2real,Sim_7_biased,45,0.5348609592814816,0.29000000000000004,0.61,0.31999999999999995,9.599999999999998
distance,sim2real,Sim_7_biased,46,0.5353842444710146,0.29000000000000004,0.59,0.29999999999999993,8.999999999999998
distance,sim2real,Sim_7_biased,47,0.5337599134751775,0.29000000000000004,0.59,0.29999999999999993,8.999999999999998
distance,sim2real,Sim_7_biased,48,0.5279878936791668,0.29000000000000004,0.59,0.29999999999999993,8.999999999999998
distance,e_value_wsr,none,1,0.4164160766666667,0.02,0.98,0.96,28.799999999999997
distance,e_value_wsr,none,2,0.5037112203333334,0.02,0.98,0.96,28.799999999999997
distance,e_value_wsr,none,3,0.6013014151111111,0.02,0.98,0.96,28.799999999999997
distance,e_value_wsr,none,4,0.6445698054166666,0.02,0.98,0.96,28.799999999999997
distance,e_value_wsr,none,5,0.6044446945333333,0.02,0.98,0.96,28.799999999999997
distance,e_value_wsr,none,6,0.6078066776666667,0.02,0.98,0.96,28.799999999999997
distance,e_value_wsr,none,7,0.5880171734761905,0.02,0.98,0.96,28.799999999999997
distance,e_value_wsr,none,8,0.5611593605,0.02,0.98,0.96,28.799999999999997
distance,e_value_wsr,none,9,0.5359307042962963,0.22,0.88,0.66,19.8
distance,e_value_wsr,none,10,0.5472101216333334,0.3,0.84,0.54,16.200000000000003
distance,e_value_wsr,none,11,0.5232413275848485,0.3,0.78,0.48000000000000004,14.4
distance,e_value_wsr,none,12,0.5174107010361112,0.32,0.74,0.42,12.6
distance,e_value_wsr,none,13,0.506839721648718,0.32,0.72,0.39999999999999997,11.999999999999998
distance,e_value_wsr,none,14,0.5039117261976191,0.34,0.7,0.35999999999999993,10.799999999999997
distance,e_value_wsr,none,15,0.5262417778733334,0.38,0.72,0.33999999999999997,10.2
distance,e_value_wsr,none,16,0.5308130119437501,0.38,0.72,0.33999999999999997,10.2
distance,e_value_wsr,none,17,0.5369400658882354,0.4,0.7,0.29999999999999993,8.999999999999998
distance,e_value_wsr,none,18,0.5294208767277779,0.4,0.7,0.29999999999999993,8.999999999999998
distance,e_value_wsr,none,19,0.5385114740578948,0.4,0.7,0.29999999999999993,8.999999999999998
distance,e_value_wsr,none,20,0.5405798932216668,0.4,0.7,0.29999999999999993,8.999999999999998
distance,e_value_wsr,none,21,0.5286429986476191,0.4,0.68,0.28,8.4
distance,e_value_wsr,none,22,0.5335014019060607,0.4,0.68,0.28,8.4
distance,e_value_wsr,none,23,0.5339021714318841,0.4,0.68,0.28,8.4
distance,e_value_wsr,none,24,0.5317749186083334,0.4,0.66,0.26,7.800000000000001
distance,e_value_wsr,none,25,0.5308006798906667,0.4,0.66,0.26,7.800000000000001
distance,e_value_wsr,none,26,0.535743775625641,0.42,0.66,0.24000000000000005,7.200000000000001
distance,e_value_wsr,none,27,0.5355225879481482,0.42,0.66,0.24000000000000005,7.200000000000001
distance,e_value_wsr,none,28,0.5241679479309524,0.4,0.66,0.26,7.800000000000001
distance,e_value_wsr,none,29,0.5276130661057471,0.42,0.66,0.24000000000000005,7.200000000000001
distance,e_value_wsr,none,30,0.53262910968,0.42,0.66,0.24000000000000005,7.200000000000001
distance,e_value_wsr,none,31,0.5365331216473119,0.42,0.66,0.24000000000000005,7.200000000000001
distance,e_value_wsr,none,32,0.5305625331583333,0.42,0.64,0.22000000000000003,6.6000000000000005
distance,e_value_wsr,none,33,0.5275610858606061,0.42,0.64,0.22000000000000003,6.6000000000000005
distance,e_value_wsr,none,34,0.5273181767862746,0.42,0.64,0.22000000000000003,6.6000000000000005
distance,e_value_wsr,none,35,0.5263038147066668,0.42,0.64,0.22000000000000003,6.6000000000000005
distance,e_value_wsr,none,36,0.5291678401870371,0.44,0.64,0.2,6.0
distance,e_value_wsr,none,37,0.5237467410729731,0.42,0.64,0.22000000000000003,6.6000000000000005
distance,e_value_wsr,none,38,0.5176707303385966,0.42,0.62,0.2,6.0
distance,e_value_wsr,none,39,0.5228302918427351,0.44,0.62,0.18,5.3999999999999995
distance,e_value_wsr,none,40,0.5343927508050001,0.44,0.64,0.2,6.0
distance,e_value_wsr,none,41,0.532939929289431,0.44,0.64,0.2,6.0
distance,e_value_wsr,none,42,0.5275263863809525,0.44,0.64,0.2,6.0
distance,e_value_wsr,none,43,0.5293313626589149,0.44,0.64,0.2,6.0
distance,e_value_wsr,none,44,0.536405240939394,0.44,0.64,0.2,6.0
distance,e_value_wsr,none,45,0.5348609592814816,0.44,0.64,0.2,6.0
distance,e_value_wsr,none,46,0.5353842444710146,0.44,0.64,0.2,6.0
distance,e_value_wsr,none,47,0.5337599134751775,0.44,0.62,0.18,5.3999999999999995
distance,e_value_wsr,none,48,0.5279878936791668,0.44,0.62,0.18,5.3999999999999995
distance,e_value_constant_0.25,none,1,0.4164160766666667,0.02,0.98,0.96,28.799999999999997
distance,e_value_constant_0.25,none,2,0.5037112203333334,0.02,0.98,0.96,28.799999999999997
distance,e_value_constant_0.25,none,3,0.6013014151111111,0.02,0.98,0.96,28.799999999999997
distance,e_value_constant_0.25,none,4,0.6445698054166666,0.02,0.98,0.96,28.799999999999997
distance,e_value_constant_0.25,none,5,0.6044446945333333,0.02,0.98,0.96,28.799999999999997
distance,e_value_constant_0.25,none,6,0.6078066776666667,0.02,0.98,0.96,28.799999999999997
distance,e_value_constant_0.25,none,7,0.5880171734761905,0.02,0.98,0.96,28.799999999999997
distance,e_value_constant_0.25,none,8,0.5611593605,0.02,0.98,0.96,28.799999999999997
distance,e_value_constant_0.25,none,9,0.5359307042962963,0.02,0.98,0.96,28.799999999999997
distance,e_value_constant_0.25,none,10,0.5472101216333334,0.02,0.98,0.96,28.799999999999997
distance,e_value_constant_0.25,none,11,0.5232413275848485,0.02,0.98,0.96,28.799999999999997
distance,e_value_constant_0.25,none,12,0.5174107010361112,0.02,0.98,0.96,28.799999999999997
distance,e_value_constant_0.25,none,13,0.506839721648718,0.02,0.98,0.96,28.799999999999997
distance,e_value_constant_0.25,none,14,0.5039117261976191,0.02,0.98,0.96,28.799999999999997
distance,e_value_constant_0.25,none,15,0.5262417778733334,0.02,0.98,0.96,28.799999999999997
distance,e_value_constant_0.25,none,16,0.5308130119437501,0.02,0.98,0.96,28.799999999999997
distance,e_value_constant_0.25,none,17,0.5369400658882354,0.02,0.98,0.96,28.799999999999997
distance,e_value_constant_0.25,none,18,0.5294208767277779,0.02,0.98,0.96,28.799999999999997
distance,e_value_constant_0.25,none,19,0.5385114740578948,0.02,0.98,0.96,28.799999999999997
distance,e_value_constant_0.25,none,20,0.5405798932216668,0.02,0.98,0.96,28.799999999999997
distance,e_value_constant_0.25,none,21,0.5286429986476191,0.02,0.98,0.96,28.799999999999997
distance,e_value_constant_0.25,none,22,0.5335014019060607,0.02,0.98,0.96,28.799999999999997
distance,e_value_constant_0.25,none,23,0.5339021714318841,0.02,0.98,0.96,28.799999999999997
distance,e_value_constant_0.25,none,24,0.5317749186083334,0.02,0.98,0.96,28.799999999999997
distance,e_value_constant_0.25,none,25,0.5308006798906667,0.02,0.98,0.96,28.799999999999997
distance,e_value_constant_0.25,none,26,0.535743775625641,0.02,0.98,0.96,28.799999999999997
distance,e_value_constant_0.25,none,27,0.5355225879481482,0.02,0.98,0.96,28.799999999999997
distance,e_value_constant_0.25,none,28,0.5241679479309524,0.02,0.98,0.96,28.799999999999997
distance,e_value_constant_0.25,none,29,0.5276130661057471,0.02,0.98,0.96,28.799999999999997
distance,e_value_constant_0.25,none,30,0.53262910968,0.02,0.98,0.96,28.799999999999997
distance,e_value_constant_0.25,none,31,0.5365331216473119,0.02,0.98,0.96,28.799999999999997
distance,e_value_constant_0.25,none,32,0.5305625331583333,0.02,0.98,0.96,28.799999999999997
distance,e_value_constant_0.25,none,33,0.5275610858606061,0.04,0.98,0.94,28.2
distance,e_value_constant_0.25,none,34,0.5273181767862746,0.06,0.98,0.9199999999999999,27.599999999999998
distance,e_value_constant_0.25,none,35,0.5263038147066668,0.06,0.98,0.9199999999999999,27.599999999999998
distance,e_value_constant_0.25,none,36,0.5291678401870371,0.08,0.98,0.9,27.0
distance,e_value_constant_0.25,none,37,0.5237467410729731,0.1,0.96,0.86,25.8
distance,e_value_constant_0.25,none,38,0.5176707303385966,0.1,0.94,0.84,25.2
distance,e_value_constant_0.25,none,39,0.5228302918427351,0.12,0.94,0.82,24.599999999999998
distance,e_value_constant_0.25,none,40,0.5343927508050001,0.14,0.94,0.7999999999999999,23.999999999999996
distance,e_value_constant_0.25,none,41,0.532939929289431,0.14,0.92,0.78,23.400000000000002
distance,e_value_constant_0.25,none,42,0.5275263863809525,0.14,0.9,0.76,22.8
distance,e_value_constant_0.25,none,43,0.5293313626589149,0.16,0.9,0.74,22.2
distance,e_value_constant_0.25,none,44,0.536405240939394,0.18,0.9,0.72,21.599999999999998
distance,e_value_constant_0.25,none,45,0.5348609592814816,0.18,0.88,0.7,21.0
distance,e_value_constant_0.25,none,46,0.5353842444710146,0.18,0.88,0.7,21.0
distance,e_value_constant_0.25,none,47,0.5337599134751775,0.2,0.88,0.6799999999999999,20.4
distance,e_value_constant_0.25,none,48,0.5279878936791668,0.2,0.86,0.6599999999999999,19.799999999999997
distance,e_value_constant_0.5,none,1,0.4164160766666667,0.02,0.98,0.96,28.799999999999997
distance,e_value_constant_0.5,none,2,0.5037112203333334,0.02,0.98,0.96,28.799999999999997
distance,e_value_constant_0.5,none,3,0.6013014151111111,0.02,0.98,0.96,28.799999999999997
distance,e_value_constant_0.5,none,4,0.6445698054166666,0.02,0.98,0.96,28.799999999999997
distance,e_value_constant_0.5,none,5,0.6044446945333333,0.02,0.98,0.96,28.799999999999997
distance,e_value_constant_0.5,none,6,0.6078066776666667,0.02,0.98,0.96,28.799999999999997
distance,e_value_constant_0.5,none,7,0.5880171734761905,0.02,0.98,0.96,28.799999999999997
distance,e_value_constant_0.5,none,8,0.5611593605,0.02,0.98,0.96,28.799999999999997
distance,e_value_constant_0.5,none,9,0.5359307042962963,0.02,0.98,0.96,28.799999999999997
distance,e_value_constant_0.5,none,10,0.5472101216333334,0.02,0.98,0.96,28.799999999999997
distance,e_value_constant_0.5,none,11,0.5232413275848485,0.02,0.98,0.96,28.799999999999997
distance,e_value_constant_0.5,none,12,0.5174107010361112,0.02,0.98,0.96,28.799999999999997
distance,e_value_constant_0.5,none,13,0.506839721648718,0.02,0.98,0.96,28.799999999999997
distance,e_value_constant_0.5,none,14,0.5039117261976191,0.02,0.98,0.96,28.799999999999997
distance,e_value_constant_0.5,none,15,0.5262417778733334,0.02,0.98,0.96,28.799999999999997
distance,e_value_constant_0.5,none,16,0.5308130119437501,0.02,0.98,0.96,28.799999999999997
distance,e_value_constant_0.5,none,17,0.5369400658882354,0.04,0.98,0.94,28.2
distance,e_value_constant_0.5,none,18,0.5294208767277779,0.06,0.98,0.9199999999999999,27.599999999999998
distance,e_value_constant_0.5,none,19,0.5385114740578948,0.1,0.98,0.88,26.4
distance,e_value_constant_0.5,none,20,0.5405798932216668,0.12,0.96,0.84,25.2
distance,e_value_constant_0.5,none,21,0.5286429986476191,0.12,0.92,0.8,24.0
distance,e_value_constant_0.5,none,22,0.5335014019060607,0.16,0.92,0.76,22.8
distance,e_value_constant_0.5,none,23,0.5339021714318841,0.18,0.9,0.72,21.599999999999998
distance,e_value_constant_0.5,none,24,0.5317749186083334,0.18,0.88,0.7,21.0
distance,e_value_constant_0.5,none,25,0.5308006798906667,0.2,0.86,0.6599999999999999,19.799999999999997
distance,e_value_constant_0.5,none,26,0.535743775625641,0.22,0.86,0.64,19.2
distance,e_value_constant_0.5,none,27,0.5355225879481482,0.22,0.84,0.62,18.6
distance,e_value_constant_0.5,none,28,0.5241679479309524,0.22,0.82,0.6,18.0
distance,e_value_constant_0.5,none,29,0.5276130661057471,0.24,0.82,0.58,17.4
distance,e_value_constant_0.5,none,30,0.53262910968,0.26,0.8,0.54,16.200000000000003
distance,e_value_constant_0.5,none,31,0.5365331216473119,0.26,0.8,0.54,16.200000000000003
distance,e_value_constant_0.5,none,32,0.5305625331583333,0.28,0.8,0.52,15.600000000000001
distance,e_value_constant_0.5,none,33,0.5275610858606061,0.28,0.78,0.5,15.0
distance,e_value_constant_0.5,none,34,0.5273181767862746,0.28,0.78,0.5,15.0
distance,e_value_constant_0.5,none,35,0.5263038147066668,0.28,0.76,0.48,14.399999999999999
distance,e_value_constant_0.5,none,36,0.5291678401870371,0.3,0.76,0.46,13.8
distance,e_value_constant_0.5,none,37,0.5237467410729731,0.3,0.74,0.44,13.2
distance,e_value_constant_0.5,none,38,0.5176707303385966,0.3,0.74,0.44,13.2
distance,e_value_constant_0.5,none,39,0.5228302918427351,0.3,0.74,0.44,13.2
distance,e_value_constant_0.5,none,40,0.5343927508050001,0.32,0.74,0.42,12.6
distance,e_value_constant_0.5,none,41,0.532939929289431,0.32,0.74,0.42,12.6
distance,e_value_constant_0.5,none,42,0.5275263863809525,0.32,0.72,0.39999999999999997,11.999999999999998
distance,e_value_constant_0.5,none,43,0.5293313626589149,0.34,0.72,0.37999999999999995,11.399999999999999
distance,e_value_constant_0.5,none,44,0.536405240939394,0.34,0.72,0.37999999999999995,11.399999999999999
distance,e_value_constant_0.5,none,45,0.5348609592814816,0.34,0.72,0.37999999999999995,11.399999999999999
distance,e_value_constant_0.5,none,46,0.5353842444710146,0.36,0.72,0.36,10.799999999999999
distance,e_value_constant_0.5,none,47,0.5337599134751775,0.36,0.72,0.36,10.799999999999999
distance,e_value_constant_0.5,none,48,0.5279878936791668,0.36,0.7,0.33999999999999997,10.2
distance,hoeffding,none,1,0.4164160766666667,0.0,1.0,1.0,30.0
distance,hoeffding,none,2,0.5037112203333334,0.0,1.0,1.0,30.0
distance,hoeffding,none,3,0.6013014151111111,0.0,1.0,1.0,30.0
distance,hoeffding,none,4,0.6445698054166666,0.0,1.0,1.0,30.0
distance,hoeffding,none,5,0.6044446945333333,0.0,1.0,1.0,30.0
distance,hoeffding,none,6,0.6078066776666667,0.05336405558917778,1.0,0.9466359444108222,28.399078332324667
distance,hoeffding,none,7,0.5880171734761905,0.07470304978625464,1.0,0.9252969502137454,27.75890850641236
distance,hoeffding,none,8,0.5611593605,0.08099796484003974,1.0,0.9190020351599603,27.570061054798806
distance,hoeffding,none,9,0.5359307042962963,0.08323019904942319,0.9886312095431694,0.9054010104937462,27.162030314812387
distance,hoeffding,none,10,0.5472101216333334,0.11774071328659586,0.9766795299800709,0.858938816693475,25.76816450080425
distance,hoeffding,none,11,0.5232413275848485,0.11375831350079563,0.9327243416689015,0.8189660281681059,24.56898084504318
distance,hoeffding,none,12,0.5174107010361112,0.12536056318626854,0.9094608388859539,0.7841002756996853,23.52300827099056
distance,hoeffding,none,13,0.506839721648718,0.13017013301116676,0.8835093102862693,0.7533391772751026,22.60017531825308
distance,hoeffding,none,14,0.5039117261976191,0.14094382845763526,0.8668796239376031,0.7259357954799679,21.778073864399037
distance,hoeffding,none,15,0.5262417778733334,0.1755814743451688,0.876902081401498,0.7013206070563291,21.039618211689874
distance,hoeffding,none,16,0.5308130119437501,0.19128763300859525,0.8703383908789049,0.6790507578703096,20.371522736109288
distance,hoeffding,none,17,0.5369400658882354,0.20755206590529307,0.8663280658711777,0.6587759999658847,19.76327999897654
distance,hoeffding,none,18,0.5294208767277779,0.20931327962113772,0.8495284738344182,0.6402151942132805,19.206455826398418
distance,hoeffding,none,19,0.5385114740578948,0.2269416181535383,0.8500813299622513,0.623139711808713,18.69419135426139
distance,hoeffding,none,20,0.5405798932216668,0.23689916226751423,0.8442606241758193,0.607361461908305,18.22084385724915
distance,hoeffding,none,21,0.5286429986476191,0.23228095115639774,0.8250050461388405,0.5927240949824428,17.781722849473283
distance,hoeffding,none,22,0.5335014019060607,0.24395318586652026,0.823049617945601,0.5790964320790808,17.372892962372426
distance,hoeffding,none,23,0.5339021714318841,0.25071842964720376,0.8170859132165644,0.5663674835693606,16.99102450708082
distance,hoeffding,none,24,0.5317749186083334,0.2545536075695889,0.8089962296470778,0.554442622077489,16.63327866232467
distance,hoeffding,none,25,0.5308006798906667,0.25918037674254285,0.8024209830387905,0.5432406062962476,16.297218188887427
distance,hoeffding,none,26,0.535743775625641,0.26939815523328114,0.8020893960180009,0.5326912407847197,15.980737223541592
distance,hoeffding,none,27,0.5355225879481482,0.27415582938158645,0.79688934651471,0.5227335171331235,15.682005513993706
distance,hoeffding,none,28,0.5241679479309524,0.2675108860859845,0.7808250097759204,0.5133141236899359,15.399423710698077
distance,hoeffding,none,29,0.5276130661057471,0.27541994586152607,0.7798061863499681,0.504386240488442,15.131587214653262
distance,hoeffding,none,30,0.53262910968,0.28467483116230174,0.7805833881976982,0.4959085570353965,14.877256711061895
distance,hoeffding,none,31,0.5365331216473119,0.2926108887296972,0.7804553545649267,0.48784446583522945,14.635333975056884
distance,hoeffding,none,32,0.5305625331583333,0.2904818353283532,0.7706432309883136,0.48016139565996035,14.40484186979881
distance,hoeffding,none,33,0.5275610858606061,0.29114595745059885,0.7639762142706135,0.4728302568200146,14.18490770460044
distance,hoeffding,none,34,0.5273181767862746,0.29440568835686165,0.7602306652156875,0.46582497685882585,13.974749305764774
distance,hoeffding,none,35,0.5263038147066668,0.2967427598303804,0.7558648695829531,0.45912210975257267,13.77366329257718
distance,hoeffding,none,36,0.5291678401870371,0.30281758756360055,0.7555180928104737,0.4527005052468731,13.581015157406194
distance,hoeffding,none,37,0.5237467410729731,0.30047622722734457,0.7470172549186017,0.44654102769125714,13.396230830737714
distance,hoeffding,none,38,0.5176707303385966,0.29735757241531063,0.7379838882618825,0.4406263158465719,13.218789475397157
distance,hoeffding,none,39,0.5228302918427351,0.30536000344729924,0.740300580238171,0.4349405767908718,13.048217303726153
distance,hoeffding,none,40,0.5343927508050001,0.3196580466316314,0.7491274549783689,0.42946940834673747,12.884082250402123
distance,hoeffding,none,41,0.532939929289431,0.32084010654960055,0.7450397520292615,0.424199645479661,12.72598936438983
distance,hoeffding,none,42,0.5275263863809525,0.3179667729135802,0.7370859998483248,0.41911922693474457,12.573576808042336
distance,hoeffding,none,43,0.5293313626589149,0.3222228231419271,0.7364399021759027,0.41421707903397564,12.42651237101927
distance,hoeffding,none,44,0.536405240939394,0.3316637338973676,0.7411467479814204,0.40948301408405285,12.284490422521586
distance,hoeffding,none,45,0.5348609592814816,0.33240713864537985,0.7373147799175833,0.40490764127220347,12.147229238166105
distance,hoeffding,none,46,0.5353842444710146,0.33514310033328687,0.7356253886087424,0.4004822882754555,12.014468648263666
distance,hoeffding,none,47,0.5337599134751775,0.3356604474283943,0.7318593795219607,0.3961989320935664,11.88596796280699
distance,hoeffding,none,48,0.5279878936791668,0.33196282475424543,0.7240129626040881,0.39205013784984266,11.76150413549528
distance,empirical_bernstein,none,1,0.4164160766666667,0.0,1.0,1.0,30.0
distance,empirical_bernstein,none,2,0.5037112203333334,0.0,1.0,1.0,30.0
distance,empirical_bernstein,none,3,0.6013014151111111,0.0,1.0,1.0,30.0
distance,empirical_bernstein,none,4,0.6445698054166666,0.0,1.0,1.0,30.0
distance,empirical_bernstein,none,5,0.6044446945333333,0.0,1.0,1.0,30.0
distance,empirical_bernstein,none,6,0.6078066776666667,0.0,1.0,1.0,30.0
distance,empirical_bernstein,none,7,0.5880171734761905,0.0,1.0,1.0,30.0
distance,empirical_bernstein,none,8,0.5611593605,0.0,1.0,1.0,30.0
distance,empirical_bernstein,none,9,0.5359307042962963,0.0,1.0,1.0,30.0
distance,empirical_bernstein,none,10,0.5472101216333334,0.0,1.0,1.0,30.0
distance,empirical_bernstein,none,11,0.5232413275848485,0.0,1.0,1.0,30.0
distance,empirical_bernstein,none,12,0.5174107010361112,0.0,1.0,1.0,30.0
distance,empirical_bernstein,none,13,0.506839721648718,0.0,1.0,1.0,30.0
distance,empirical_bernstein,none,14,0.5039117261976191,0.0,1.0,1.0,30.0
distance,empirical_bernstein,none,15,0.5262417778733334,0.0,1.0,1.0,30.0
distance,empirical_bernstein,none,16,0.5308130119437501,0.0,1.0,1.0,30.0
distance,empirical_bernstein,none,17,0.5369400658882354,0.0,1.0,1.0,30.0
distance,empirical_bernstein,none,18,0.5294208767277779,0.0,1.0,1.0,30.0
distance,empirical_bernstein,none,19,0.5385114740578948,0.0,1.0,1.0,30.0
distance,empirical_bernstein,none,20,0.5405798932216668,0.0,1.0,1.0,30.0
distance,empirical_bernstein,none,21,0.5286429986476191,0.0019015848523940004,1.0,0.998098415147606,29.94295245442818
distance,empirical_bernstein,none,22,0.5335014019060607,0.03073520477605285,1.0,0.9692647952239472,29.077943856718413
distance,empirical_bernstein,none,23,0.5339021714318841,0.053799026630589775,1.0,0.9462009733694102,28.386029201082305
distance,empirical_bernstein,none,24,0.5317749186083334,0.07219719501976302,0.9913526421969037,0.9191554471771406,27.57466341531422
distance,empirical_bernstein,none,25,0.5308006798906667,0.09018877354269239,0.971412586238641,0.8812238126959486,26.43671438087846
distance,empirical_bernstein,none,26,0.535743775625641,0.11153820580349327,0.9599493454477888,0.8484111396442955,25.452334189328866
distance,empirical_bernstein,none,27,0.5355225879481482,0.12751652639996475,0.9435286494963318,0.8160121230963671,24.48036369289101
distance,empirical_bernstein,none,28,0.5241679479309524,0.125228970929821,0.9231069249320839,0.7978779540022629,23.936338620067886
distance,empirical_bernstein,none,29,0.5276130661057471,0.14227884063691892,0.9129472915745753,0.7706684509376565,23.120053528129695
distance,empirical_bernstein,none,30,0.53262910968,0.15931093072826885,0.9059472886317311,0.7466363579034623,22.39909073710387
distance,empirical_bernstein,none,31,0.5365331216473119,0.17484538928513688,0.8982208540094869,0.72337546472435,21.7012639417305
distance,empirical_bernstein,none,32,0.5305625331583333,0.17872898966066847,0.8823960766559982,0.7036670869953296,21.11001260985989
distance,empirical_bernstein,none,33,0.5275610858606061,0.18620546961896467,0.8689167021022476,0.6827112324832829,20.481336974498486
distance,empirical_bernstein,none,34,0.5273181767862746,0.19623915758011534,0.8583971959924338,0.6621580384123185,19.864741152369554
distance,empirical_bernstein,none,35,0.5263038147066668,0.20484937163354439,0.8477582577797891,0.6429088861462446,19.28726658438734
distance,empirical_bernstein,none,36,0.5291678401870371,0.21640202501892836,0.8419336553551459,0.6255316303362175,18.765948910086525
distance,empirical_bernstein,none,37,0.5237467410729731,0.2180165007145375,0.8294769814314088,0.6114604807168713,18.34381442150614
distance,empirical_bernstein,none,38,0.5176707303385966,0.21814356740941254,0.8171978932677806,0.599054325858368,17.97162977575104
distance,empirical_bernstein,none,39,0.5228302918427351,0.2296884550381535,0.8159721286473167,0.5862836736091632,17.588510208274897
distance,empirical_bernstein,none,40,0.5343927508050001,0.24170274246574414,0.8270827591442558,0.5853800166785117,17.56140050035535
distance,empirical_bernstein,none,41,0.532939929289431,0.2474152009714905,0.8184646576073711,0.5710494566358806,17.13148369907642
distance,empirical_bernstein,none,42,0.5275263863809525,0.2474047217720281,0.8076480509898765,0.5602433292178484,16.807299876535453
distance,empirical_bernstein,none,43,0.5293313626589149,0.2556693782687595,0.8029933470490698,0.5473239687803102,16.419719063409307
distance,empirical_bernstein,none,44,0.536405240939394,0.26643686652054754,0.8063736153582403,0.5399367488376927,16.19810246513078
distance,empirical_bernstein,none,45,0.5348609592814816,0.2708670537311028,0.7988548648318601,0.5279878111007572,15.839634333022715
distance,empirical_bernstein,none,46,0.5353842444710146,0.27720906813654755,0.7935594208054815,0.5163503526689339,15.490510580068017
distance,empirical_bernstein,none,47,0.5337599134751775,0.2810209738519375,0.7864988530984173,0.5054778792464798,15.164336377394394
distance,empirical_bernstein,none,48,0.5279878936791668,0.27875097333933063,0.7772248140190027,0.49847384067967204,14.95421522039016
distance,t_test,none,1,0.4164160766666667,0.0,1.0,1.0,30.0
distance,t_test,none,2,0.5037112203333334,0.0,1.0,1.0,30.0
distance,t_test,none,3,0.6013014151111111,0.12871433732392468,1.0,0.8712856626760753,26.138569880282258
distance,t_test,none,4,0.6445698054166666,0.36163349816277224,0.927506112670561,0.5658726145077888,16.976178435233663
distance,t_test,none,5,0.6044446945333333,0.38315462180083826,0.8257347672658283,0.44258014546499,13.277404363949701
distance,t_test,none,6,0.6078066776666667,0.44029795636225577,0.7753153989710777,0.33501744260882194,10.050523278264658
distance,t_test,none,7,0.5880171734761905,0.444821495959459,0.7312128509929221,0.2863913550334631,8.591740651003892
distance,t_test,none,8,0.5611593605,0.4255306709274886,0.6967880500725114,0.27125737914502285,8.137721374350685
distance,t_test,none,9,0.5359307042962963,0.40557978326287203,0.6662816253297206,0.26070184206684854,7.821055262005457
distance,t_test,none,10,0.5472101216333334,0.43002592410196133,0.6643943191647054,0.23436839506274404,7.031051851882321
distance,t_test,none,11,0.5232413275848485,0.40597159922838366,0.6405110559413134,0.23453945671292975,7.036183701387893
distance,t_test,none,12,0.5174107010361112,0.41088734505116686,0.6239340570210555,0.21304671196988867,6.39140135909666
distance,t_test,none,13,0.506839721648718,0.4071426465342565,0.6065367967631795,0.19939415022892298,5.98182450686769
distance,t_test,none,14,0.5039117261976191,0.41217318572066697,0.5956502666745713,0.18347708095390436,5.504312428617131
distance,t_test,none,15,0.5262417778733334,0.42886234454790695,0.6236212111987598,0.19475886665085285,5.842765999525586
distance,t_test,none,16,0.5308130119437501,0.43976648340489033,0.6218595404826096,0.18209305707771928,5.462791712331578
distance,t_test,none,17,0.5369400658882354,0.45089396563948786,0.6229861661369827,0.1720922004974948,5.162766014924844
distance,t_test,none,18,0.5294208767277779,0.44713816999304123,0.6117035834625144,0.16456541346947318,4.936962404084195
distance,t_test,none,19,0.5385114740578948,0.45868942011261793,0.6183335280031714,0.1596441078905535,4.789323236716605
distance,t_test,none,20,0.5405798932216668,0.46501460299955294,0.6161451834437803,0.1511305804442274,4.533917413326821
distance,t_test,none,21,0.5286429986476191,0.4528043413326225,0.6044816559626155,0.151677314629993,4.55031943889979
distance,t_test,none,22,0.5335014019060607,0.460707598821358,0.6062952049907631,0.14558760616940508,4.367628185082152
distance,t_test,none,23,0.5339021714318841,0.46453231671401046,0.6032720261497575,0.13873970943574704,4.162191283072411
distance,t_test,none,24,0.5317749186083334,0.46537937587937245,0.5981704613372942,0.1327910854579218,3.9837325637376537
distance,t_test,none,25,0.5308006798906667,0.4672310135627114,0.5943703462186221,0.12713933265591065,3.8141799796773195
distance,t_test,none,26,0.535743775625641,0.4739526176208855,0.5975349336303966,0.12358231600951108,3.7074694802853325
distance,t_test,none,27,0.5355225879481482,0.47617801929419934,0.5948671566020971,0.11868913730789776,3.560674119236933
distance,t_test,none,28,0.5241679479309524,0.46251366439028924,0.5858222314716157,0.12330856708132648,3.6992570124397943
distance,t_test,none,29,0.5276130661057471,0.4678042287524557,0.5874219034590384,0.11961767470658274,3.5885302411974824
distance,t_test,none,30,0.53262910968,0.4740328604491321,0.5912253589108678,0.11719249846173568,3.5157749538520706
distance,t_test,none,31,0.5365331216473119,0.4793816485030045,0.5936845947916193,0.11430294628861476,3.429088388658443
distance,t_test,none,32,0.5305625331583333,0.47397489030819256,0.5871501760084742,0.11317528570028162,3.3952585710084486
distance,t_test,none,33,0.5275610858606061,0.47244427490124213,0.5826778968199702,0.11023362191872804,3.307008657561841
distance,t_test,none,34,0.5273181767862746,0.4739082052066651,0.580728148365884,0.10681994315921894,3.2045982947765683
distance,t_test,none,35,0.5263038147066668,0.4744591734160425,0.578148455997291,0.10368928258124854,3.1106784774374563
distance,t_test,none,36,0.5291678401870371,0.47850215336591684,0.5798335270081574,0.10133137364224054,3.0399412092672162
distance,t_test,none,37,0.5237467410729731,0.4733055078058604,0.574187974340086,0.10088246653422556,3.0264739960267666
distance,t_test,none,38,0.5176707303385966,0.4670994587750411,0.568242001902152,0.1011425431271109,3.034276293813327
distance,t_test,none,39,0.5228302918427351,0.4725203039540581,0.5731402797314121,0.10061997577735404,3.0185992733206213
distance,t_test,none,40,0.5343927508050001,0.4801022309327112,0.5886832706772887,0.10858103974457745,3.2574311923373234
distance,t_test,none,41,0.532939929289431,0.479950998466856,0.5859288601120055,0.1059778616451495,3.179335849354485
distance,t_test,none,42,0.5275263863809525,0.4747098213452335,0.580342951416671,0.10563313007143754,3.1689939021431264
distance,t_test,none,43,0.5293313626589149,0.4776664115098024,0.580996313808027,0.10332990229822459,3.0998970689467376
distance,t_test,none,44,0.536405240939394,0.4839844104838636,0.5888260713949243,0.10484166091106067,3.14524982733182
distance,t_test,none,45,0.5348609592814816,0.48355744348359303,0.5861644750793699,0.10260703159577683,3.078210947873305
distance,t_test,none,46,0.5353842444710146,0.485228815191338,0.585539673750691,0.10031085855935307,3.009325756780592
distance,t_test,none,47,0.5337599134751775,0.4846037921080565,0.5829160348422983,0.09831224273424177,2.949367282027253
distance,t_test,none,48,0.5279878936791668,0.4785124324600074,0.5774633548983259,0.09895092243831849,2.9685276731495547
distance,z_test,none,1,0.4164160766666667,0.0,1.0,1.0,30.0
distance,z_test,none,2,0.5037112203333334,0.332615882721417,0.6748065579452498,0.3421906752238328,10.265720256714983
distance,z_test,none,3,0.6013014151111111,0.3860263952186703,0.8165764350035519,0.4305500397848816,12.916501193546448
distance,z_test,none,4,0.6445698054166666,0.4703186417079175,0.8188209691254158,0.3485023274174983,10.45506982252495
distance,z_test,none,5,0.6044446945333333,0.44823034263422007,0.7606590464324465,0.31242870379822646,9.372861113946794
distance,z_test,none,6,0.6078066776666667,0.4800880980919493,0.7355252572413842,0.2554371591494349,7.663114774483047
distance,z_test,none,7,0.5880171734761905,0.4733181618165761,0.702716185135805,0.22939802331922893,6.881940699576868
distance,z_test,none,8,0.5611593605,0.44874093007964494,0.6735777909203552,0.22483686084071025,6.745105825221308
distance,z_test,none,9,0.5359307042962963,0.4251403086088926,0.6467210999837,0.22158079137480735,6.6474237412442205
distance,z_test,none,10,0.5472101216333334,0.44568012606024776,0.648740117206419,0.20305999114617124,6.0917997343851376
distance,z_test,none,11,0.5232413275848485,0.42008597716637136,0.6263966780033257,0.2063107008369543,6.189321025108629
distance,z_test,none,12,0.5174107010361112,0.42255229625024626,0.6122691058219761,0.18971680957172987,5.691504287151896
distance,z_test,none,13,0.506839721648718,0.4171566272920014,0.5965228160054347,0.17936618871343324,5.380985661402997
distance,z_test,none,14,0.5039117261976191,0.42068322962072435,0.5871402227745139,0.1664569931537896,4.993709794613688
distance,z_test,none,15,0.5262417778733334,0.4372538224612622,0.6152297332854045,0.17797591082414232,5.33927732472427
distance,z_test,none,16,0.5308130119437501,0.44709162279553266,0.6145344010919673,0.16744277829643467,5.02328334889304
distance,z_test,none,17,0.5369400658882354,0.4573859190309961,0.6164942127454744,0.15910829371447832,4.77324881143435
distance,z_test,none,18,0.5294208767277779,0.4529823749720066,0.605859378483549,0.15287700351154238,4.586310105346271
distance,z_test,none,19,0.5385114740578948,0.46404495511613886,0.6129779929996505,0.14893303788351164,4.467991136505349
distance,z_test,none,20,0.5405798932216668,0.46981852428052867,0.6113412621628046,0.14152273788227593,4.245682136468278
distance,z_test,none,21,0.5286429986476191,0.4573852605659193,0.5999007367293187,0.14251547616339932,4.27546428490198
distance,z_test,none,22,0.5335014019060607,0.4648957649963863,0.6021070388157348,0.1372112738193485,4.1163382145804555
distance,z_test,none,23,0.5339021714318841,0.4683425096743685,0.5994618331893995,0.13111932351503097,3.933579705450929
distance,z_test,none,24,0.5317749186083334,0.4688680016650345,0.5946818355516322,0.12581383388659773,3.7744150165979318
distance,z_test,none,25,0.5308006798906667,0.47043227863855286,0.5911690811427806,0.12073680250422769,3.6221040751268307
distance,z_test,none,26,0.535743775625641,0.4769400964760369,0.5945474547752451,0.11760735829920815,3.5282207489762447
distance,z_test,none,27,0.5355225879481482,0.478937060612379,0.5921081152839174,0.11317105467153837,3.3951316401461513
distance,z_test,none,28,0.5241679479309524,0.4652741093503614,0.5830617865115435,0.1177876771611821,3.533630314835463
distance,z_test,none,29,0.5276130661057471,0.4703865681220848,0.5848395640894094,0.11445299596732461,3.4335898790197383
distance,z_test,none,30,0.53262910968,0.47647573904829166,0.5887824803117083,0.11230674126341667,3.3692022379025
distance,z_test,none,31,0.5365331216473119,0.48168498976332186,0.591381253531302,0.10969626376798014,3.290887913039404
distance,z_test,none,32,0.5305625331583333,0.4761820424818651,0.5849430238348016,0.10876098135293649,3.262829440588095
distance,z_test,none,33,0.5275610858606061,0.47452696730690197,0.5805952044143103,0.10606823710740837,3.182047113222251
distance,z_test,none,34,0.5273181767862746,0.47586532172906204,0.5787710318434871,0.10290571011442506,3.087171303432752
distance,z_test,none,35,0.5263038147066668,0.476303123719372,0.5763045056939615,0.10000138197458952,3.0000414592376856
distance,z_test,none,36,0.5291678401870371,0.4802527455560999,0.5780829348179742,0.09783018926187431,2.9349056778562295
distance,z_test,none,37,0.5237467410729731,0.47499998648885083,0.5724934956570954,0.09749350916824456,2.924805275047337
distance,z_test,none,38,0.5176707303385966,0.4687524401339314,0.5665890205432618,0.09783658040933035,2.9350974122799105
distance,z_test,none,39,0.5228302918427351,0.4741215146441267,0.5715390690413434,0.09741755439721672,2.9225266319165017
distance,z_test,none,40,0.5343927508050001,0.48178586804584256,0.5869996335641573,0.10521376551831474,3.156412965549442
distance,z_test,none,41,0.532939929289431,0.4815532284937334,0.5843266300851282,0.10277340159139481,3.0832020477418443
distance,z_test,none,42,0.5275263863809525,0.47626792363951365,0.5787848491223909,0.10251692548287727,3.0755077644863182
distance,z_test,none,43,0.5293313626589149,0.4791542842675881,0.5795084410502412,0.10035415678265314,3.010624703479594
distance,z_test,none,44,0.536405240939394,0.48545897356605766,0.5873515083127301,0.10189253474667243,3.056776042400173
distance,z_test,none,45,0.5348609592814816,0.48496780592063493,0.584754112642328,0.09978630672169309,2.9935892016507926
distance,z_test,none,46,0.5353842444710146,0.4865770006336043,0.5841914883084247,0.0976144876748204,2.928434630244612
distance,z_test,none,47,0.5337599134751775,0.48589641388560395,0.5816234130647508,0.0957269991791469,2.871809975374407
distance,z_test,none,48,0.5279878936791668,0.47978579126928483,0.5761899960890485,0.0964042048197637,2.8921261445929107
distance,sequential_t_test,none,1,0.4164160766666667,0.0,1.0,1.0,30.0
distance,sequential_t_test,none,2,0.5037112203333334,0.0,1.0,1.0,30.0
distance,sequential_t_test,none,3,0.6013014151111111,0.0,1.0,1.0,30.0
distance,sequential_t_test,none,4,0.6445698054166666,0.0,1.0,1.0,30.0
distance,sequential_t_test,none,5,0.6044446945333333,0.004389522745574581,1.0,0.9956104772544254,29.868314317632763
distance,sequential_t_test,none,6,0.6078066776666667,0.17695080536324553,1.0,0.8230491946367544,24.691475839102633
distance,sequential_t_test,none,7,0.5880171734761905,0.23169507883946017,0.9443392681129209,0.7126441892734607,21.379325678203823
distance,sequential_t_test,none,8,0.5611593605,0.23103598816736387,0.8912827328326363,0.6602467446652724,19.807402339958173
distance,sequential_t_test,none,9,0.5359307042962963,0.22348743043601965,0.8483739781565729,0.6248865477205532,18.746596431616595
distance,sequential_t_test,none,10,0.5472101216333334,0.26939839230693013,0.8250218509597367,0.5556234586528066,16.668703759584197
distance,sequential_t_test,none,11,0.5232413275848485,0.24745255003326072,0.7990301051364364,0.5515775551031756,16.54732665309527
distance,sequential_t_test,none,12,0.5174107010361112,0.268381850245059,0.7664395518271634,0.4980577015821044,14.941731047463131
distance,sequential_t_test,none,13,0.506839721648718,0.2748022854550861,0.73887715784235,0.46407487238726386,13.922246171617916
distance,sequential_t_test,none,14,0.5039117261976191,0.2911044937042629,0.7167189586909755,0.42561446498671257,12.768433949601377
distance,sequential_t_test,none,15,0.5262417778733334,0.3009056448880261,0.7515779108586407,0.45067226597061455,13.520167979118437
distance,sequential_t_test,none,16,0.5308130119437501,0.32051198006223974,0.7411140438252601,0.4206020637630204,12.618061912890612
distance,sequential_t_test,none,17,0.5369400658882354,0.33844634047629474,0.7354337913001758,0.3969874508238811,11.909623524716434
distance,sequential_t_test,none,18,0.5294208767277779,0.3397772133211535,0.7190645401344021,0.3792873268132486,11.37861980439746
distance,sequential_t_test,none,19,0.5385114740578948,0.35464268639259,0.7223802617231994,0.36773757533060936,11.03212725991828
distance,sequential_t_test,none,20,0.5405798932216668,0.36656891744485837,0.714590868998475,0.34802195155361665,10.4406585466085
distance,sequential_t_test,none,21,0.5286429986476191,0.35401794815707255,0.7032680491381654,0.3492501009810929,10.477503029432786
distance,sequential_t_test,none,22,0.5335014019060607,0.365873046500249,0.7011297573118721,0.3352567108116231,10.057701324348693
distance,sequential_t_test,none,23,0.5339021714318841,0.3741219319967236,0.6936824108670444,0.3195604788703208,9.586814366109625
distance,sequential_t_test,none,24,0.5317749186083334,0.37879248072390903,0.6847573564927577,0.3059648757688487,9.17894627306546
distance,sequential_t_test,none,25,0.5308006798906667,0.3842643619672273,0.6773369978141062,0.29307263584687887,8.792179075406366
distance,sequential_t_test,none,26,0.535743775625641,0.39323242591121327,0.6782551253400688,0.28502269942885555,8.550680982865666
distance,sequential_t_test,none,27,0.5355225879481482,0.3985729155957881,0.6724722603005083,0.2738993447047202,8.216980341141607
distance,sequential_t_test,none,28,0.5241679479309524,0.38179602218948827,0.6665398736724166,0.28474385148292836,8.54231554448785
distance,sequential_t_test,none,29,0.5276130661057471,0.38940683625791317,0.665819295953581,0.27641245969566786,8.292373790870036
distance,sequential_t_test,none,30,0.53262910968,0.3971258142821237,0.6681324050778763,0.2710065907957526,8.130197723872579
distance,sequential_t_test,none,31,0.5365331216473119,0.4042699370053002,0.6687963062893236,0.26452636928402345,7.935791078520704
distance,sequential_t_test,none,32,0.5305625331583333,0.39950079087144114,0.6616242754452255,0.26212348457378437,7.863704537213531
distance,sequential_t_test,none,33,0.5275610858606061,0.3998024076716876,0.6553197640495246,0.255517356377837,7.665520691335111
distance,sequential_t_test,none,34,0.5273181767862746,0.40341338068836324,0.6512229728841858,0.2478095921958226,7.434287765874678
distance,sequential_t_test,none,35,0.5263038147066668,0.4059291661517195,0.646678463261614,0.24074929710989457,7.222478913296837
distance,sequential_t_test,none,36,0.5291678401870371,0.4114302498347678,0.6469054305393065,0.2354751807045387,7.064255421136162
distance,sequential_t_test,none,37,0.5237467410729731,0.4064298567595518,0.6410636253863945,0.2346337686268427,7.039013058805281
distance,sequential_t_test,none,38,0.5176707303385966,0.3999494612081902,0.6353919994690029,0.23544253826081274,7.063276147824382
distance,sequential_t_test,none,39,0.5228302918427351,0.40561525593033354,0.6400453277551367,0.23443007182480313,7.032902154744094
distance,sequential_t_test,none,40,0.5343927508050001,0.40779316599300053,0.6609923356169993,0.2531991696239988,7.595975088719964
distance,sequential_t_test,none,41,0.532939929289431,0.4092674346121893,0.6566124239666723,0.247344989354483,7.420349680634491
distance,sequential_t_test,none,42,0.5275263863809525,0.40414836483090305,0.6509044079310015,0.2467560431000984,7.402681293002952
distance,sequential_t_test,none,43,0.5293313626589149,0.40853804458504095,0.6501246807327884,0.24158663614774745,7.247599084432423
distance,sequential_t_test,none,44,0.536405240939394,0.41373783082459387,0.659072651054194,0.24533482022960013,7.360044606888004
distance,sequential_t_test,none,45,0.5348609592814816,0.4147037922177377,0.6550181263452253,0.2403143341274876,7.209430023824628
distance,sequential_t_test,none,46,0.5353842444710146,0.4178142994181506,0.6529541895238784,0.23513989010572778,7.054196703171833
distance,sequential_t_test,none,47,0.5337599134751775,0.41843315215091803,0.6490866747994367,0.23065352264851868,6.919605679455561
distance,sequential_t_test,none,48,0.5279878936791668,0.41181238853077723,0.644163398827556,0.2323510102967788,6.9705303089033634
distance,vincent,gap_0.05,1,0.4164160766666667,0.0,1.0,1.0,30.0
distance,vincent,gap_0.05,2,0.5037112203333334,0.0,1.0,1.0,30.0
distance,vincent,gap_0.05,3,0.6013014151111111,0.06724309769115722,0.981128542245855,0.9138854445546978,27.416563336640934
distance,vincent,gap_0.05,4,0.6445698054166666,0.11410044569962174,0.9652053693613617,0.85110492366174,25.533147709852198
distance,vincent,gap_0.05,5,0.6044446945333333,0.15514875842905584,0.9339690667050418,0.7788203082759859,23.364609248279578
distance,vincent,gap_0.05,6,0.6078066776666667,0.19204613007730809,0.9218366325267291,0.729790502449421,21.893715073482632
distance,vincent,gap_0.05,7,0.5880171734761905,0.14050377088770016,0.9026709660908199,0.7621671952031197,22.865015856093592
distance,vincent,gap_0.05,8,0.5611593605,0.17642135509939672,0.9195701091272291,0.7431487540278324,22.294462620834974
distance,vincent,gap_0.05,9,0.5359307042962963,0.19419016728712868,0.8997343157268913,0.7055441484397627,21.16632445319288
distance,vincent,gap_0.05,10,0.5472101216333334,0.22103092058571838,0.9000207915695171,0.6789898709837987,20.36969612951396
distance,vincent,gap_0.05,11,0.5232413275848485,0.2307550501952902,0.8828293274370638,0.6520742772417736,19.562228317253208
distance,vincent,gap_0.05,12,0.5174107010361112,0.24916256645626644,0.8678901867787671,0.6187276203225006,18.56182860967502
distance,vincent,gap_0.05,13,0.506839721648718,0.2558914944271866,0.8520201258203488,0.5961286313931622,17.883858941794866
distance,vincent,gap_0.05,14,0.5039117261976191,0.24098533776457376,0.8361581845328943,0.5951728467683205,17.855185403049614
distance,vincent,gap_0.05,15,0.5262417778733334,0.23261411532097598,0.8218147148384706,0.5892005995174946,17.676017985524837
distance,vincent,gap_0.05,16,0.5308130119437501,0.23571319014745695,0.8088572686607179,0.573144078513261,17.19432235539783
distance,vincent,gap_0.05,17,0.5369400658882354,0.24000479673868158,0.7966221781076497,0.5566173813689681,16.698521441069044
distance,vincent,gap_0.05,18,0.5294208767277779,0.2532108661369612,0.7997454711963903,0.5465346050594291,16.39603815178287
distance,vincent,gap_0.05,19,0.5385114740578948,0.23961359548864247,0.7884783704455831,0.5488647749569406,16.465943248708218
distance,vincent,gap_0.05,20,0.5405798932216668,0.251605838884555,0.7847625861603993,0.5331567472758443,15.994702418275327
distance,vincent,gap_0.05,21,0.5286429986476191,0.2628270026097057,0.7859654568162104,0.5231384542065047,15.694153626195142
distance,vincent,gap_0.05,22,0.5335014019060607,0.26483867868421496,0.7757878808885572,0.5109492022043423,15.328476066130268
distance,vincent,gap_0.05,23,0.5339021714318841,0.254914969203469,0.7656966992137745,0.5107817300103055,15.323451900309164
distance,vincent,gap_0.05,24,0.5317749186083334,0.2653954037132431,0.7743688906778506,0.5089734869646075,15.269204608938226
distance,vincent,gap_0.05,25,0.5308006798906667,0.2774266520038493,0.7764274954765639,0.49900084347271456,14.970025304181437
distance,vincent,gap_0.05,26,0.535743775625641,0.2710443681429613,0.7670687395882703,0.496024371445309,14.88073114335927
distance,vincent,gap_0.05,27,0.5355225879481482,0.2726315507337005,0.7588396932326771,0.4862081424989766,14.586244274969298
distance,vincent,gap_0.05,28,0.5241679479309524,0.274510827673891,0.7514941088387967,0.47698328116490574,14.309498434947173
distance,vincent,gap_0.05,29,0.5276130661057471,0.2654222512775679,0.7437180958995221,0.4782958446219542,14.348875338658626
distance,vincent,gap_0.05,30,0.53262910968,0.2716951452917227,0.7415152765758493,0.4698201312841266,14.094603938523797
distance,vincent,gap_0.05,31,0.5365331216473119,0.2797247440192616,0.7412691398540472,0.46154439583478557,13.846331875043568
distance,vincent,gap_0.05,32,0.5305625331583333,0.27741723773510685,0.734277149502609,0.4568599117675022,13.705797353025066
distance,vincent,gap_0.05,33,0.5275610858606061,0.27940798181575066,0.7286629787347529,0.4492549969190023,13.477649907570068
distance,vincent,gap_0.05,34,0.5273181767862746,0.287419810273182,0.7331154712321006,0.44569566095891866,13.37086982876756
distance,vincent,gap_0.05,35,0.5263038147066668,0.28564088426358636,0.7267639505855443,0.44112306632195797,13.23369198965874
distance,vincent,gap_0.05,36,0.5291678401870371,0.27948379010874835,0.7204511657178123,0.44096737560906396,13.229021268271918
distance,vincent,gap_0.05,37,0.5237467410729731,0.2760352971855482,0.7130772992299603,0.4370420020444121,13.111260061332363
distance,vincent,gap_0.05,38,0.5176707303385966,0.273055991559334,0.7055632809411984,0.43250728938186433,12.97521868145593
distance,vincent,gap_0.05,39,0.5228302918427351,0.2806322526802385,0.7103678693421778,0.42973561666193927,12.892068499858178
distance,vincent,gap_0.05,40,0.5343927508050001,0.28132571201483525,0.705779474256617,0.4244537622417818,12.733612867253454
distance,vincent,gap_0.05,41,0.532939929289431,0.2760140837119185,0.6985459448591902,0.4225318611472717,12.67595583441815
distance,vincent,gap_0.05,42,0.5275263863809525,0.2725810960599766,0.6909241614070237,0.4183430653470471,12.550291960411414
distance,vincent,gap_0.05,43,0.5293313626589149,0.2782272742937799,0.6919091021927297,0.4136818278989498,12.410454836968494
distance,vincent,gap_0.05,44,0.536405240939394,0.2772698273246923,0.6863098739020403,0.40904004657734805,12.271201397320441
distance,vincent,gap_0.05,45,0.5348609592814816,0.2726229115530161,0.6793277031941201,0.40670479164110396,12.201143749233118
distance,vincent,gap_0.05,46,0.5353842444710146,0.26788504565298754,0.6725628177650245,0.4046777721120369,12.140333163361108
distance,vincent,gap_0.05,47,0.5337599134751775,0.2737926522578533,0.6745107130347033,0.40071806077685,12.021541823305501
distance,vincent,gap_0.05,48,0.5279878936791668,0.2785552629698218,0.6752510830913733,0.39669582012155147,11.900874603646544
distance,vincent,gap_0.1,1,0.4164160766666667,0.0,1.0,1.0,30.0
distance,vincent,gap_0.1,2,0.5037112203333334,0.0,1.0,1.0,30.0
distance,vincent,gap_0.1,3,0.6013014151111111,0.04697691039797269,0.9868161519853333,0.9398392415873607,28.19517724762082
distance,vincent,gap_0.1,4,0.6445698054166666,0.08955597446574981,0.9748665387706561,0.8853105643049063,26.55931692914719
distance,vincent,gap_0.1,5,0.6044446945333333,0.12917961634184072,0.9491404554882126,0.8199608391463719,24.598825174391155
distance,vincent,gap_0.1,6,0.6078066776666667,0.16156887186756752,0.9370080213098999,0.7754391494423324,23.26317448326997
distance,vincent,gap_0.1,7,0.5880171734761905,0.11380301134696647,0.9185485314053581,0.8047455200583916,24.14236560175175
distance,vincent,gap_0.1,8,0.5611593605,0.14594409688965615,0.9347414979104001,0.7887974010207439,23.663922030622317
distance,vincent,gap_0.1,9,0.5359307042962963,0.1637129090773881,0.9192570575171506,0.7555441484397625,22.666324453192875
distance,vincent,gap_0.1,10,0.5472101216333334,0.18876694534142313,0.9169788973872426,0.7282119520458195,21.846358561374583
distance,vincent,gap_0.1,11,0.5232413275848485,0.20027779198554962,0.9023520692273231,0.7020742772417735,21.062228317253204
distance,vincent,gap_0.1,12,0.5174107010361112,0.21868530824652588,0.8876798172931291,0.6689945090466032,20.069835271398095
distance,vincent,gap_0.1,13,0.506839721648718,0.2254950027615602,0.8747674927167001,0.6492724899551399,19.478174698654197
distance,vincent,gap_0.1,14,0.5039117261976191,0.21069168015023365,0.8603533903570084,0.6496617102067748,19.489851306203242
distance,vincent,gap_0.1,15,0.5262417778733334,0.20240374583533804,0.8463722096807578,0.6439684638454197,19.31905391536259
distance,vincent,gap_0.1,16,0.5308130119437501,0.20567462251445812,0.8336420210570051,0.627967398542547,18.83902195627641
distance,vincent,gap_0.1,17,0.5369400658882354,0.2112893152088411,0.8220608770758266,0.6107715618669856,18.323146856009565
distance,vincent,gap_0.1,18,0.5294208767277779,0.222900246351308,0.8249135979800442,0.6020133516287361,18.060400548862084
distance,vincent,gap_0.1,19,0.5385114740578948,0.2093666558599423,0.8145714009489053,0.605204745088963,18.15614235266889
distance,vincent,gap_0.1,20,0.5405798932216668,0.2213988713756695,0.8104787661773971,0.5890798948017276,17.67239684405183
distance,vincent,gap_0.1,21,0.5286429986476191,0.23243199772479306,0.8114482107899901,0.579016213065197,17.37048639195591
distance,vincent,gap_0.1,22,0.5335014019060607,0.23449973209901476,0.8026447336859275,0.5681450015869127,17.04435004760738
distance,vincent,gap_0.1,23,0.5339021714318841,0.22462644218141536,0.7938930810165409,0.5692666388351255,17.077999165053765
distance,vincent,gap_0.1,24,0.5317749186083334,0.23439809102906284,0.8023553948199718,0.5679573037909089,17.038719113727268
distance,vincent,gap_0.1,25,0.5308006798906667,0.24360932160795756,0.8039176507657773,0.5603083291578197,16.80924987473459
distance,vincent,gap_0.1,26,0.535743775625641,0.23797298767715636,0.7954632562781796,0.5574902686010232,16.724708058030696
distance,vincent,gap_0.1,27,0.5355225879481482,0.2402426061006233,0.7871317625489789,0.5468891564483556,16.406674693450668
distance,vincent,gap_0.1,28,0.5241679479309524,0.24274804841123343,0.779692178112066,0.5369441297008326,16.108323891024977
distance,vincent,gap_0.1,29,0.5276130661057471,0.23427488950234931,0.7723633072812421,0.5380884177788928,16.142652533366785
distance,vincent,gap_0.1,30,0.53262910968,0.2411178972636171,0.7700034344535452,0.5288855371899281,15.866566115697845
distance,vincent,gap_0.1,31,0.5365331216473119,0.24854309889826998,0.7696486347870435,0.5211055358887735,15.633166076663205
distance,vincent,gap_0.1,32,0.5305625331583333,0.2463889419147105,0.7631640801348392,0.5167751382201287,15.50325414660386
distance,vincent,gap_0.1,33,0.5275610858606061,0.24853879391212397,0.7574504603006984,0.5089116663885744,15.267349991657234
distance,vincent,gap_0.1,34,0.5273181767862746,0.2552444967037242,0.7617654616053566,0.5065209649016325,15.195628947048974
distance,vincent,gap_0.1,35,0.5263038147066668,0.25392587949917156,0.7558459728283354,0.5019200933291639,15.057602799874916
distance,vincent,gap_0.1,36,0.5291678401870371,0.24819955653275738,0.7500422472006649,0.5018426906679075,15.055280720037226
distance,vincent,gap_0.1,37,0.5237467410729731,0.24496749154286124,0.7443681774397776,0.49940068589691633,14.98202057690749
distance,vincent,gap_0.1,38,0.5176707303385966,0.24213193866485305,0.7387462677469507,0.4966143290820977,14.89842987246293
distance,vincent,gap_0.1,39,0.5228302918427351,0.24825583002903184,0.7430903519160272,0.4948345218869954,14.845035656609863
distance,vincent,gap_0.1,40,0.5343927508050001,0.24934062744390673,0.738067650196104,0.48872702275219726,14.661810682565918
distance,vincent,gap_0.1,41,0.532939929289431,0.24439839826290688,0.7326277501636411,0.48822935190073424,14.646880557022028
distance,vincent,gap_0.1,42,0.5275263863809525,0.2413147301191192,0.7265171643876791,0.4852024342685599,14.556073028056797
distance,vincent,gap_0.1,43,0.5293313626589149,0.24698392950649317,0.7271544034008511,0.48017047389435796,14.40511421683074
distance,vincent,gap_0.1,44,0.536405240939394,0.24612933764590283,0.7213094388960586,0.47518010125015575,14.255403037504673
distance,vincent,gap_0.1,45,0.5348609592814816,0.24158007015272465,0.7155105006914535,0.47393043053872885,14.217912916161865
distance,vincent,gap_0.1,46,0.5353842444710146,0.23693500588833505,0.7095769494596761,0.47264194357134104,14.17925830714023
distance,vincent,gap_0.1,47,0.5337599134751775,0.24227448989714517,0.7114754026290913,0.4692009127319461,14.076027381958383
distance,vincent,gap_0.1,48,0.5279878936791668,0.24719203946109425,0.7119750145671346,0.4647829751060404,13.943489253181212
distance,vincent,gap_0.2,1,0.4164160766666667,0.0,1.0,1.0,30.0
distance,vincent,gap_0.2,2,0.5037112203333334,0.0,1.0,1.0,30.0
distance,vincent,gap_0.2,3,0.6013014151111111,0.006444535811603536,0.9981913714642902,0.9917468356526866,29.752405069580597
distance,vincent,gap_0.2,4,0.6445698054166666,0.04902359987938065,0.9862417582496128,0.9372181583702321,28.116544751106964
distance,vincent,gap_0.2,5,0.6044446945333333,0.07808097385703117,0.9780869434910159,0.9000059696339847,27.000179089019543
distance,vincent,gap_0.2,6,0.6078066776666667,0.10852843944323842,0.9619540885702299,0.8534256491269915,25.602769473809744
distance,vincent,gap_0.2,7,0.5880171734761905,0.061864727172535994,0.9488913089716999,0.8870265817991639,26.610797453974918
distance,vincent,gap_0.2,8,0.5611593605,0.08996306001248833,0.9616927991771242,0.8717297391646359,26.15189217493908
distance,vincent,gap_0.2,9,0.5359307042962963,0.11151720693641398,0.9498483017184138,0.8383310947819999,25.149932843459997
distance,vincent,gap_0.2,10,0.5472101216333334,0.1304694592197262,0.9455098136187512,0.815040354399025,24.45121063197075
distance,vincent,gap_0.2,11,0.5232413275848485,0.14509623100065427,0.9358253434176365,0.7907291124169822,23.721873372509464
distance,vincent,gap_0.2,12,0.5174107010361112,0.15896153370677113,0.9260091375740664,0.7670476038672953,23.01142811601886
distance,vincent,gap_0.2,13,0.506839721648718,0.1683152443752205,0.9141428077901855,0.745827563414965,22.37482690244895
distance,vincent,gap_0.2,14,0.5039117261976191,0.1556121646412757,0.9030738827202598,0.7474617180789841,22.423851542369523
distance,vincent,gap_0.2,15,0.5262417778733334,0.14929022959068494,0.893132763930603,0.7438425343399181,22.31527603019754
distance,vincent,gap_0.2,16,0.5308130119437501,0.15415264882402424,0.8823407002575829,0.7281880514335587,21.84564154300676
distance,vincent,gap_0.2,17,0.5369400658882354,0.15997035358503453,0.8713710337985812,0.7114006802135466,21.342020406406398
distance,vincent,gap_0.2,18,0.5294208767277779,0.16910938816646914,0.8739320841463926,0.7048226959799234,21.144680879397704
distance,vincent,gap_0.2,19,0.5385114740578948,0.15702303912451043,0.864169352215987,0.7071463130914766,21.214389392744298
distance,vincent,gap_0.2,20,0.5405798932216668,0.1656131556733289,0.859774403775285,0.6941612481019561,20.824837443058684
distance,vincent,gap_0.2,21,0.5286429986476191,0.1737663158670355,0.8605033156163255,0.68673699974929,20.602109992478702
distance,vincent,gap_0.2,22,0.5335014019060607,0.17709009866814518,0.8524565509834386,0.6753664523152935,20.260993569458805
distance,vincent,gap_0.2,23,0.5339021714318841,0.1684033442769295,0.8448452100218456,0.6764418657449162,20.293255972347485
distance,vincent,gap_0.2,24,0.5317749186083334,0.17561802733779097,0.8526396457491123,0.6770216184113214,20.31064855233964
distance,vincent,gap_0.2,25,0.5308006798906667,0.1830663238056841,0.8539213625074886,0.6708550387018045,20.125651161054137
distance,vincent,gap_0.2,26,0.535743775625641,0.17789804261750852,0.8469678181502676,0.669069775532759,20.072093265982772
distance,vincent,gap_0.2,27,0.5355225879481482,0.18124346762298515,0.8403874586531284,0.6591439910301432,19.774319730904296
distance,vincent,gap_0.2,28,0.5241679479309524,0.1847400770431381,0.8340612780625594,0.6493212010194213,19.479636030582636
distance,vincent,gap_0.2,29,0.5276130661057471,0.17718454531682726,0.8278170550941905,0.6506325097773632,19.518975293320896
distance,vincent,gap_0.2,30,0.53262910968,0.18292414112457533,0.8249956303074715,0.6420714891828961,19.262144675486883
distance,vincent,gap_0.2,31,0.5365331216473119,0.18879846784679444,0.8242120109142164,0.6354135430674219,19.062406292022658
distance,vincent,gap_0.2,32,0.5305625331583333,0.1870926183435334,0.8187608839280698,0.6316682655845364,18.95004796753609
distance,vincent,gap_0.2,33,0.5275610858606061,0.19004766067496148,0.8129969380011426,0.6229492773261811,18.688478319785432
distance,vincent,gap_0.2,34,0.5273181767862746,0.19535052573961575,0.8172280036470778,0.6218774779074621,18.65632433722386
distance,vincent,gap_0.2,35,0.5263038147066668,0.19436391455509805,0.8117022968756695,0.6173383823205715,18.520151469617144
distance,vincent,gap_0.2,36,0.5291678401870371,0.18938525572470777,0.8064572628759981,0.6170720071512903,18.51216021453871
distance,vincent,gap_0.2,37,0.5237467410729731,0.18685660928926517,0.8013837551882321,0.614527145898967,18.43581437696901
distance,vincent,gap_0.2,38,0.5176707303385966,0.18465972630530159,0.7964658509078216,0.61180612460252,18.3541837380756
distance,vincent,gap_0.2,39,0.5228302918427351,0.1891213837812894,0.8005752500023353,0.6114538662210459,18.343615986631377
distance,vincent,gap_0.2,40,0.5343927508050001,0.19085503508404567,0.7958768151946511,0.6050217801106055,18.150653403318163
distance,vincent,gap_0.2,41,0.532939929289431,0.18652705643628642,0.7913511984196986,0.6048241419834122,18.144724259502365
distance,vincent,gap_0.2,42,0.5275263863809525,0.18407595384482378,0.786840099586803,0.6027641457419792,18.082924372259377
distance,vincent,gap_0.2,43,0.5293313626589149,0.1881505406567512,0.786997599961835,0.5988470593050839,17.965411779152515
distance,vincent,gap_0.2,44,0.536405240939394,0.18786854810186948,0.782722143182939,0.5948535950810695,17.845607852432085
distance,vincent,gap_0.2,45,0.5348609592814816,0.18388994532708103,0.7785275938964433,0.5946376485693623,17.83912945708087
distance,vincent,gap_0.2,46,0.5353842444710146,0.17983209112938814,0.7744778262069336,0.5946457350775455,17.839372052326365
distance,vincent,gap_0.2,47,0.5337599134751775,0.1836538555265783,0.7756032792621326,0.5919494237355543,17.758482712066627
distance,vincent,gap_0.2,48,0.5279878936791668,0.18741799001208415,0.7755586841154212,0.588140694103337,17.64422082310011
distance,vincent,gap_0.3,1,0.4164160766666667,0.0,1.0,1.0,30.0
distance,vincent,gap_0.3,2,0.5037112203333334,0.0,1.0,1.0,30.0
distance,vincent,gap_0.3,3,0.6013014151111111,0.0,1.0,1.0,30.0
distance,vincent,gap_0.3,4,0.6445698054166666,0.008491225293011606,0.9976169777285696,0.989125752435558,29.67377257306674
distance,vincent,gap_0.3,5,0.6044446945333333,0.03754859927066201,0.9894621629699727,0.9519135636993107,28.55740691097932
distance,vincent,gap_0.3,6,0.6078066776666667,0.05899786165764909,0.9834425287934998,0.9244446671358507,27.733340014075523
distance,vincent,gap_0.3,7,0.5880171734761905,0.021221533841246365,0.9731455440081609,0.9519240101669145,28.557720305007436
distance,vincent,gap_0.3,8,0.5611593605,0.04146495735753053,0.9820208245177879,0.9405558671602574,28.21667601480772
distance,vincent,gap_0.3,9,0.5359307042962963,0.060485094693647046,0.974901479175495,0.9144163844818479,27.432491534455437
distance,vincent,gap_0.3,10,0.5472101216333334,0.0788415686198154,0.9685559144230305,0.8897143458032151,26.691430374096452
distance,vincent,gap_0.3,11,0.5232413275848485,0.09392809411761993,0.9616725379115292,0.8677444437939092,26.032333313817276
distance,vincent,gap_0.3,12,0.5174107010361112,0.10729060699882109,0.9547912686069078,0.8475006616080867,25.4250198482426
distance,vincent,gap_0.3,13,0.506839721648718,0.11702245880356132,0.9478548403176343,0.830832381514073,24.92497144542219
distance,vincent,gap_0.3,14,0.5039117261976191,0.10473330565113226,0.9404143475942092,0.8356810419430769,25.070431258292306
distance,vincent,gap_0.3,15,0.5262417778733334,0.09864519900639968,0.9324416116839013,0.8337964126775016,25.013892380325046
distance,vincent,gap_0.3,16,0.5308130119437501,0.1039215906648846,0.9237912399358567,0.8198696492709721,24.596089478129162
distance,vincent,gap_0.3,17,0.5369400658882354,0.11037794420247349,0.9159422402590626,0.8055642960565891,24.16692888169767
distance,vincent,gap_0.3,18,0.5294208767277779,0.11870920884351643,0.9164701810135751,0.7977609721700587,23.93282916510176
distance,vincent,gap_0.3,19,0.5385114740578948,0.1071911242286282,0.9096191953507307,0.8024280711221025,24.072842133663073
distance,vincent,gap_0.3,20,0.5405798932216668,0.11505568585839854,0.9033288891939777,0.7882732033355792,23.648196100067373
distance,vincent,gap_0.3,21,0.5286429986476191,0.12271031925669695,0.9024548091127437,0.7797444898560467,23.392334695681402
distance,vincent,gap_0.3,22,0.5335014019060607,0.12630387579253055,0.8969288813494304,0.7706250055568998,23.118750166706995
distance,vincent,gap_0.3,23,0.5339021714318841,0.1181669607128637,0.8918056378171728,0.7736386771043091,23.209160313129274
distance,vincent,gap_0.3,24,0.5317749186083334,0.12466151871125009,0.8979582388848202,0.7732967201735701,23.1989016052071
distance,vincent,gap_0.3,25,0.5308006798906667,0.131023729672463,0.8977296412736688,0.7667059116012058,23.001177348036176
distance,vincent,gap_0.3,26,0.535743775625641,0.12679064744647528,0.8930445244394737,0.7662538769929984,22.987616309789953
distance,vincent,gap_0.3,27,0.5355225879481482,0.13046522084745626,0.8886588616448824,0.7581936407974261,22.745809223922784
distance,vincent,gap_0.3,28,0.5241679479309524,0.13445990008099562,0.8833128233998122,0.7488529233188166,22.465587699564498
distance,vincent,gap_0.3,29,0.5276130661057471,0.12733996063566755,0.8778435472844688,0.7505035866488012,22.515107599464038
distance,vincent,gap_0.3,30,0.53262910968,0.13236018132814353,0.8745755726970368,0.7422153913688933,22.2664617410668
distance,vincent,gap_0.3,31,0.5365331216473119,0.13719254667421632,0.873376558316491,0.7361840116422746,22.08552034926824
distance,vincent,gap_0.3,32,0.5305625331583333,0.13627125162477594,0.8686372706807315,0.7323660190559556,21.970980571678666
distance,vincent,gap_0.3,33,0.5275610858606061,0.13963914404147837,0.8640626774660807,0.7244235334246023,21.73270600273807
distance,vincent,gap_0.3,34,0.5273181767862746,0.1438302770072044,0.867653535355623,0.7238232583484185,21.714697750452558
distance,vincent,gap_0.3,35,0.5263038147066668,0.14370010171161895,0.8632700544427381,0.7195699527311191,21.587098581933574
distance,vincent,gap_0.3,36,0.5291678401870371,0.13909048596332374,0.8590661377354467,0.719975651772123,21.59926955316369
distance,vincent,gap_0.3,37,0.5237467410729731,0.13723979698429867,0.8549999393357111,0.7177601423514124,21.53280427054237
distance,vincent,gap_0.3,38,0.5176707303385966,0.13572823834411085,0.851008597654191,0.7152803593100802,21.458410779302405
distance,vincent,gap_0.3,39,0.5228302918427351,0.13906750978301075,0.8546030428949307,0.71553553311192,21.4660659933576
distance,vincent,gap_0.3,40,0.5343927508050001,0.1414582376035085,0.8506951247831269,0.7092368871796184,21.277106615388554
distance,vincent,gap_0.3,41,0.532939929289431,0.13775302289510571,0.8468696985621975,0.7091166756670918,21.273500270012754
distance,vincent,gap_0.3,42,0.5275263863809525,0.1358430404046943,0.842734369447196,0.7068913290425017,21.20673987127505
distance,vincent,gap_0.3,43,0.5293313626589149,0.1389236333458489,0.8427038882108805,0.7037802548650316,21.113407645950947
distance,vincent,gap_0.3,44,0.536405240939394,0.13921253892494279,0.8388205767389934,0.6996080378140506,20.988241134421518
distance,vincent,gap_0.3,45,0.5348609592814816,0.1357521319176922,0.8350950382430977,0.6993429063254055,20.980287189762166
distance,vincent,gap_0.3,46,0.5353842444710146,0.13214702268881584,0.8315177183431008,0.699370695654285,20.98112086962855
distance,vincent,gap_0.3,47,0.5337599134751775,0.13508539442032674,0.8323847030837359,0.6972993086634092,20.918979259902276
distance,vincent,gap_0.3,48,0.5279878936791668,0.13791373297678633,0.8320934978465881,0.6941797648698018,20.825392946094055
