measure,method,bank,n,mean_norm,lower_norm,upper_norm,width_norm,width_original
pos_error_l2,sim2real,Sim_35,1,0.29981261800689807,0.02,0.98,0.96,0.096
pos_error_l2,sim2real,Sim_35,2,0.2648652810597568,0.02,0.98,0.96,0.096
pos_error_l2,sim2real,Sim_35,3,0.30176901327364103,0.02,0.98,0.96,0.096
pos_error_l2,sim2real,Sim_35,4,0.23913568675547078,0.02,0.98,0.96,0.096
pos_error_l2,sim2real,Sim_35,5,0.19851804608448984,0.02,0.6,0.58,0.057999999999999996
pos_error_l2,sim2real,Sim_35,6,0.18893976900577777,0.02,0.54,0.52,0.052000000000000005
pos_error_l2,sim2real,Sim_35,7,0.20225676895308603,0.02,0.52,0.5,0.05
pos_error_l2,sim2real,Sim_35,8,0.20335996354581024,0.04,0.5,0.46,0.046000000000000006
pos_error_l2,sim2real,Sim_35,9,0.1857260856757919,0.04,0.46,0.42000000000000004,0.04200000000000001
pos_error_l2,sim2real,Sim_35,10,0.220282143556671,0.08,0.46,0.38,0.038000000000000006
pos_error_l2,sim2real,Sim_35,11,0.21931318541144143,0.08,0.44,0.36,0.036
pos_error_l2,sim2real,Sim_35,12,0.20530966889762747,0.08,0.42,0.33999999999999997,0.033999999999999996
pos_error_l2,sim2real,Sim_35,13,0.22989298201948724,0.1,0.44,0.33999999999999997,0.033999999999999996
pos_error_l2,sim2real,Sim_35,14,0.224436647171829,0.1,0.42,0.31999999999999995,0.031999999999999994
pos_error_l2,sim2real,Sim_35,15,0.21676087542654088,0.1,0.4,0.30000000000000004,0.030000000000000006
pos_error_l2,sim2real,Sim_35,16,0.24819959537475,0.12,0.42,0.3,0.03
pos_error_l2,sim2real,Sim_35,17,0.24209351492873968,0.12,0.42,0.3,0.03
pos_error_l2,sim2real,Sim_35,18,0.232372884093506,0.12,0.4,0.28,0.028000000000000004
pos_error_l2,sim2real,Sim_35,19,0.22371425851848653,0.12,0.38,0.26,0.026000000000000002
pos_error_l2,sim2real,Sim_35,20,0.23134804219952038,0.12,0.38,0.26,0.026000000000000002
pos_error_l2,sim2real,Sim_35,21,0.2234231640448996,0.12,0.38,0.26,0.026000000000000002
pos_error_l2,sim2real,Sim_35,22,0.2228061183189471,0.12,0.36,0.24,0.024
pos_error_l2,sim2real,Sim_35,23,0.22991322748019966,0.12,0.36,0.24,0.024
pos_error_l2,sim2real,Sim_35,24,0.22217469968176437,0.12,0.36,0.24,0.024
pos_error_l2,sim2real,Sim_35,25,0.22384431646385003,0.12,0.36,0.24,0.024
pos_error_l2,sim2real,Sim_35,26,0.23304648577672255,0.12,0.36,0.24,0.024
pos_error_l2,sim2real,Sim_35,27,0.22956205317673084,0.12,0.34,0.22000000000000003,0.022000000000000006
pos_error_l2,sim2real,Sim_35,28,0.2374042283732492,0.12,0.36,0.24,0.024
pos_error_l2,sim2real,Sim_35,29,0.2356678025089408,0.12,0.34,0.22000000000000003,0.022000000000000006
pos_error_l2,sim2real,Sim_35,30,0.2294229450007507,0.12,0.34,0.22000000000000003,0.022000000000000006
pos_error_l2,sim2real,Sim_252,1,0.29981261800689807,0.02,0.98,0.96,0.096
pos_error_l2,sim2real,Sim_252,2,0.2648652810597568,0.02,0.98,0.96,0.096
pos_error_l2,sim2real,Sim_252,3,0.30176901327364103,0.02,0.98,0.96,0.096
pos_error_l2,sim2real,Sim_252,4,0.23913568675547078,0.02,0.98,0.96,0.096
pos_error_l2,sim2real,Sim_252,5,0.19851804608448984,0.02,0.5903125,0.5703125,0.057031250000000006
pos_error_l2,sim2real,Sim_252,6,0.18893976900577777,0.02,0.5409375000000001,0.5209375,0.05209375000000001
pos_error_l2,sim2real,Sim_252,7,0.20225676895308603,0.02,0.5140625,0.49406249999999996,0.04940625
pos_error_l2,sim2real,Sim_252,8,0.20335996354581024,0.0346875,0.48656249999999995,0.45187499999999997,0.0451875
pos_error_l2,sim2real,Sim_252,9,0.1857260856757919,0.036562500000000005,0.45156250000000003,0.41500000000000004,0.04150000000000001
pos_error_l2,sim2real,Sim_252,10,0.220282143556671,0.08406249999999998,0.4596875,0.37562500000000004,0.037562500000000006
pos_error_l2,sim2real,Sim_252,11,0.21931318541144143,0.09468750000000001,0.44093750000000004,0.34625000000000006,0.03462500000000001
pos_error_l2,sim2real,Sim_252,12,0.20530966889762747,0.09031249999999999,0.41468750000000004,0.3243750000000001,0.03243750000000001
pos_error_l2,sim2real,Sim_252,13,0.22989298201948724,0.1121875,0.4246875,0.3125,0.03125
pos_error_l2,sim2real,Sim_252,14,0.224436647171829,0.1146875,0.40718750000000004,0.29250000000000004,0.029250000000000005
pos_error_l2,sim2real,Sim_252,15,0.21676087542654088,0.1146875,0.3896875,0.275,0.027500000000000004
pos_error_l2,sim2real,Sim_252,16,0.24819959537475,0.1334375,0.4196875,0.28625,0.028625
pos_error_l2,sim2real,Sim_252,17,0.24209351492873968,0.13406250000000003,0.4059375,0.271875,0.0271875
pos_error_l2,sim2real,Sim_252,18,0.232372884093506,0.13093749999999998,0.3896875,0.25875000000000004,0.025875000000000006
pos_error_l2,sim2real,Sim_252,19,0.22371425851848653,0.12843749999999998,0.3753125,0.246875,0.0246875
pos_error_l2,sim2real,Sim_252,20,0.23134804219952038,0.1353125,0.3753125,0.24,0.024
pos_error_l2,sim2real,Sim_252,21,0.2234231640448996,0.1328125,0.3628125,0.22999999999999998,0.023
pos_error_l2,sim2real,Sim_252,22,0.2228061183189471,0.1353125,0.35656249999999995,0.22124999999999995,0.022124999999999995
pos_error_l2,sim2real,Sim_252,23,0.22991322748019966,0.14156250000000004,0.3578125,0.21624999999999994,0.021624999999999995
pos_error_l2,sim2real,Sim_252,24,0.22217469968176437,0.1384375,0.3471875,0.20875,0.020875
pos_error_l2,sim2real,Sim_252,25,0.22384431646385003,0.14156250000000004,0.3440625,0.20249999999999996,0.020249999999999997
pos_error_l2,sim2real,Sim_252,26,0.23304648577672255,0.1484375,0.3490625,0.200625,0.0200625
pos_error_l2,sim2real,Sim_252,27,0.22956205317673084,0.1484375,0.34218750000000003,0.19375000000000003,0.019375000000000003
pos_error_l2,sim2real,Sim_252,28,0.2374042283732492,0.15406250000000005,0.34593749999999995,0.1918749999999999,0.019187499999999993
pos_error_l2,sim2real,Sim_252,29,0.2356678025089408,0.15468750000000003,0.34093750000000006,0.18625000000000003,0.018625000000000003
pos_error_l2,sim2real,Sim_252,30,0.2294229450007507,0.15218750000000003,0.3328125,0.18062499999999998,0.0180625
pos_error_l2,sim2real,Sim_756,1,0.29981261800689807,0.02,0.98,0.96,0.096
pos_error_l2,sim2real,Sim_756,2,0.2648652810597568,0.02,0.98,0.96,0.096
pos_error_l2,sim2real,Sim_756,3,0.30176901327364103,0.02,0.98,0.96,0.096
pos_error_l2,sim2real,Sim_756,4,0.23913568675547078,0.02,0.98,0.96,0.096
pos_error_l2,sim2real,Sim_756,5,0.19851804608448984,0.02,0.5978124999999999,0.5778124999999998,0.057781249999999985
pos_error_l2,sim2real,Sim_756,6,0.18893976900577777,0.02,0.5428124999999999,0.5228124999999999,0.052281249999999994
pos_error_l2,sim2real,Sim_756,7,0.20225676895308603,0.02,0.5153125000000001,0.49531250000000004,0.049531250000000006
pos_error_l2,sim2real,Sim_756,8,0.20335996354581024,0.02,0.4890625,0.4690625,0.046906250000000003
pos_error_l2,sim2real,Sim_756,9,0.1857260856757919,0.02,0.45593750000000005,0.43593750000000003,0.04359375000000001
pos_error_l2,sim2real,Sim_756,10,0.220282143556671,0.06593750000000001,0.4634375,0.39749999999999996,0.03975
pos_error_l2,sim2real,Sim_756,11,0.21931318541144143,0.0796875,0.4453125,0.365625,0.0365625
pos_error_l2,sim2real,Sim_756,12,0.20530966889762747,0.0765625,0.4209375,0.344375,0.0344375
pos_error_l2,sim2real,Sim_756,13,0.22989298201948724,0.1028125,0.4296875,0.326875,0.0326875
pos_error_l2,sim2real,Sim_756,14,0.224436647171829,0.10593750000000002,0.41343750000000007,0.30750000000000005,0.030750000000000006
pos_error_l2,sim2real,Sim_756,15,0.21676087542654088,0.10593750000000002,0.3971875,0.29125,0.029125
pos_error_l2,sim2real,Sim_756,16,0.24819959537475,0.1278125,0.42406249999999995,0.29624999999999996,0.029625
pos_error_l2,sim2real,Sim_756,17,0.24209351492873968,0.12843749999999998,0.4109375,0.28250000000000003,0.028250000000000004
pos_error_l2,sim2real,Sim_756,18,0.232372884093506,0.12593749999999998,0.3953125,0.26937500000000003,0.026937500000000003
pos_error_l2,sim2real,Sim_756,19,0.22371425851848653,0.12281249999999999,0.3809375,0.258125,0.025812500000000002
pos_error_l2,sim2real,Sim_756,20,0.23134804219952038,0.13093749999999998,0.3809375,0.25,0.025
pos_error_l2,sim2real,Sim_756,21,0.2234231640448996,0.12843749999999998,0.3690625,0.24062500000000003,0.024062500000000004
pos_error_l2,sim2real,Sim_756,22,0.2228061183189471,0.13093749999999998,0.3628125,0.231875,0.0231875
pos_error_l2,sim2real,Sim_756,23,0.22991322748019966,0.1378125,0.3640625,0.22625,0.022625000000000003
pos_error_l2,sim2real,Sim_756,24,0.22217469968176437,0.13468750000000002,0.3540625,0.219375,0.0219375
pos_error_l2,sim2real,Sim_756,25,0.22384431646385003,0.1384375,0.35093749999999996,0.21249999999999997,0.021249999999999998
pos_error_l2,sim2real,Sim_756,26,0.23304648577672255,0.1459375,0.3553125,0.20937499999999998,0.020937499999999998
pos_error_l2,sim2real,Sim_756,27,0.22956205317673084,0.1453125,0.3484375,0.203125,0.0203125
pos_error_l2,sim2real,Sim_756,28,0.2374042283732492,0.15218750000000003,0.3521875,0.19999999999999996,0.019999999999999997
pos_error_l2,sim2real,Sim_756,29,0.2356678025089408,0.15281250000000002,0.3471875,0.19437499999999996,0.019437499999999996
pos_error_l2,sim2real,Sim_756,30,0.2294229450007507,0.14968750000000003,0.33968750000000003,0.19,0.019000000000000003
pos_error_l2,sim2real,Sim_10080,1,0.29981261800689807,0.02,0.98,0.96,0.096
pos_error_l2,sim2real,Sim_10080,2,0.2648652810597568,0.02,0.98,0.96,0.096
pos_error_l2,sim2real,Sim_10080,3,0.30176901327364103,0.02,0.98,0.96,0.096
pos_error_l2,sim2real,Sim_10080,4,0.23913568675547078,0.02,0.98,0.96,0.096
pos_error_l2,sim2real,Sim_10080,5,0.19851804608448984,0.02,0.5990624999999999,0.5790624999999999,0.05790624999999999
pos_error_l2,sim2real,Sim_10080,6,0.18893976900577777,0.02,0.5471875000000002,0.5271875000000001,0.052718750000000016
pos_error_l2,sim2real,Sim_10080,7,0.20225676895308603,0.02,0.5184375000000001,0.4984375000000001,0.04984375000000001
pos_error_l2,sim2real,Sim_10080,8,0.20335996354581024,0.057187499999999995,0.4884375,0.43125,0.043125000000000004
pos_error_l2,sim2real,Sim_10080,9,0.1857260856757919,0.054062500000000006,0.45156250000000003,0.3975,0.03975000000000001
pos_error_l2,sim2real,Sim_10080,10,0.220282143556671,0.0953125,0.4603125,0.365,0.0365
pos_error_l2,sim2real,Sim_10080,11,0.21931318541144143,0.10343750000000002,0.44093750000000004,0.3375,0.03375
pos_error_l2,sim2real,Sim_10080,12,0.20530966889762747,0.0990625,0.41406250000000006,0.31500000000000006,0.03150000000000001
pos_error_l2,sim2real,Sim_10080,13,0.22989298201948724,0.11656249999999999,0.42406249999999995,0.3075,0.03075
pos_error_l2,sim2real,Sim_10080,14,0.224436647171829,0.1184375,0.4065625,0.28812499999999996,0.028812499999999998
pos_error_l2,sim2real,Sim_10080,15,0.21676087542654088,0.1184375,0.38906250000000003,0.270625,0.027062500000000003
pos_error_l2,sim2real,Sim_10080,16,0.24819959537475,0.1334375,0.41906249999999995,0.28562499999999996,0.028562499999999998
pos_error_l2,sim2real,Sim_10080,17,0.24209351492873968,0.13406250000000003,0.40468750000000003,0.270625,0.027062500000000003
pos_error_l2,sim2real,Sim_10080,18,0.232372884093506,0.13156250000000003,0.38843750000000005,0.256875,0.025687500000000002
pos_error_l2,sim2real,Sim_10080,19,0.22371425851848653,0.1296875,0.37343750000000003,0.24375000000000002,0.024375000000000004
pos_error_l2,sim2real,Sim_10080,20,0.23134804219952038,0.13468750000000002,0.3740625,0.239375,0.0239375
pos_error_l2,sim2real,Sim_10080,21,0.2234231640448996,0.1328125,0.36093749999999997,0.22812499999999997,0.0228125
pos_error_l2,sim2real,Sim_10080,22,0.2228061183189471,0.13468750000000002,0.3540625,0.219375,0.0219375
pos_error_l2,sim2real,Sim_10080,23,0.22991322748019966,0.13968750000000002,0.3553125,0.21562499999999996,0.0215625
pos_error_l2,sim2real,Sim_10080,24,0.22217469968176437,0.13718750000000002,0.3440625,0.20687499999999998,0.020687499999999998
pos_error_l2,sim2real,Sim_10080,25,0.22384431646385003,0.13968750000000002,0.34093750000000006,0.20125000000000004,0.020125000000000004
pos_error_l2,sim2real,Sim_10080,26,0.23304648577672255,0.1453125,0.34593749999999995,0.20062499999999994,0.020062499999999997
pos_error_l2,sim2real,Sim_10080,27,0.22956205317673084,0.14468750000000002,0.3390625,0.19437499999999996,0.019437499999999996
pos_error_l2,sim2real,Sim_10080,28,0.2374042283732492,0.14968750000000003,0.3434375,0.19374999999999998,0.019375
pos_error_l2,sim2real,Sim_10080,29,0.2356678025089408,0.15031250000000002,0.3384375,0.188125,0.0188125
pos_error_l2,sim2real,Sim_10080,30,0.2294229450007507,0.1478125,0.3296875,0.181875,0.018187500000000002
pos_error_l2,sim2real,Sim_7_biased,1,0.29981261800689807,0.02,0.98,0.96,0.096
pos_error_l2,sim2real,Sim_7_biased,2,0.2648652810597568,0.02,0.98,0.96,0.096
pos_error_l2,sim2real,Sim_7_biased,3,0.30176901327364103,0.02,0.98,0.96,0.096
pos_error_l2,sim2real,Sim_7_biased,4,0.23913568675547078,0.02,0.98,0.96,0.096
pos_error_l2,sim2real,Sim_7_biased,5,0.19851804608448984,0.02,0.58,0.5599999999999999,0.055999999999999994
pos_error_l2,sim2real,Sim_7_biased,6,0.18893976900577777,0.02,0.54,0.52,0.052000000000000005
pos_error_l2,sim2real,Sim_7_biased,7,0.20225676895308603,0.02,0.5,0.48,0.048
pos_error_l2,sim2real,Sim_7_biased,8,0.20335996354581024,0.04,0.48,0.44,0.044000000000000004
pos_error_l2,sim2real,Sim_7_biased,9,0.1857260856757919,0.04,0.44,0.4,0.04000000000000001
pos_error_l2,sim2real,Sim_7_biased,10,0.220282143556671,0.08,0.46,0.38,0.038000000000000006
pos_error_l2,sim2real,Sim_7_biased,11,0.21931318541144143,0.08,0.44,0.36,0.036
pos_error_l2,sim2real,Sim_7_biased,12,0.20530966889762747,0.08,0.4,0.32,0.032
pos_error_l2,sim2real,Sim_7_biased,13,0.22989298201948724,0.1,0.42,0.31999999999999995,0.031999999999999994
pos_error_l2,sim2real,Sim_7_biased,14,0.224436647171829,0.1,0.4,0.30000000000000004,0.030000000000000006
pos_error_l2,sim2real,Sim_7_biased,15,0.21676087542654088,0.1,0.38,0.28,0.028000000000000004
pos_error_l2,sim2real,Sim_7_biased,16,0.24819959537475,0.1,0.42,0.31999999999999995,0.031999999999999994
pos_error_l2,sim2real,Sim_7_biased,17,0.24209351492873968,0.1,0.4,0.30000000000000004,0.030000000000000006
pos_error_l2,sim2real,Sim_7_biased,18,0.232372884093506,0.1,0.4,0.30000000000000004,0.030000000000000006
pos_error_l2,sim2real,Sim_7_biased,19,0.22371425851848653,0.1,0.38,0.28,0.028000000000000004
pos_error_l2,sim2real,Sim_7_biased,20,0.23134804219952038,0.12,0.38,0.26,0.026000000000000002
pos_error_l2,sim2real,Sim_7_biased,21,0.2234231640448996,0.12,0.38,0.26,0.026000000000000002
pos_error_l2,sim2real,Sim_7_biased,22,0.2228061183189471,0.12,0.36,0.24,0.024
pos_error_l2,sim2real,Sim_7_biased,23,0.22991322748019966,0.12,0.36,0.24,0.024
pos_error_l2,sim2real,Sim_7_biased,24,0.22217469968176437,0.12,0.36,0.24,0.024
pos_error_l2,sim2real,Sim_7_biased,25,0.22384431646385003,0.12,0.36,0.24,0.024
pos_error_l2,sim2real,Sim_7_biased,26,0.23304648577672255,0.12,0.36,0.24,0.024
pos_error_l2,sim2real,Sim_7_biased,27,0.22956205317673084,0.12,0.36,0.24,0.024
pos_error_l2,sim2real,Sim_7_biased,28,0.2374042283732492,0.12,0.36,0.24,0.024
pos_error_l2,sim2real,Sim_7_biased,29,0.2356678025089408,0.12,0.36,0.24,0.024
pos_error_l2,sim2real,Sim_7_biased,30,0.2294229450007507,0.12,0.36,0.24,0.024
pos_error_l2,e_value_wsr,none,1,0.29981261800689807,0.02,0.98,0.96,0.096
pos_error_l2,e_value_wsr,none,2,0.2648652810597568,0.02,0.98,0.96,0.096
pos_error_l2,e_value_wsr,none,3,0.30176901327364103,0.02,0.98,0.96,0.096
pos_error_l2,e_value_wsr,none,4,0.23913568675547078,0.02,0.98,0.96,0.096
pos_error_l2,e_value_wsr,none,5,0.19851804608448984,0.02,0.98,0.96,0.096
pos_error_l2,e_value_wsr,none,6,0.18893976900577777,0.02,0.98,0.96,0.096
pos_error_l2,e_value_wsr,none,7,0.20225676895308603,0.02,0.98,0.96,0.096
pos_error_l2,e_value_wsr,none,8,0.20335996354581024,0.02,0.54,0.52,0.052000000000000005
pos_error_l2,e_value_wsr,none,9,0.1857260856757919,0.02,0.46,0.44,0.044000000000000004
pos_error_l2,e_value_wsr,none,10,0.220282143556671,0.02,0.48,0.45999999999999996,0.046
pos_error_l2,e_value_wsr,none,11,0.21931318541144143,0.02,0.44,0.42,0.042
pos_error_l2,e_value_wsr,none,12,0.20530966889762747,0.02,0.42,0.39999999999999997,0.04
pos_error_l2,e_value_wsr,none,13,0.22989298201948724,0.06,0.42,0.36,0.036
pos_error_l2,e_value_wsr,none,14,0.224436647171829,0.06,0.42,0.36,0.036
pos_error_l2,e_value_wsr,none,15,0.21676087542654088,0.06,0.4,0.34,0.034
pos_error_l2,e_value_wsr,none,16,0.24819959537475,0.1,0.42,0.31999999999999995,0.031999999999999994
pos_error_l2,e_value_wsr,none,17,0.24209351492873968,0.1,0.42,0.31999999999999995,0.031999999999999994
pos_error_l2,e_value_wsr,none,18,0.232372884093506,0.1,0.4,0.30000000000000004,0.030000000000000006
pos_error_l2,e_value_wsr,none,19,0.22371425851848653,0.1,0.38,0.28,0.028000000000000004
pos_error_l2,e_value_wsr,none,20,0.23134804219952038,0.1,0.38,0.28,0.028000000000000004
pos_error_l2,e_value_wsr,none,21,0.2234231640448996,0.1,0.38,0.28,0.028000000000000004
pos_error_l2,e_value_wsr,none,22,0.2228061183189471,0.1,0.38,0.28,0.028000000000000004
pos_error_l2,e_value_wsr,none,23,0.22991322748019966,0.1,0.38,0.28,0.028000000000000004
pos_error_l2,e_value_wsr,none,24,0.22217469968176437,0.1,0.36,0.26,0.026000000000000002
pos_error_l2,e_value_wsr,none,25,0.22384431646385003,0.12,0.36,0.24,0.024
pos_error_l2,e_value_wsr,none,26,0.23304648577672255,0.12,0.36,0.24,0.024
pos_error_l2,e_value_wsr,none,27,0.22956205317673084,0.12,0.36,0.24,0.024
pos_error_l2,e_value_wsr,none,28,0.2374042283732492,0.12,0.36,0.24,0.024
pos_error_l2,e_value_wsr,none,29,0.2356678025089408,0.12,0.36,0.24,0.024
pos_error_l2,e_value_wsr,none,30,0.2294229450007507,0.12,0.34,0.22000000000000003,0.022000000000000006
pos_error_l2,e_value_constant_0.25,none,1,0.29981261800689807,0.02,0.98,0.96,0.096
pos_error_l2,e_value_constant_0.25,none,2,0.2648652810597568,0.02,0.98,0.96,0.096
pos_error_l2,e_value_constant_0.25,none,3,0.30176901327364103,0.02,0.98,0.96,0.096
pos_error_l2,e_value_constant_0.25,none,4,0.23913568675547078,0.02,0.98,0.96,0.096
pos_error_l2,e_value_constant_0.25,none,5,0.19851804608448984,0.02,0.98,0.96,0.096
pos_error_l2,e_value_constant_0.25,none,6,0.18893976900577777,0.02,0.98,0.96,0.096
pos_error_l2,e_value_constant_0.25,none,7,0.20225676895308603,0.02,0.98,0.96,0.096
pos_error_l2,e_value_constant_0.25,none,8,0.20335996354581024,0.02,0.98,0.96,0.096
pos_error_l2,e_value_constant_0.25,none,9,0.1857260856757919,0.02,0.98,0.96,0.096
pos_error_l2,e_value_constant_0.25,none,10,0.220282143556671,0.02,0.98,0.96,0.096
pos_error_l2,e_value_constant_0.25,none,11,0.21931318541144143,0.02,0.98,0.96,0.096
pos_error_l2,e_value_constant_0.25,none,12,0.20530966889762747,0.02,0.98,0.96,0.096
pos_error_l2,e_value_constant_0.25,none,13,0.22989298201948724,0.02,0.98,0.96,0.096
pos_error_l2,e_value_constant_0.25,none,14,0.224436647171829,0.02,0.98,0.96,0.096
pos_error_l2,e_value_constant_0.25,none,15,0.21676087542654088,0.02,0.98,0.96,0.096
pos_error_l2,e_value_constant_0.25,none,16,0.24819959537475,0.02,0.98,0.96,0.096
pos_error_l2,e_value_constant_0.25,none,17,0.24209351492873968,0.02,0.98,0.96,0.096
pos_error_l2,e_value_constant_0.25,none,18,0.232372884093506,0.02,0.98,0.96,0.096
pos_error_l2,e_value_constant_0.25,none,19,0.22371425851848653,0.02,0.98,0.96,0.096
pos_error_l2,e_value_constant_0.25,none,20,0.23134804219952038,0.02,0.98,0.96,0.096
pos_error_l2,e_value_constant_0.25,none,21,0.2234231640448996,0.02,0.98,0.96,0.096
pos_error_l2,e_value_constant_0.25,none,22,0.2228061183189471,0.02,0.96,0.94,0.094
pos_error_l2,e_value_constant_0.25,none,23,0.22991322748019966,0.02,0.94,0.9199999999999999,0.092
pos_error_l2,e_value_constant_0.25,none,24,0.22217469968176437,0.02,0.9,0.88,0.08800000000000001
pos_error_l2,e_value_constant_0.25,none,25,0.22384431646385003,0.02,0.88,0.86,0.08600000000000001
pos_error_l2,e_value_constant_0.25,none,26,0.23304648577672255,0.02,0.86,0.84,0.084
pos_error_l2,e_value_constant_0.25,none,27,0.22956205317673084,0.02,0.82,0.7999999999999999,0.08
pos_error_l2,e_value_constant_0.25,none,28,0.2374042283732492,0.02,0.82,0.7999999999999999,0.08
pos_error_l2,e_value_constant_0.25,none,29,0.2356678025089408,0.02,0.8,0.78,0.07800000000000001
pos_error_l2,e_value_constant_0.25,none,30,0.2294229450007507,0.02,0.76,0.74,0.074
pos_error_l2,e_value_constant_0.5,none,1,0.29981261800689807,0.02,0.98,0.96,0.096
pos_error_l2,e_value_constant_0.5,none,2,0.2648652810597568,0.02,0.98,0.96,0.096
pos_error_l2,e_value_constant_0.5,none,3,0.30176901327364103,0.02,0.98,0.96,0.096
pos_error_l2,e_value_constant_0.5,none,4,0.23913568675547078,0.02,0.98,0.96,0.096
pos_error_l2,e_value_constant_0.5,none,5,0.19851804608448984,0.02,0.98,0.96,0.096
pos_error_l2,e_value_constant_0.5,none,6,0.18893976900577777,0.02,0.98,0.96,0.096
pos_error_l2,e_value_constant_0.5,none,7,0.20225676895308603,0.02,0.98,0.96,0.096
pos_error_l2,e_value_constant_0.5,none,8,0.20335996354581024,0.02,0.98,0.96,0.096
pos_error_l2,e_value_constant_0.5,none,9,0.1857260856757919,0.02,0.98,0.96,0.096
pos_error_l2,e_value_constant_0.5,none,10,0.220282143556671,0.02,0.98,0.96,0.096
pos_error_l2,e_value_constant_0.5,none,11,0.21931318541144143,0.02,0.98,0.96,0.096
pos_error_l2,e_value_constant_0.5,none,12,0.20530966889762747,0.02,0.94,0.9199999999999999,0.092
pos_error_l2,e_value_constant_0.5,none,13,0.22989298201948724,0.02,0.9,0.88,0.08800000000000001
pos_error_l2,e_value_constant_0.5,none,14,0.224436647171829,0.02,0.84,0.82,0.082
pos_error_l2,e_value_constant_0.5,none,15,0.21676087542654088,0.02,0.78,0.76,0.07600000000000001
pos_error_l2,e_value_constant_0.5,none,16,0.24819959537475,0.02,0.78,0.76,0.07600000000000001
pos_error_l2,e_value_constant_0.5,none,17,0.24209351492873968,0.02,0.74,0.72,0.072
pos_error_l2,e_value_constant_0.5,none,18,0.232372884093506,0.02,0.7,0.6799999999999999,0.06799999999999999
pos_error_l2,e_value_constant_0.5,none,19,0.22371425851848653,0.02,0.68,0.66,0.066
pos_error_l2,e_value_constant_0.5,none,20,0.23134804219952038,0.02,0.66,0.64,0.064
pos_error_l2,e_value_constant_0.5,none,21,0.2234231640448996,0.02,0.62,0.6,0.06
pos_error_l2,e_value_constant_0.5,none,22,0.2228061183189471,0.02,0.6,0.58,0.057999999999999996
pos_error_l2,e_value_constant_0.5,none,23,0.22991322748019966,0.02,0.6,0.58,0.057999999999999996
pos_error_l2,e_value_constant_0.5,none,24,0.22217469968176437,0.02,0.58,0.5599999999999999,0.055999999999999994
pos_error_l2,e_value_constant_0.5,none,25,0.22384431646385003,0.02,0.56,0.54,0.054000000000000006
pos_error_l2,e_value_constant_0.5,none,26,0.23304648577672255,0.02,0.56,0.54,0.054000000000000006
pos_error_l2,e_value_constant_0.5,none,27,0.22956205317673084,0.02,0.54,0.52,0.052000000000000005
pos_error_l2,e_value_constant_0.5,none,28,0.2374042283732492,0.02,0.54,0.52,0.052000000000000005
pos_error_l2,e_value_constant_0.5,none,29,0.2356678025089408,0.02,0.52,0.5,0.05
pos_error_l2,e_value_constant_0.5,none,30,0.2294229450007507,0.02,0.5,0.48,0.048
pos_error_l2,hoeffding,none,1,0.29981261800689807,0.0,1.0,1.0,0.1
pos_error_l2,hoeffding,none,2,0.2648652810597568,0.0,1.0,1.0,0.1
pos_error_l2,hoeffding,none,3,0.30176901327364103,0.0,1.0,1.0,0.1
pos_error_l2,hoeffding,none,4,0.23913568675547078,0.0,0.9181864446257805,0.9181864446257805,0.09181864446257805
pos_error_l2,hoeffding,none,5,0.19851804608448984,0.0,0.805879507992795,0.805879507992795,0.0805879507992795
pos_error_l2,hoeffding,none,6,0.18893976900577777,0.0,0.7433823910832668,0.7433823910832668,0.07433823910832668
pos_error_l2,hoeffding,none,7,0.20225676895308603,0.0,0.715570892643022,0.715570892643022,0.0715570892643022
pos_error_l2,hoeffding,none,8,0.20335996354581024,0.0,0.6835213592057705,0.6835213592057705,0.06835213592057705
pos_error_l2,hoeffding,none,9,0.1857260856757919,0.0,0.638426590922665,0.638426590922665,0.0638426590922665
pos_error_l2,hoeffding,none,10,0.220282143556671,0.0,0.6497515519034085,0.6497515519034085,0.06497515519034085
pos_error_l2,hoeffding,none,11,0.21931318541144143,0.0,0.6287961994954944,0.6287961994954944,0.06287961994954944
pos_error_l2,hoeffding,none,12,0.20530966889762747,0.0,0.5973598067474701,0.5973598067474701,0.059735980674747016
pos_error_l2,hoeffding,none,13,0.22989298201948724,0.0,0.6065625706570386,0.6065625706570386,0.06065625706570386
pos_error_l2,hoeffding,none,14,0.224436647171829,0.0,0.5874045449118129,0.5874045449118129,0.058740454491181295
pos_error_l2,hoeffding,none,15,0.21676087542654088,0.0,0.5674211789547055,0.5674211789547055,0.05674211789547055
pos_error_l2,hoeffding,none,16,0.24819959537475,0.0,0.5877249743099049,0.5877249743099049,0.05877249743099049
pos_error_l2,hoeffding,none,17,0.24209351492873968,0.0,0.571481514911682,0.571481514911682,0.0571481514911682
pos_error_l2,hoeffding,none,18,0.232372884093506,0.0,0.5524804812001463,0.5524804812001463,0.05524804812001463
pos_error_l2,hoeffding,none,19,0.22371425851848653,0.0,0.5352841144228431,0.5352841144228431,0.05352841144228431
pos_error_l2,hoeffding,none,20,0.23134804219952038,0.0,0.5350287731536729,0.5350287731536729,0.05350287731536729
pos_error_l2,hoeffding,none,21,0.2234231640448996,0.0,0.519785211536121,0.519785211536121,0.0519785211536121
pos_error_l2,hoeffding,none,22,0.2228061183189471,0.0,0.5123543343584875,0.5123543343584875,0.05123543343584876
pos_error_l2,hoeffding,none,23,0.22991322748019966,0.0,0.51309696926488,0.51309696926488,0.051309696926488006
pos_error_l2,hoeffding,none,24,0.22217469968176437,0.0,0.4993960107205089,0.4993960107205089,0.04993960107205089
pos_error_l2,hoeffding,none,25,0.22384431646385003,0.0,0.49546461961197386,0.49546461961197386,0.049546461961197386
pos_error_l2,hoeffding,none,26,0.23304648577672255,0.0,0.4993921061690824,0.4993921061690824,0.049939210616908244
pos_error_l2,hoeffding,none,27,0.22956205317673084,0.0,0.4909288117432926,0.4909288117432926,0.049092881174329264
pos_error_l2,hoeffding,none,28,0.2374042283732492,0.0,0.49406129021821715,0.49406129021821715,0.04940612902182172
pos_error_l2,hoeffding,none,29,0.2356678025089408,0.0,0.48786092275316184,0.48786092275316184,0.04878609227531619
pos_error_l2,hoeffding,none,30,0.2294229450007507,0.0,0.4773772235184489,0.4773772235184489,0.0477377223518449
pos_error_l2,empirical_bernstein,none,1,0.29981261800689807,0.0,1.0,1.0,0.1
pos_error_l2,empirical_bernstein,none,2,0.2648652810597568,0.0,1.0,1.0,0.1
pos_error_l2,empirical_bernstein,none,3,0.30176901327364103,0.0,1.0,1.0,0.1
pos_error_l2,empirical_bernstein,none,4,0.23913568675547078,0.0,1.0,1.0,0.1
pos_error_l2,empirical_bernstein,none,5,0.19851804608448984,0.0,1.0,1.0,0.1
pos_error_l2,empirical_bernstein,none,6,0.18893976900577777,0.0,1.0,1.0,0.1
pos_error_l2,empirical_bernstein,none,7,0.20225676895308603,0.0,1.0,1.0,0.1
pos_error_l2,empirical_bernstein,none,8,0.20335996354581024,0.0,1.0,1.0,0.1
pos_error_l2,empirical_bernstein,none,9,0.1857260856757919,0.0,1.0,1.0,0.1
pos_error_l2,empirical_bernstein,none,10,0.220282143556671,0.0,1.0,1.0,0.1
pos_error_l2,empirical_bernstein,none,11,0.21931318541144143,0.0,1.0,1.0,0.1
pos_error_l2,empirical_bernstein,none,12,0.20530966889762747,0.0,1.0,1.0,0.1
pos_error_l2,empirical_bernstein,none,13,0.22989298201948724,0.0,1.0,1.0,0.1
pos_error_l2,empirical_bernstein,none,14,0.224436647171829,0.0,1.0,1.0,0.1
pos_error_l2,empirical_bernstein,none,15,0.21676087542654088,0.0,0.9415525357559088,0.9415525357559088,0.09415525357559089
pos_error_l2,empirical_bernstein,none,16,0.24819959537475,0.0,0.9541879196962071,0.9541879196962071,0.09541879196962072
pos_error_l2,empirical_bernstein,none,17,0.24209351492873968,0.0,0.9054798085336876,0.9054798085336876,0.09054798085336876
pos_error_l2,empirical_bernstein,none,18,0.232372884093506,0.0,0.8598935578064979,0.8598935578064979,0.0859893557806498
pos_error_l2,empirical_bernstein,none,19,0.22371425851848653,0.0,0.8189866286164489,0.8189866286164489,0.08189866286164489
pos_error_l2,empirical_bernstein,none,20,0.23134804219952038,0.0,0.7974195082272049,0.7974195082272049,0.0797419508227205
pos_error_l2,empirical_bernstein,none,21,0.2234231640448996,0.0,0.7634903815122075,0.7634903815122075,0.07634903815122075
pos_error_l2,empirical_bernstein,none,22,0.2228061183189471,0.0,0.7374060934605482,0.7374060934605482,0.07374060934605482
pos_error_l2,empirical_bernstein,none,23,0.22991322748019966,0.0,0.7230929638979251,0.7230929638979251,0.07230929638979251
pos_error_l2,empirical_bernstein,none,24,0.22217469968176437,0.0,0.69624012956146,0.69624012956146,0.069624012956146
pos_error_l2,empirical_bernstein,none,25,0.22384431646385003,0.0,0.6784263560114461,0.6784263560114461,0.0678426356011446
pos_error_l2,empirical_bernstein,none,26,0.23304648577672255,0.0,0.6727932288202911,0.6727932288202911,0.06727932288202912
pos_error_l2,empirical_bernstein,none,27,0.22956205317673084,0.0,0.6529994590433885,0.6529994590433885,0.06529994590433885
pos_error_l2,empirical_bernstein,none,28,0.2374042283732492,0.0,0.6477036957676109,0.6477036957676109,0.06477036957676109
pos_error_l2,empirical_bernstein,none,29,0.2356678025089408,0.0,0.6315478766606035,0.6315478766606035,0.06315478766606035
pos_error_l2,empirical_bernstein,none,30,0.2294229450007507,0.0,0.613364528029432,0.613364528029432,0.0613364528029432
pos_error_l2,t_test,none,1,0.29981261800689807,0.0,1.0,1.0,0.1
pos_error_l2,t_test,none,2,0.2648652810597568,0.0,0.7089132993032113,0.7089132993032113,0.07089132993032114
pos_error_l2,t_test,none,3,0.30176901327364103,0.12080213479267979,0.4827358917546023,0.36193375696192254,0.036193375696192256
pos_error_l2,t_test,none,4,0.23913568675547078,0.018478779733272915,0.4597925937776687,0.44131381404439574,0.044131381404439576
pos_error_l2,t_test,none,5,0.19851804608448984,0.011561003415914622,0.385475088753065,0.3739140853371504,0.037391408533715045
pos_error_l2,t_test,none,6,0.18893976900577777,0.04547972527544114,0.3323998127361144,0.28692008746067327,0.028692008746067327
pos_error_l2,t_test,none,7,0.20225676895308603,0.0823321183454666,0.32218141956070545,0.23984930121523884,0.023984930121523886
pos_error_l2,t_test,none,8,0.20335996354581024,0.10296092475808097,0.3037590023335395,0.2007980775754585,0.02007980775754585
pos_error_l2,t_test,none,9,0.1857260856757919,0.09028173714782693,0.2811704342037568,0.19088869705592987,0.019088869705592988
pos_error_l2,t_test,none,10,0.220282143556671,0.10572239898142866,0.33484188813191335,0.2291194891504847,0.02291194891504847
pos_error_l2,t_test,none,11,0.21931318541144143,0.11722545088273117,0.3214009199401517,0.2041754690574205,0.020417546905742052
pos_error_l2,t_test,none,12,0.20530966889762747,0.10822982206897465,0.3023895157262803,0.19415969365730568,0.01941596936573057
pos_error_l2,t_test,none,13,0.22989298201948724,0.12653124211618566,0.3332547219227888,0.20672347980660316,0.020672347980660317
pos_error_l2,t_test,none,14,0.224436647171829,0.1288229440223685,0.32005035032128953,0.19122740629892104,0.019122740629892106
pos_error_l2,t_test,none,15,0.21676087542654088,0.12687096334135928,0.3066507875117225,0.1797798241703632,0.017977982417036322
pos_error_l2,t_test,none,16,0.24819959537475,0.1410881533592056,0.3553110373902944,0.2142228840310888,0.02142228840310888
pos_error_l2,t_test,none,17,0.24209351492873968,0.14119104577561092,0.34299598408186843,0.2018049383062575,0.020180493830625753
pos_error_l2,t_test,none,18,0.232372884093506,0.13549813274897074,0.32924763543804125,0.1937495026890705,0.01937495026890705
pos_error_l2,t_test,none,19,0.22371425851848653,0.13067057566680756,0.3167579413701655,0.18608736570335793,0.018608736570335793
pos_error_l2,t_test,none,20,0.23134804219952038,0.1419711405028884,0.32072494389615236,0.17875380339326397,0.017875380339326397
pos_error_l2,t_test,none,21,0.2234231640448996,0.13709795932492136,0.3097483687648778,0.17265040943995646,0.017265040943995648
pos_error_l2,t_test,none,22,0.2228061183189471,0.14073877454978095,0.3048734620881132,0.16413468753833227,0.01641346875383323
pos_error_l2,t_test,none,23,0.22991322748019966,0.150334751764713,0.3094917031956863,0.1591569514309733,0.01591569514309733
pos_error_l2,t_test,none,24,0.22217469968176437,0.14450802013858444,0.29984137922494436,0.15533335908635992,0.015533335908635993
pos_error_l2,t_test,none,25,0.22384431646385003,0.14944059480554098,0.29824803812215916,0.1488074433166182,0.014880744331661819
pos_error_l2,t_test,none,26,0.23304648577672255,0.15923799279293416,0.306854978760511,0.14761698596757683,0.014761698596757683
pos_error_l2,t_test,none,27,0.22956205317673084,0.15831711515865496,0.3008069911948068,0.14248987603615185,0.014248987603615185
pos_error_l2,t_test,none,28,0.2374042283732492,0.16701070883228988,0.30779774791420855,0.14078703908191867,0.014078703908191867
pos_error_l2,t_test,none,29,0.2356678025089408,0.1677651073455816,0.30357049767230004,0.13580539032671846,0.013580539032671847
pos_error_l2,t_test,none,30,0.2294229450007507,0.16269080370973968,0.2961550862917618,0.13346428258202211,0.013346428258202212
pos_error_l2,z_test,none,1,0.29981261800689807,0.0,1.0,1.0,0.1
pos_error_l2,z_test,none,2,0.2648652810597568,0.196369759287774,0.33336080283173963,0.13699104354396563,0.013699104354396564
pos_error_l2,z_test,none,3,0.30176901327364103,0.2193341558770427,0.38420387067023937,0.16486971479319668,0.016486971479319667
pos_error_l2,z_test,none,4,0.23913568675547078,0.10324035680586424,0.3750310167050773,0.2717906598992131,0.02717906598992131
pos_error_l2,z_test,none,5,0.19851804608448984,0.0665402628390975,0.3304958293298822,0.26395556649078467,0.02639555664907847
pos_error_l2,z_test,none,6,0.18893976900577777,0.07955732689598326,0.2983222111155723,0.218764884219589,0.0218764884219589
pos_error_l2,z_test,none,7,0.20225676895308603,0.10619773185881817,0.29831580604735386,0.1921180741885357,0.01921180741885357
pos_error_l2,z_test,none,8,0.20335996354581024,0.12014230221026631,0.2865776248813541,0.16643532267108777,0.01664353226710878
pos_error_l2,z_test,none,9,0.1857260856757919,0.10460416451323822,0.26684800683834553,0.1622438423251073,0.01622438423251073
pos_error_l2,z_test,none,10,0.220282143556671,0.12102601001132411,0.3195382771020179,0.19851226709069375,0.019851226709069376
pos_error_l2,z_test,none,11,0.21931318541144143,0.1295125507862225,0.3091138200366603,0.17960126925043782,0.01796012692504378
pos_error_l2,z_test,none,12,0.20530966889762747,0.11886065194848382,0.2917586858467711,0.17289803389828728,0.017289803389828728
pos_error_l2,z_test,none,13,0.22989298201948724,0.13691331674866955,0.32287264729030496,0.1859593305416354,0.01859593305416354
pos_error_l2,z_test,none,14,0.224436647171829,0.13769246393208828,0.31118083041156974,0.17348836647948146,0.017348836647948146
pos_error_l2,z_test,none,15,0.21676087542654088,0.13461704674046338,0.2989047041126184,0.164287657372155,0.016428765737215502
pos_error_l2,z_test,none,16,0.24819959537475,0.1497057937644813,0.3466933969850187,0.19698760322053743,0.019698760322053744
pos_error_l2,z_test,none,17,0.24209351492873968,0.148803873375427,0.33538315648205236,0.18657928310662536,0.018657928310662538
pos_error_l2,z_test,none,18,0.232372884093506,0.1423787511268875,0.3223670170601245,0.179988265933237,0.0179988265933237
pos_error_l2,z_test,none,19,0.22371425851848653,0.13691319504002342,0.31051532199694964,0.17360212695692623,0.017360212695692625
pos_error_l2,z_test,none,20,0.23134804219952038,0.1476531090207897,0.31504297537825104,0.16738986635746134,0.016738986635746134
pos_error_l2,z_test,none,21,0.2234231640448996,0.14231230257176364,0.30453402551803554,0.1622217229462719,0.01622217229462719
pos_error_l2,z_test,none,22,0.2228061183189471,0.14546049066685893,0.3001517459710352,0.1546912553041763,0.01546912553041763
pos_error_l2,z_test,none,23,0.22991322748019966,0.1547056611345008,0.3051207938258985,0.15041513269139772,0.015041513269139772
pos_error_l2,z_test,none,24,0.22217469968176437,0.1485888660780048,0.295760533285524,0.14717166720751917,0.014717166720751918
pos_error_l2,z_test,none,25,0.22384431646385003,0.15318744529911718,0.2945011876285829,0.14131374232946572,0.014131374232946574
pos_error_l2,z_test,none,26,0.23304648577672255,0.16280648574952655,0.3032864858039186,0.14048000005439204,0.014048000005439204
pos_error_l2,z_test,none,27,0.22956205317673084,0.16162942717240053,0.2974946791810612,0.13586525200866068,0.013586525200866069
pos_error_l2,z_test,none,28,0.2374042283732492,0.17016243528306316,0.30464602146343533,0.13448358618037218,0.01344835861803722
pos_error_l2,z_test,none,29,0.2356678025089408,0.17069691158695957,0.3006386934309221,0.12994178184396252,0.012994178184396252
pos_error_l2,z_test,none,30,0.2294229450007507,0.16547286778339076,0.2933730222181107,0.12790015443471991,0.012790015443471992
pos_error_l2,sequential_t_test,none,1,0.29981261800689807,0.0,1.0,1.0,0.1
pos_error_l2,sequential_t_test,none,2,0.2648652810597568,0.0,1.0,1.0,0.1
pos_error_l2,sequential_t_test,none,3,0.30176901327364103,0.0,0.9513120659494322,0.9513120659494322,0.09513120659494323
pos_error_l2,sequential_t_test,none,4,0.23913568675547078,0.0,0.8953904292949311,0.8953904292949311,0.0895390429294931
pos_error_l2,sequential_t_test,none,5,0.19851804608448984,0.0,0.7054749961643823,0.7054749961643823,0.07054749961643823
pos_error_l2,sequential_t_test,none,6,0.18893976900577777,0.0,0.5579390772256387,0.5579390772256387,0.055793907722563874
pos_error_l2,sequential_t_test,none,7,0.20225676895308603,0.0,0.5006722200625795,0.5006722200625795,0.050067222006257954
pos_error_l2,sequential_t_test,none,8,0.20335996354581024,0.0,0.44773354975406177,0.44773354975406177,0.04477335497540618
pos_error_l2,sequential_t_test,none,9,0.1857260856757919,0.0,0.41450041645241936,0.41450041645241936,0.041450041645241936
pos_error_l2,sequential_t_test,none,10,0.220282143556671,0.0,0.49187201166255445,0.49187201166255445,0.04918720116625545
pos_error_l2,sequential_t_test,none,11,0.21931318541144143,0.0,0.45939774860836735,0.45939774860836735,0.04593977486083674
pos_error_l2,sequential_t_test,none,12,0.20530966889762747,0.0,0.4322616126021396,0.4322616126021396,0.04322616126021396
pos_error_l2,sequential_t_test,none,13,0.22989298201948724,0.0,0.4704596495986464,0.4704596495986464,0.04704596495986464
pos_error_l2,sequential_t_test,none,14,0.224436647171829,0.002640143217311375,0.44623315112634665,0.4435930079090353,0.04435930079090353
pos_error_l2,sequential_t_test,none,15,0.21676087542654088,0.008755504148874771,0.424766246704207,0.4160107425553322,0.04160107425553322
pos_error_l2,sequential_t_test,none,16,0.24819959537475,0.0007915157512490278,0.495607674998251,0.49481615924700195,0.0494816159247002
pos_error_l2,sequential_t_test,none,17,0.24209351492873968,0.00932867204140031,0.47485835781607905,0.46552968577467874,0.04655296857746788
pos_error_l2,sequential_t_test,none,18,0.232372884093506,0.009097745663626589,0.45564802252338543,0.44655027685975884,0.04465502768597589
pos_error_l2,sequential_t_test,none,19,0.22371425851848653,0.00938966625001586,0.4380388507869572,0.42864918453694134,0.04286491845369414
pos_error_l2,sequential_t_test,none,20,0.23134804219952038,0.02553182908865692,0.43716425531038383,0.4116324262217269,0.04116324262217269
pos_error_l2,sequential_t_test,none,21,0.2234231640448996,0.024651933559888234,0.4221943945299109,0.39754246097002266,0.03975424609700227
pos_error_l2,sequential_t_test,none,22,0.2228061183189471,0.03382280812506533,0.41178942851282885,0.3779666203877635,0.03779666203877635
pos_error_l2,sequential_t_test,none,23,0.22991322748019966,0.04661937519497289,0.4132070797654264,0.36658770457045353,0.03665877045704535
pos_error_l2,sequential_t_test,none,24,0.22217469968176437,0.04322235603714503,0.40112704332638377,0.35790468728923874,0.03579046872892388
pos_error_l2,sequential_t_test,none,25,0.22384431646385003,0.05233409718156867,0.39535453574613144,0.34302043856456277,0.03430204385645628
pos_error_l2,sequential_t_test,none,26,0.23304648577672255,0.06281908925021568,0.40327388230322947,0.3404547930530138,0.03404547930530138
pos_error_l2,sequential_t_test,none,27,0.22956205317673084,0.06514985607686277,0.39397425027659894,0.3288243941997362,0.03288243941997362
pos_error_l2,sequential_t_test,none,28,0.2374042283732492,0.074851679527947,0.3999567772185515,0.32510509769060447,0.03251050976906045
pos_error_l2,sequential_t_test,none,29,0.2356678025089408,0.07875829029756237,0.39257731472031926,0.3138190244227569,0.03138190244227569
pos_error_l2,sequential_t_test,none,30,0.2294229450007507,0.07510547293420691,0.38374041706729456,0.3086349441330877,0.030863494413308767
pos_error_l2,vincent,Sim_756_gap_0.05,1,0.29981261800689807,0.0,1.0,1.0,0.1
pos_error_l2,vincent,Sim_756_gap_0.05,2,0.2648652810597568,0.0,1.0,1.0,0.1
pos_error_l2,vincent,Sim_756_gap_0.05,3,0.30176901327364103,0.0040589839996227894,0.9823325675813042,0.9782735835816814,0.09782735835816814
pos_error_l2,vincent,Sim_756_gap_0.05,4,0.23913568675547078,0.019485759586272078,0.9785168437903747,0.9590310842041027,0.09590310842041028
pos_error_l2,vincent,Sim_756_gap_0.05,5,0.19851804608448984,0.043953109754622965,0.969408020105977,0.9254549103513541,0.09254549103513542
pos_error_l2,vincent,Sim_756_gap_0.05,6,0.18893976900577777,0.08942676517667636,0.9510668576883947,0.8616400925117184,0.08616400925117185
pos_error_l2,vincent,Sim_756_gap_0.05,7,0.20225676895308603,0.1393084290212998,0.9290703162598559,0.7897618872385561,0.07897618872385562
pos_error_l2,vincent,Sim_756_gap_0.05,8,0.20335996354581024,0.09781099319371056,0.9099559472818383,0.8121449540881277,0.08121449540881277
pos_error_l2,vincent,Sim_756_gap_0.05,9,0.1857260856757919,0.10344841579198416,0.8922862063490009,0.7888377905570167,0.07888377905570168
pos_error_l2,vincent,Sim_756_gap_0.05,10,0.220282143556671,0.13872045933591615,0.8764640317697043,0.7377435724337882,0.07377435724337882
pos_error_l2,vincent,Sim_756_gap_0.05,11,0.21931318541144143,0.12863460357847978,0.8627048882065262,0.7340702846280465,0.07340702846280465
pos_error_l2,vincent,Sim_756_gap_0.05,12,0.20530966889762747,0.14696821247411773,0.8438384793453257,0.696870266871208,0.0696870266871208
pos_error_l2,vincent,Sim_756_gap_0.05,13,0.22989298201948724,0.12674511119244214,0.8208845330465415,0.6941394218540994,0.06941394218540994
pos_error_l2,vincent,Sim_756_gap_0.05,14,0.224436647171829,0.1150291858117446,0.7961511922715924,0.6811220064598478,0.06811220064598478
pos_error_l2,vincent,Sim_756_gap_0.05,15,0.21676087542654088,0.13726125737306005,0.7935403929867583,0.6562791356136982,0.06562791356136982
pos_error_l2,vincent,Sim_756_gap_0.05,16,0.24819959537475,0.1592114596417159,0.8106151850269607,0.6514037253852448,0.06514037253852449
pos_error_l2,vincent,Sim_756_gap_0.05,17,0.24209351492873968,0.1445811250113549,0.7890736801585283,0.6444925551471734,0.06444925551471735
pos_error_l2,vincent,Sim_756_gap_0.05,18,0.232372884093506,0.14830206278884916,0.7729726601626254,0.6246705973737763,0.06246705973737763
pos_error_l2,vincent,Sim_756_gap_0.05,19,0.22371425851848653,0.1667728393471365,0.7847507765138213,0.6179779371666848,0.061797793716668485
pos_error_l2,vincent,Sim_756_gap_0.05,20,0.23134804219952038,0.159866771032111,0.7666042581721648,0.6067374871400538,0.06067374871400538
pos_error_l2,vincent,Sim_756_gap_0.05,21,0.2234231640448996,0.17653247476518186,0.7702948050955862,0.5937623303304044,0.05937623303304044
pos_error_l2,vincent,Sim_756_gap_0.05,22,0.2228061183189471,0.18163963189809196,0.7605960960782989,0.578956464180207,0.057895646418020696
pos_error_l2,vincent,Sim_756_gap_0.05,23,0.22991322748019966,0.16902382478484723,0.7443468772115647,0.5753230524267174,0.05753230524267175
pos_error_l2,vincent,Sim_756_gap_0.05,24,0.22217469968176437,0.1837794126356359,0.7541734396676415,0.5703940270320056,0.05703940270320056
pos_error_l2,vincent,Sim_756_gap_0.05,25,0.22384431646385003,0.19631820719438153,0.7548388685099872,0.5585206613156056,0.05585206613156057
pos_error_l2,vincent,Sim_756_gap_0.05,26,0.23304648577672255,0.2071441345306526,0.7538636043944694,0.5467194698638168,0.054671946986381684
pos_error_l2,vincent,Sim_756_gap_0.05,27,0.22956205317673084,0.21945058882080604,0.7555542550728618,0.5361036662520557,0.053610366625205574
pos_error_l2,vincent,Sim_756_gap_0.05,28,0.2374042283732492,0.21586901239212108,0.7424900430612419,0.5266210306691208,0.05266210306691208
pos_error_l2,vincent,Sim_756_gap_0.05,29,0.2356678025089408,0.22747275436076952,0.7528743006266381,0.5254015462658685,0.05254015462658686
pos_error_l2,vincent,Sim_756_gap_0.05,30,0.2294229450007507,0.2159166652905169,0.7400898818660195,0.5241732165755026,0.05241732165755027
pos_error_l2,vincent,Sim_756_gap_0.1,1,0.29981261800689807,0.0,1.0,1.0,0.1
pos_error_l2,vincent,Sim_756_gap_0.1,2,0.2648652810597568,0.0,1.0,1.0,0.1
pos_error_l2,vincent,Sim_756_gap_0.1,3,0.30176901327364103,0.0028356594833399695,0.9876572998836659,0.9848216404003259,0.0984821640400326
pos_error_l2,vincent,Sim_756_gap_0.1,4,0.23913568675547078,0.00540585249502723,0.9829849869071069,0.9775791344120797,0.09775791344120797
pos_error_l2,vincent,Sim_756_gap_0.1,5,0.19851804608448984,0.030261223882804056,0.9747327524083388,0.9444715285255347,0.09444715285255348
pos_error_l2,vincent,Sim_756_gap_0.1,6,0.18893976900577777,0.0575183626624145,0.9658113604248391,0.9082929977624246,0.09082929977624246
pos_error_l2,vincent,Sim_756_gap_0.1,7,0.20225676895308603,0.10705172992785505,0.9440097189255052,0.8369579889976502,0.08369579889976503
pos_error_l2,vincent,Sim_756_gap_0.1,8,0.20335996354581024,0.0659025906794487,0.9259013939117104,0.8599988032322617,0.08599988032322618
pos_error_l2,vincent,Sim_756_gap_0.1,9,0.1857260856757919,0.0715400132777223,0.910377803834739,0.8388377905570167,0.08388377905570167
pos_error_l2,vincent,Sim_756_gap_0.1,10,0.220282143556671,0.10709040233504585,0.8947495455365811,0.7876591432015353,0.07876591432015353
pos_error_l2,vincent,Sim_756_gap_0.1,11,0.21931318541144143,0.09719846285874789,0.8812687474867944,0.7840702846280465,0.07840702846280466
pos_error_l2,vincent,Sim_756_gap_0.1,12,0.20530966889762747,0.11553207175438596,0.8685384793453258,0.7530064075909398,0.07530064075909398
pos_error_l2,vincent,Sim_756_gap_0.1,13,0.22989298201948724,0.09716590497527355,0.851750817938492,0.7545849129632185,0.07545849129632186
pos_error_l2,vincent,Sim_756_gap_0.1,14,0.224436647171829,0.08781427659361629,0.830556487626859,0.7427422110332427,0.07427422110332427
pos_error_l2,vincent,Sim_756_gap_0.1,15,0.21676087542654088,0.10767550367504564,0.8270824982499161,0.7194069945748705,0.07194069945748705
pos_error_l2,vincent,Sim_756_gap_0.1,16,0.24819959537475,0.12785027361989743,0.8437991180152702,0.7159488443953728,0.07159488443953728
pos_error_l2,vincent,Sim_756_gap_0.1,17,0.24209351492873968,0.11379718258529581,0.8244068705324465,0.7106096879471507,0.07106096879471507
pos_error_l2,vincent,Sim_756_gap_0.1,18,0.232372884093506,0.1180212559195355,0.807553749817109,0.6895324938975735,0.06895324938975736
pos_error_l2,vincent,Sim_756_gap_0.1,19,0.22371425851848653,0.13527198745818303,0.8186718911946496,0.6833999037364665,0.06833999037364666
pos_error_l2,vincent,Sim_756_gap_0.1,20,0.23134804219952038,0.12856684584813927,0.802708753611367,0.6741419077632277,0.06741419077632277
pos_error_l2,vincent,Sim_756_gap_0.1,21,0.2234231640448996,0.14476962018637474,0.8057504537386977,0.660980833552323,0.0660980833552323
pos_error_l2,vincent,Sim_756_gap_0.1,22,0.2228061183189471,0.1499759729421406,0.7954707619373527,0.6454947889952121,0.06454947889952121
pos_error_l2,vincent,Sim_756_gap_0.1,23,0.22991322748019966,0.1374493836609758,0.7818394703132864,0.6443900866523106,0.06443900866523106
pos_error_l2,vincent,Sim_756_gap_0.1,24,0.22217469968176437,0.15162964449054916,0.7908530968673211,0.6392234523767719,0.06392234523767719
pos_error_l2,vincent,Sim_756_gap_0.1,25,0.22384431646385003,0.16451956118447386,0.7905041454077288,0.625984584223255,0.0625984584223255
pos_error_l2,vincent,Sim_756_gap_0.1,26,0.23304648577672255,0.17542644808712327,0.789054705991765,0.6136282579046417,0.061362825790464176
pos_error_l2,vincent,Sim_756_gap_0.1,27,0.22956205317673084,0.18689983248530795,0.7903115551468012,0.6034117226614932,0.06034117226614932
pos_error_l2,vincent,Sim_756_gap_0.1,28,0.2374042283732492,0.18352865652476713,0.7793133028823167,0.5957846463575496,0.05957846463575496
pos_error_l2,vincent,Sim_756_gap_0.1,29,0.2356678025089408,0.19420609977692393,0.7890592369925664,0.5948531372156425,0.05948531372156425
pos_error_l2,vincent,Sim_756_gap_0.1,30,0.2294229450007507,0.18294570991543824,0.7777259585876894,0.5947802486722512,0.05947802486722512
pos_error_l2,vincent,Sim_756_gap_0.2,1,0.29981261800689807,0.0,1.0,1.0,0.1
pos_error_l2,vincent,Sim_756_gap_0.2,2,0.2648652810597568,0.0,1.0,1.0,0.1
pos_error_l2,vincent,Sim_756_gap_0.2,3,0.30176901327364103,0.0003890104507742187,0.9983067644883894,0.9979177540376152,0.09979177540376152
pos_error_l2,vincent,Sim_756_gap_0.2,4,0.23913568675547078,0.0029592034624615904,0.9906858565407334,0.9877266530782718,0.09877266530782719
pos_error_l2,vincent,Sim_756_gap_0.2,5,0.19851804608448984,0.00471318892856909,0.9851651573174347,0.9804519683888656,0.09804519683888657
pos_error_l2,vincent,Sim_756_gap_0.2,6,0.18893976900577777,0.025681000684842248,0.9787637789056836,0.9530827782208413,0.09530827782208413
pos_error_l2,vincent,Sim_756_gap_0.2,7,0.20225676895308603,0.04323492489933123,0.9734987243983941,0.9302637994990629,0.0930263799499063
pos_error_l2,vincent,Sim_756_gap_0.2,8,0.20335996354581024,0.022182755292125877,0.9564673723460392,0.9342846170539133,0.09342846170539133
pos_error_l2,vincent,Sim_756_gap_0.2,9,0.1857260856757919,0.03774198426405362,0.9423912444677536,0.9046492602037,0.09046492602037
pos_error_l2,vincent,Sim_756_gap_0.2,10,0.220282143556671,0.053046121839335325,0.9296678245891531,0.8766217027498178,0.08766217027498178
pos_error_l2,vincent,Sim_756_gap_0.2,11,0.21931318541144143,0.05350686448009434,0.9177917020574111,0.8642848375773168,0.08642848375773168
pos_error_l2,vincent,Sim_756_gap_0.2,12,0.20530966889762747,0.06549794035913625,0.9065594950881082,0.8410615547289719,0.0841061554728972
pos_error_l2,vincent,Sim_756_gap_0.2,13,0.22989298201948724,0.05332269700640002,0.8964618184883604,0.8431391214819604,0.08431391214819604
pos_error_l2,vincent,Sim_756_gap_0.2,14,0.224436647171829,0.048349652193950154,0.8865053225528408,0.8381556703588906,0.08381556703588906
pos_error_l2,vincent,Sim_756_gap_0.2,15,0.21676087542654088,0.058767654961879634,0.8778279146731778,0.8190602597112981,0.08190602597112982
pos_error_l2,vincent,Sim_756_gap_0.2,16,0.24819959537475,0.07206668700260366,0.8898111972365349,0.8177445102339312,0.08177445102339313
pos_error_l2,vincent,Sim_756_gap_0.2,17,0.24209351492873968,0.05966570136841709,0.8810928068822121,0.821427105513795,0.0821427105513795
pos_error_l2,vincent,Sim_756_gap_0.2,18,0.232372884093506,0.06857130821272373,0.8701985581451724,0.8016272499324487,0.08016272499324488
pos_error_l2,vincent,Sim_756_gap_0.2,19,0.22371425851848653,0.07899691485700377,0.8782192937438826,0.7992223788868789,0.0799222378886879
pos_error_l2,vincent,Sim_756_gap_0.2,20,0.23134804219952038,0.07458895767634999,0.8683468767721255,0.7937579190957755,0.07937579190957755
pos_error_l2,vincent,Sim_756_gap_0.2,21,0.2234231640448996,0.0861351241017172,0.8685101676490403,0.7823750435473231,0.07823750435473231
pos_error_l2,vincent,Sim_756_gap_0.2,22,0.2228061183189471,0.09308149892455841,0.8588531688135624,0.765771669889004,0.07657716698890041
pos_error_l2,vincent,Sim_756_gap_0.2,23,0.22991322748019966,0.08257766724268534,0.8482624925396319,0.7656848252969466,0.07656848252969467
pos_error_l2,vincent,Sim_756_gap_0.2,24,0.22217469968176437,0.09261733801808125,0.8556671948708185,0.7630498568527373,0.07630498568527373
pos_error_l2,vincent,Sim_756_gap_0.2,25,0.22384431646385003,0.10304606149001105,0.8542611635558442,0.7512151020658332,0.07512151020658332
pos_error_l2,vincent,Sim_756_gap_0.2,26,0.23304648577672255,0.11422886962971712,0.8514038590847852,0.7371749894550681,0.07371749894550682
pos_error_l2,vincent,Sim_756_gap_0.2,27,0.22956205317673084,0.12471602100396117,0.850662125689238,0.7259461046852769,0.07259461046852769
pos_error_l2,vincent,Sim_756_gap_0.2,28,0.2374042283732492,0.12178838529612779,0.8434661719580627,0.7216777866619349,0.07216777866619349
pos_error_l2,vincent,Sim_756_gap_0.2,29,0.2356678025089408,0.13140480796282805,0.8519676533062355,0.7205628453434074,0.07205628453434075
pos_error_l2,vincent,Sim_756_gap_0.2,30,0.2294229450007507,0.1205726209386404,0.8440709053088814,0.723498284370241,0.0723498284370241
pos_error_l2,vincent,Sim_10080_gap_0.05,1,0.29981261800689807,0.0,1.0,1.0,0.1
pos_error_l2,vincent,Sim_10080_gap_0.05,2,0.2648652810597568,0.0,1.0,1.0,0.1
pos_error_l2,vincent,Sim_10080_gap_0.05,3,0.30176901327364103,0.15052187837027808,0.999994816290976,0.8494729379206979,0.08494729379206979
pos_error_l2,vincent,Sim_10080_gap_0.05,4,0.23913568675547078,0.07604761703787943,0.9997222911343284,0.923674674096449,0.09236746740964491
pos_error_l2,vincent,Sim_10080_gap_0.05,5,0.19851804608448984,0.0325445434951106,0.9981560821983171,0.9656115387032065,0.09656115387032066
pos_error_l2,vincent,Sim_10080_gap_0.05,6,0.18893976900577777,0.014201036806408274,0.9920797879502674,0.9778787511438591,0.09778787511438591
pos_error_l2,vincent,Sim_10080_gap_0.05,7,0.20225676895308603,0.023106154239291188,0.9786500579797865,0.9555439037404954,0.09555439037404954
pos_error_l2,vincent,Sim_10080_gap_0.05,8,0.20335996354581024,0.03794900743532148,0.9135988286042676,0.8756498211689461,0.08756498211689462
pos_error_l2,vincent,Sim_10080_gap_0.05,9,0.1857260856757919,0.03627103297698453,0.8604354753441841,0.8241644423671995,0.08241644423671995
pos_error_l2,vincent,Sim_10080_gap_0.05,10,0.220282143556671,0.0480262452638629,0.8804034484822658,0.8323772032184029,0.08323772032184029
pos_error_l2,vincent,Sim_10080_gap_0.05,11,0.21931318541144143,0.045644849637362706,0.8377020605731555,0.7920572109357928,0.07920572109357929
pos_error_l2,vincent,Sim_10080_gap_0.05,12,0.20530966889762747,0.05598652300958207,0.8435514949623576,0.7875649719527755,0.07875649719527755
pos_error_l2,vincent,Sim_10080_gap_0.05,13,0.22989298201948724,0.07913923709811443,0.8422698269512437,0.7631305898531293,0.07631305898531293
pos_error_l2,vincent,Sim_10080_gap_0.05,14,0.224436647171829,0.10930946370114825,0.8614492941735683,0.7521398304724201,0.07521398304724201
pos_error_l2,vincent,Sim_10080_gap_0.05,15,0.21676087542654088,0.09479255142215981,0.8297395077827014,0.7349469563605416,0.07349469563605417
pos_error_l2,vincent,Sim_10080_gap_0.05,16,0.24819959537475,0.12325907427668747,0.8514496309830535,0.728190556706366,0.07281905567063661
pos_error_l2,vincent,Sim_10080_gap_0.05,17,0.24209351492873968,0.15305178319656942,0.8654520654874218,0.7124002822908524,0.07124002822908525
pos_error_l2,vincent,Sim_10080_gap_0.05,18,0.232372884093506,0.1819097170693178,0.8748507701994317,0.6929410531301139,0.06929410531301139
pos_error_l2,vincent,Sim_10080_gap_0.05,19,0.22371425851848653,0.19834792372811438,0.8729986624946752,0.6746507387665608,0.06746507387665608
pos_error_l2,vincent,Sim_10080_gap_0.05,20,0.23134804219952038,0.2143452558632628,0.8720287962035574,0.6576835403402946,0.06576835403402946
pos_error_l2,vincent,Sim_10080_gap_0.05,21,0.2234231640448996,0.2131554562246195,0.8549173204810332,0.6417618642564137,0.06417618642564137
pos_error_l2,vincent,Sim_10080_gap_0.05,22,0.2228061183189471,0.19672354273982795,0.8327398675308766,0.6360163247910486,0.06360163247910487
pos_error_l2,vincent,Sim_10080_gap_0.05,23,0.22991322748019966,0.18107448864287745,0.8112805692586531,0.6302060806157757,0.06302060806157757
pos_error_l2,vincent,Sim_10080_gap_0.05,24,0.22217469968176437,0.17344502795904482,0.7908263085467502,0.6173812805877054,0.06173812805877054
pos_error_l2,vincent,Sim_10080_gap_0.05,25,0.22384431646385003,0.16879703680736746,0.7739468621512671,0.6051498253438996,0.060514982534389965
pos_error_l2,vincent,Sim_10080_gap_0.05,26,0.23304648577672255,0.18859381788879603,0.7875460165320441,0.5989521986432481,0.05989521986432481
pos_error_l2,vincent,Sim_10080_gap_0.05,27,0.22956205317673084,0.20349013740226485,0.7916207876729995,0.5881306502707346,0.058813065027073466
pos_error_l2,vincent,Sim_10080_gap_0.05,28,0.2374042283732492,0.20639667361566905,0.7843329301579276,0.5779362565422586,0.057793625654225855
pos_error_l2,vincent,Sim_10080_gap_0.05,29,0.2356678025089408,0.20646689798621498,0.7747785157008943,0.5683116177146793,0.056831161771467936
pos_error_l2,vincent,Sim_10080_gap_0.05,30,0.2294229450007507,0.2077888361524376,0.7669952052985041,0.5592063691460665,0.05592063691460665
pos_error_l2,vincent,Sim_10080_gap_0.1,1,0.29981261800689807,0.0,1.0,1.0,0.1
pos_error_l2,vincent,Sim_10080_gap_0.1,2,0.2648652810597568,0.0,1.0,1.0,0.1
pos_error_l2,vincent,Sim_10080_gap_0.1,3,0.30176901327364103,0.10515655934846935,0.9999963785928562,0.8948398192443868,0.08948398192443868
pos_error_l2,vincent,Sim_10080_gap_0.1,4,0.23913568675547078,0.05041198765006227,0.9999930962116718,0.9495811085616095,0.09495811085616096
pos_error_l2,vincent,Sim_10080_gap_0.1,5,0.19851804608448984,0.02113649629744896,0.9988002519362952,0.9776637556388462,0.09776637556388462
pos_error_l2,vincent,Sim_10080_gap_0.1,6,0.18893976900577777,0.002792989608746521,0.9967144689284586,0.9939214793197121,0.09939214793197121
pos_error_l2,vincent,Sim_10080_gap_0.1,7,0.20225676895308603,0.015023874552089644,0.9887956291092515,0.9737717545571618,0.09737717545571618
pos_error_l2,vincent,Sim_10080_gap_0.1,8,0.20335996354581024,0.027746886864619014,0.9521907814066057,0.9244438945419867,0.09244438945419868
pos_error_l2,vincent,Sim_10080_gap_0.1,9,0.1857260856757919,0.026068912406281952,0.9002333547734813,0.8741644423671994,0.08741644423671995
pos_error_l2,vincent,Sim_10080_gap_0.1,10,0.220282143556671,0.037328956950322456,0.919490569027442,0.8821616120771195,0.08821616120771196
pos_error_l2,vincent,Sim_10080_gap_0.1,11,0.21931318541144143,0.03544272906666013,0.877499940002453,0.8420572109357929,0.0842057210935793
pos_error_l2,vincent,Sim_10080_gap_0.1,12,0.20530966889762747,0.044578475811920315,0.8833493743916551,0.8387708985797347,0.08387708985797349
pos_error_l2,vincent,Sim_10080_gap_0.1,13,0.22989298201948724,0.05357355060926783,0.8817027657992473,0.8281292151899795,0.08281292151899795
pos_error_l2,vincent,Sim_10080_gap_0.1,14,0.224436647171829,0.07643784972552714,0.900417581241991,0.8239797315164639,0.08239797315164639
pos_error_l2,vincent,Sim_10080_gap_0.1,15,0.21676087542654088,0.06308324680872535,0.8695373872119989,0.8064541404032736,0.08064541404032737
pos_error_l2,vincent,Sim_10080_gap_0.1,16,0.24819959537475,0.08797613291312367,0.8911986612445992,0.8032225283314756,0.08032225283314756
pos_error_l2,vincent,Sim_10080_gap_0.1,17,0.24209351492873968,0.11320760449948963,0.9048248969245066,0.791617292425017,0.0791617292425017
pos_error_l2,vincent,Sim_10080_gap_0.1,18,0.232372884093506,0.139275777652639,0.9138957001987479,0.7746199225461089,0.0774619922546109
pos_error_l2,vincent,Sim_10080_gap_0.1,19,0.22371425851848653,0.1559611510296819,0.9117558561082112,0.7557947050785293,0.07557947050785294
pos_error_l2,vincent,Sim_10080_gap_0.1,20,0.23134804219952038,0.17260181618717318,0.9091262796743266,0.7365244634871534,0.07365244634871534
pos_error_l2,vincent,Sim_10080_gap_0.1,21,0.2234231640448996,0.17300973638292128,0.8915034274857108,0.7184936911027895,0.07184936911027895
pos_error_l2,vincent,Sim_10080_gap_0.1,22,0.2228061183189471,0.1580084344432916,0.8719127911048374,0.7139043566615458,0.07139043566615459
pos_error_l2,vincent,Sim_10080_gap_0.1,23,0.22991322748019966,0.143646090958499,0.85188791812447,0.708241827165971,0.0708241827165971
pos_error_l2,vincent,Sim_10080_gap_0.1,24,0.22217469968176437,0.13721307652177894,0.8328567636419014,0.6956436871201225,0.06956436871201226
pos_error_l2,vincent,Sim_10080_gap_0.1,25,0.22384431646385003,0.1335434035376365,0.815489961081921,0.6819465575442845,0.06819465575442844
pos_error_l2,vincent,Sim_10080_gap_0.1,26,0.23304648577672255,0.1490995184822086,0.8286993495257757,0.6795998310435671,0.06795998310435672
pos_error_l2,vincent,Sim_10080_gap_0.1,27,0.22956205317673084,0.16405990942092763,0.8324175414500785,0.6683576320291509,0.0668357632029151
pos_error_l2,vincent,Sim_10080_gap_0.1,28,0.2374042283732492,0.16768884206184742,0.8248025065703792,0.6571136645085318,0.06571136645085318
pos_error_l2,vincent,Sim_10080_gap_0.1,29,0.2356678025089408,0.16868752943079812,0.8149040126832202,0.6462164832524221,0.06462164832524221
pos_error_l2,vincent,Sim_10080_gap_0.1,30,0.2294229450007507,0.1708823981223162,0.8068006311542231,0.6359182330319069,0.06359182330319069
pos_error_l2,vincent,Sim_10080_gap_0.2,1,0.29981261800689807,0.0,1.0,1.0,0.1
pos_error_l2,vincent,Sim_10080_gap_0.2,2,0.2648652810597568,0.0,1.0,1.0,0.1
pos_error_l2,vincent,Sim_10080_gap_0.2,3,0.30176901327364103,0.014425921304851652,0.9999995031966166,0.9855735818917649,0.09855735818917649
pos_error_l2,vincent,Sim_10080_gap_0.2,4,0.23913568675547078,0.027595893254738657,0.9999962208154322,0.9724003275606935,0.09724003275606935
pos_error_l2,vincent,Sim_10080_gap_0.2,5,0.19851804608448984,0.0,0.9999939808089948,0.9999939808089948,0.09999939808089948
pos_error_l2,vincent,Sim_10080_gap_0.2,6,0.18893976900577777,1.8650030885192237e-06,0.9989784121510944,0.9989765471480059,0.0998976547148006
pos_error_l2,vincent,Sim_10080_gap_0.2,7,0.20225676895308603,0.0001479106573922806,0.9980649910656336,0.9979170804082413,0.09979170804082414
pos_error_l2,vincent,Sim_10080_gap_0.2,8,0.20335996354581024,0.01039212060844985,0.9919120768787902,0.9815199562703404,0.09815199562703404
pos_error_l2,vincent,Sim_10080_gap_0.2,9,0.1857260856757919,0.01103511341498753,0.9774861200019287,0.9664510065869412,0.09664510065869412
pos_error_l2,vincent,Sim_10080_gap_0.2,10,0.220282143556671,0.018553866405289443,0.9784996396396431,0.9599457732343537,0.09599457732343537
pos_error_l2,vincent,Sim_10080_gap_0.2,11,0.21931318541144143,0.0185781591879155,0.9555514261569729,0.9369732669690574,0.09369732669690574
pos_error_l2,vincent,Sim_10080_gap_0.2,12,0.20530966889762747,0.024464384782290738,0.956536461077075,0.9320720762947843,0.09320720762947843
pos_error_l2,vincent,Sim_10080_gap_0.2,13,0.22989298201948724,0.03167897831537325,0.9433732421643639,0.9116942638489907,0.09116942638489907
pos_error_l2,vincent,Sim_10080_gap_0.2,14,0.224436647171829,0.038585790517647434,0.952034936827678,0.9134491463100306,0.09134491463100307
pos_error_l2,vincent,Sim_10080_gap_0.2,15,0.21676087542654088,0.03418606754054998,0.9400721571636516,0.9058860896231016,0.09058860896231016
pos_error_l2,vincent,Sim_10080_gap_0.2,16,0.24819959537475,0.04060582153062553,0.9523342690049049,0.9117284474742794,0.09117284474742794
pos_error_l2,vincent,Sim_10080_gap_0.2,17,0.24209351492873968,0.04671998353779161,0.9581346193504893,0.9114146358126977,0.09114146358126977
pos_error_l2,vincent,Sim_10080_gap_0.2,18,0.232372884093506,0.06659079717969141,0.9588606450842123,0.8922698479045209,0.0892269847904521
pos_error_l2,vincent,Sim_10080_gap_0.2,19,0.22371425851848653,0.0851083627640552,0.9506719679966946,0.8655636052326394,0.08655636052326394
pos_error_l2,vincent,Sim_10080_gap_0.2,20,0.23134804219952038,0.102636407436283,0.9434904339461954,0.8408540265099124,0.08408540265099124
pos_error_l2,vincent,Sim_10080_gap_0.2,21,0.2234231640448996,0.10357613842665847,0.9361630903158602,0.8325869518892017,0.08325869518892018
pos_error_l2,vincent,Sim_10080_gap_0.2,22,0.2228061183189471,0.08905276618525693,0.9289679670550662,0.8399152008698093,0.08399152008698094
pos_error_l2,vincent,Sim_10080_gap_0.2,23,0.22991322748019966,0.07531878408933346,0.9216093917331509,0.8462906076438175,0.08462906076438176
pos_error_l2,vincent,Sim_10080_gap_0.2,24,0.22217469968176437,0.06980102271126498,0.9085334226611674,0.8387323999499025,0.08387323999499025
pos_error_l2,vincent,Sim_10080_gap_0.2,25,0.22384431646385003,0.06685072448999274,0.8940892349706413,0.8272385104806486,0.08272385104806486
pos_error_l2,vincent,Sim_10080_gap_0.2,26,0.23304648577672255,0.08051279073062056,0.9064009371037616,0.825888146373141,0.0825888146373141
pos_error_l2,vincent,Sim_10080_gap_0.2,27,0.22956205317673084,0.09402767518243205,0.908292608339401,0.8142649331569689,0.0814264933156969
pos_error_l2,vincent,Sim_10080_gap_0.2,28,0.2374042283732492,0.0983261906076669,0.8989948593662289,0.800668668758562,0.08006686687585621
pos_error_l2,vincent,Sim_10080_gap_0.2,29,0.2356678025089408,0.09983560140715364,0.8875910882052269,0.7877554867980733,0.07877554867980734
pos_error_l2,vincent,Sim_10080_gap_0.2,30,0.2294229450007507,0.1027703260525461,0.878090267375203,0.7753199413226569,0.07753199413226569
orientation_error_geodesic,sim2real,Sim_35,1,0.7672067711875885,0.02,0.98,0.96,0.192
orientation_error_geodesic,sim2real,Sim_35,2,0.5078095973993884,0.02,0.98,0.96,0.192
orientation_error_geodesic,sim2real,Sim_35,3,0.5928660905016058,0.02,0.98,0.96,0.192
orientation_error_geodesic,sim2real,Sim_35,4,0.45734088043668075,0.02,0.98,0.96,0.192
orientation_error_geodesic,sim2real,Sim_35,5,0.37891582668242835,0.02,0.86,0.84,0.168
orientation_error_geodesic,sim2real,Sim_35,6,0.3932579542683063,0.02,0.84,0.82,0.164
orientation_error_geodesic,sim2real,Sim_35,7,0.43554279558385295,0.04,0.82,0.7799999999999999,0.156
orientation_error_geodesic,sim2real,Sim_35,8,0.4255459573803764,0.1,0.8,0.7000000000000001,0.14
orientation_error_geodesic,sim2real,Sim_35,9,0.3937303290015075,0.1,0.8,0.7000000000000001,0.14
orientation_error_geodesic,sim2real,Sim_35,10,0.4193344745763305,0.14,0.8,0.66,0.132
orientation_error_geodesic,sim2real,Sim_35,11,0.40324536542404715,0.16,0.78,0.62,0.124
orientation_error_geodesic,sim2real,Sim_35,12,0.37695247371602264,0.14,0.74,0.6,0.12
orientation_error_geodesic,sim2real,Sim_35,13,0.40077128321908345,0.18,0.72,0.54,0.10800000000000001
orientation_error_geodesic,sim2real,Sim_35,14,0.3983540298754951,0.18,0.7,0.52,0.10400000000000001
orientation_error_geodesic,sim2real,Sim_35,15,0.38362154255819525,0.18,0.68,0.5,0.1
orientation_error_geodesic,sim2real,Sim_35,16,0.3971508698170316,0.2,0.66,0.46,0.09200000000000001
orientation_error_geodesic,sim2real,Sim_35,17,0.388334728433761,0.2,0.64,0.44,0.08800000000000001
orientation_error_geodesic,sim2real,Sim_35,18,0.37359995679673746,0.2,0.62,0.42,0.084
orientation_error_geodesic,sim2real,Sim_35,19,0.3560771635960491,0.2,0.6,0.39999999999999997,0.08
orientation_error_geodesic,sim2real,Sim_35,20,0.37527434405367116,0.2,0.6,0.39999999999999997,0.08
orientation_error_geodesic,sim2real,Sim_35,21,0.3618469492997501,0.2,0.58,0.37999999999999995,0.076
orientation_error_geodesic,sim2real,Sim_35,22,0.3605185042645687,0.2,0.58,0.37999999999999995,0.076
orientation_error_geodesic,sim2real,Sim_35,23,0.37642267790488326,0.22,0.58,0.36,0.072
orientation_error_geodesic,sim2real,Sim_35,24,0.363672452990304,0.22,0.58,0.36,0.072
orientation_error_geodesic,sim2real,Sim_35,25,0.36627071444151604,0.22,0.56,0.3400000000000001,0.06800000000000002
orientation_error_geodesic,sim2real,Sim_35,26,0.372486262437464,0.22,0.56,0.3400000000000001,0.06800000000000002
orientation_error_geodesic,sim2real,Sim_35,27,0.3729905673993105,0.24,0.56,0.32000000000000006,0.06400000000000002
orientation_error_geodesic,sim2real,Sim_35,28,0.3871091906231968,0.24,0.56,0.32000000000000006,0.06400000000000002
orientation_error_geodesic,sim2real,Sim_35,29,0.3817430740800326,0.24,0.56,0.32000000000000006,0.06400000000000002
orientation_error_geodesic,sim2real,Sim_35,30,0.3716401973269941,0.24,0.54,0.30000000000000004,0.06000000000000001
orientation_error_geodesic,sim2real,Sim_252,1,0.7672067711875885,0.02,0.98,0.96,0.192
orientation_error_geodesic,sim2real,Sim_252,2,0.5078095973993884,0.02,0.98,0.96,0.192
orientation_error_geodesic,sim2real,Sim_252,3,0.5928660905016058,0.02,0.98,0.96,0.192
orientation_error_geodesic,sim2real,Sim_252,4,0.45734088043668075,0.02,0.98,0.96,0.192
orientation_error_geodesic,sim2real,Sim_252,5,0.37891582668242835,0.02,0.8553124999999999,0.8353124999999999,0.1670625
orientation_error_geodesic,sim2real,Sim_252,6,0.3932579542683063,0.02,0.8078125,0.7878125,0.15756250000000002
orientation_error_geodesic,sim2real,Sim_252,7,0.43554279558385295,0.057812499999999996,0.7953125000000001,0.7375,0.14750000000000002
orientation_error_geodesic,sim2real,Sim_252,8,0.4255459573803764,0.1121875,0.7640625,0.651875,0.130375
orientation_error_geodesic,sim2real,Sim_252,9,0.3937303290015075,0.1171875,0.7334375,0.61625,0.12325
orientation_error_geodesic,sim2real,Sim_252,10,0.4193344745763305,0.1715625,0.7290625,0.5574999999999999,0.11149999999999999
orientation_error_geodesic,sim2real,Sim_252,11,0.40324536542404715,0.1796875,0.7103124999999999,0.5306249999999999,0.10612499999999998
orientation_error_geodesic,sim2real,Sim_252,12,0.37695247371602264,0.1690625,0.6884375,0.519375,0.10387500000000001
orientation_error_geodesic,sim2real,Sim_252,13,0.40077128321908345,0.20218750000000002,0.6884375,0.48625,0.09725
orientation_error_geodesic,sim2real,Sim_252,14,0.3983540298754951,0.2134375,0.6646875000000001,0.4512500000000001,0.09025000000000002
orientation_error_geodesic,sim2real,Sim_252,15,0.38362154255819525,0.2109375,0.6353125,0.42437499999999995,0.08487499999999999
orientation_error_geodesic,sim2real,Sim_252,16,0.3971508698170316,0.2296875,0.6328125,0.403125,0.080625
orientation_error_geodesic,sim2real,Sim_252,17,0.388334728433761,0.23093749999999996,0.6128125,0.381875,0.07637500000000001
orientation_error_geodesic,sim2real,Sim_252,18,0.37359995679673746,0.2240625,0.5909375,0.366875,0.07337500000000001
orientation_error_geodesic,sim2real,Sim_252,19,0.3560771635960491,0.21218750000000003,0.5684375000000002,0.3562500000000001,0.07125000000000002
orientation_error_geodesic,sim2real,Sim_252,20,0.37527434405367116,0.2296875,0.5796874999999999,0.3499999999999999,0.06999999999999999
orientation_error_geodesic,sim2real,Sim_252,21,0.3618469492997501,0.22281249999999997,0.5628124999999999,0.33999999999999997,0.06799999999999999
orientation_error_geodesic,sim2real,Sim_252,22,0.3605185042645687,0.2271875,0.5534375,0.32625000000000004,0.06525000000000002
orientation_error_geodesic,sim2real,Sim_252,23,0.37642267790488326,0.24031249999999998,0.5628124999999999,0.32249999999999995,0.06449999999999999
orientation_error_geodesic,sim2real,Sim_252,24,0.363672452990304,0.23343749999999996,0.5484375000000001,0.31500000000000017,0.06300000000000004
orientation_error_geodesic,sim2real,Sim_252,25,0.36627071444151604,0.2390625,0.5440625,0.305,0.061
orientation_error_geodesic,sim2real,Sim_252,26,0.372486262437464,0.24656250000000002,0.5434375,0.296875,0.059375000000000004
orientation_error_geodesic,sim2real,Sim_252,27,0.3729905673993105,0.2503125,0.5378125,0.28750000000000003,0.05750000000000001
orientation_error_geodesic,sim2real,Sim_252,28,0.3871091906231968,0.2615625,0.5490625,0.28750000000000003,0.05750000000000001
orientation_error_geodesic,sim2real,Sim_252,29,0.3817430740800326,0.2603125,0.5403125,0.27999999999999997,0.055999999999999994
orientation_error_geodesic,sim2real,Sim_252,30,0.3716401973269941,0.2546875,0.5296875000000001,0.2750000000000001,0.05500000000000002
orientation_error_geodesic,sim2real,Sim_756,1,0.7672067711875885,0.02,0.98,0.96,0.192
orientation_error_geodesic,sim2real,Sim_756,2,0.5078095973993884,0.02,0.98,0.96,0.192
orientation_error_geodesic,sim2real,Sim_756,3,0.5928660905016058,0.02,0.98,0.96,0.192
orientation_error_geodesic,sim2real,Sim_756,4,0.45734088043668075,0.02,0.98,0.96,0.192
orientation_error_geodesic,sim2real,Sim_756,5,0.37891582668242835,0.02,0.9015625,0.8815625,0.1763125
orientation_error_geodesic,sim2real,Sim_756,6,0.3932579542683063,0.02,0.8228125,0.8028124999999999,0.1605625
orientation_error_geodesic,sim2real,Sim_756,7,0.43554279558385295,0.050937500000000004,0.8028124999999999,0.751875,0.150375
orientation_error_geodesic,sim2real,Sim_756,8,0.4255459573803764,0.10593750000000002,0.7584375000000001,0.6525000000000001,0.13050000000000003
orientation_error_geodesic,sim2real,Sim_756,9,0.3937303290015075,0.11156249999999998,0.7140624999999999,0.6024999999999999,0.1205
orientation_error_geodesic,sim2real,Sim_756,10,0.4193344745763305,0.1665625,0.7090624999999999,0.5425,0.1085
orientation_error_geodesic,sim2real,Sim_756,11,0.40324536542404715,0.17531249999999998,0.6821875000000002,0.5068750000000002,0.10137500000000005
orientation_error_geodesic,sim2real,Sim_756,12,0.37695247371602264,0.16531249999999997,0.6534375000000001,0.48812500000000014,0.09762500000000003
orientation_error_geodesic,sim2real,Sim_756,13,0.40077128321908345,0.19906250000000003,0.6553125,0.45624999999999993,0.09125
orientation_error_geodesic,sim2real,Sim_756,14,0.3983540298754951,0.2109375,0.6415625,0.43062500000000004,0.08612500000000001
orientation_error_geodesic,sim2real,Sim_756,15,0.38362154255819525,0.2084375,0.6221875000000001,0.4137500000000001,0.08275000000000003
orientation_error_geodesic,sim2real,Sim_756,16,0.3971508698170316,0.22843749999999996,0.6209375,0.39250000000000007,0.07850000000000001
orientation_error_geodesic,sim2real,Sim_756,17,0.388334728433761,0.2296875,0.6065624999999999,0.3768749999999999,0.07537499999999998
orientation_error_geodesic,sim2real,Sim_756,18,0.37359995679673746,0.22281249999999997,0.5890624999999999,0.36624999999999996,0.07325
orientation_error_geodesic,sim2real,Sim_756,19,0.3560771635960491,0.2103125,0.5696875000000001,0.3593750000000001,0.07187500000000002
orientation_error_geodesic,sim2real,Sim_756,20,0.37527434405367116,0.2290625,0.5796874999999999,0.3506249999999999,0.07012499999999998
orientation_error_geodesic,sim2real,Sim_756,21,0.3618469492997501,0.22218749999999998,0.5640625,0.34187500000000004,0.068375
orientation_error_geodesic,sim2real,Sim_756,22,0.3605185042645687,0.2265625,0.5559375000000001,0.3293750000000001,0.06587500000000002
orientation_error_geodesic,sim2real,Sim_756,23,0.37642267790488326,0.24093749999999997,0.5640625,0.32312500000000005,0.06462500000000002
orientation_error_geodesic,sim2real,Sim_756,24,0.363672452990304,0.23343749999999996,0.5503125,0.316875,0.063375
orientation_error_geodesic,sim2real,Sim_756,25,0.36627071444151604,0.2390625,0.5459375000000001,0.30687500000000006,0.06137500000000001
orientation_error_geodesic,sim2real,Sim_756,26,0.372486262437464,0.2471875,0.5453125000000001,0.2981250000000001,0.05962500000000002
orientation_error_geodesic,sim2real,Sim_756,27,0.3729905673993105,0.25156249999999997,0.5396875000000001,0.28812500000000013,0.05762500000000003
orientation_error_geodesic,sim2real,Sim_756,28,0.3871091906231968,0.26343750000000005,0.5503125,0.28687499999999994,0.05737499999999999
orientation_error_geodesic,sim2real,Sim_756,29,0.3817430740800326,0.2621875,0.5421875,0.28,0.05600000000000001
orientation_error_geodesic,sim2real,Sim_756,30,0.3716401973269941,0.2559375,0.5309375000000001,0.2750000000000001,0.05500000000000002
orientation_error_geodesic,sim2real,Sim_10080,1,0.7672067711875885,0.02,0.98,0.96,0.192
orientation_error_geodesic,sim2real,Sim_10080,2,0.5078095973993884,0.02,0.98,0.96,0.192
orientation_error_geodesic,sim2real,Sim_10080,3,0.5928660905016058,0.02,0.98,0.96,0.192
orientation_error_geodesic,sim2real,Sim_10080,4,0.45734088043668075,0.02,0.8690625,0.8490624999999999,0.1698125
orientation_error_geodesic,sim2real,Sim_10080,5,0.37891582668242835,0.02,0.7940625,0.7740625,0.15481250000000002
orientation_error_geodesic,sim2real,Sim_10080,6,0.3932579542683063,0.02,0.7796875000000001,0.7596875000000001,0.15193750000000003
orientation_error_geodesic,sim2real,Sim_10080,7,0.43554279558385295,0.0490625,0.7778125,0.72875,0.14575000000000002
orientation_error_geodesic,sim2real,Sim_10080,8,0.4255459573803764,0.10343750000000002,0.7728124999999999,0.6693749999999998,0.13387499999999997
orientation_error_geodesic,sim2real,Sim_10080,9,0.3937303290015075,0.1096875,0.7690625,0.659375,0.13187500000000002
orientation_error_geodesic,sim2real,Sim_10080,10,0.4193344745763305,0.16343749999999996,0.7684375000000001,0.6050000000000002,0.12100000000000005
orientation_error_geodesic,sim2real,Sim_10080,11,0.40324536542404715,0.1715625,0.7534375,0.5818749999999999,0.11637499999999999
orientation_error_geodesic,sim2real,Sim_10080,12,0.37695247371602264,0.16218749999999998,0.6959375,0.53375,0.10675
orientation_error_geodesic,sim2real,Sim_10080,13,0.40077128321908345,0.1953125,0.6953125,0.5,0.1
orientation_error_geodesic,sim2real,Sim_10080,14,0.3983540298754951,0.20656250000000004,0.6709375000000001,0.46437500000000004,0.09287500000000001
orientation_error_geodesic,sim2real,Sim_10080,15,0.38362154255819525,0.20468750000000002,0.6415625,0.436875,0.08737500000000001
orientation_error_geodesic,sim2real,Sim_10080,16,0.3971508698170316,0.22343749999999996,0.6384375,0.41500000000000004,0.08300000000000002
orientation_error_geodesic,sim2real,Sim_10080,17,0.388334728433761,0.22531249999999997,0.6178124999999999,0.3924999999999999,0.07849999999999999
orientation_error_geodesic,sim2real,Sim_10080,18,0.37359995679673746,0.2184375,0.5953124999999999,0.3768749999999999,0.07537499999999998
orientation_error_geodesic,sim2real,Sim_10080,19,0.3560771635960491,0.20718750000000002,0.5728125,0.3656249999999999,0.07312499999999998
orientation_error_geodesic,sim2real,Sim_10080,20,0.37527434405367116,0.22531249999999997,0.5834375,0.3581250000000001,0.07162500000000002
orientation_error_geodesic,sim2real,Sim_10080,21,0.3618469492997501,0.2184375,0.5665625000000001,0.3481250000000001,0.06962500000000002
orientation_error_geodesic,sim2real,Sim_10080,22,0.3605185042645687,0.22281249999999997,0.5571875000000002,0.3343750000000002,0.06687500000000005
orientation_error_geodesic,sim2real,Sim_10080,23,0.37642267790488326,0.2371875,0.5665625000000001,0.3293750000000001,0.06587500000000002
orientation_error_geodesic,sim2real,Sim_10080,24,0.363672452990304,0.23031249999999998,0.5515625,0.32125,0.06425
orientation_error_geodesic,sim2real,Sim_10080,25,0.36627071444151604,0.23593749999999997,0.5471875000000002,0.3112500000000002,0.06225000000000004
orientation_error_geodesic,sim2real,Sim_10080,26,0.372486262437464,0.24406250000000002,0.5465625000000001,0.30250000000000005,0.06050000000000001
orientation_error_geodesic,sim2real,Sim_10080,27,0.3729905673993105,0.2478125,0.5415625,0.29374999999999996,0.05875
orientation_error_geodesic,sim2real,Sim_10080,28,0.3871091906231968,0.2596875,0.5521875,0.29250000000000004,0.05850000000000001
orientation_error_geodesic,sim2real,Sim_10080,29,0.3817430740800326,0.25906250000000003,0.5434375,0.284375,0.056875
orientation_error_geodesic,sim2real,Sim_10080,30,0.3716401973269941,0.2528125,0.5328124999999999,0.2799999999999999,0.05599999999999999
orientation_error_geodesic,sim2real,Sim_7_biased,1,0.7672067711875885,0.02,0.98,0.96,0.192
orientation_error_geodesic,sim2real,Sim_7_biased,2,0.5078095973993884,0.02,0.98,0.96,0.192
orientation_error_geodesic,sim2real,Sim_7_biased,3,0.5928660905016058,0.02,0.98,0.96,0.192
orientation_error_geodesic,sim2real,Sim_7_biased,4,0.45734088043668075,0.02,0.98,0.96,0.192
orientation_error_geodesic,sim2real,Sim_7_biased,5,0.37891582668242835,0.02,0.98,0.96,0.192
orientation_error_geodesic,sim2real,Sim_7_biased,6,0.3932579542683063,0.02,0.92,0.9,0.18000000000000002
orientation_error_geodesic,sim2real,Sim_7_biased,7,0.43554279558385295,0.08,0.84,0.76,0.15200000000000002
orientation_error_geodesic,sim2real,Sim_7_biased,8,0.4255459573803764,0.1,0.76,0.66,0.132
orientation_error_geodesic,sim2real,Sim_7_biased,9,0.3937303290015075,0.1,0.68,0.5800000000000001,0.11600000000000002
orientation_error_geodesic,sim2real,Sim_7_biased,10,0.4193344745763305,0.14,0.68,0.54,0.10800000000000001
orientation_error_geodesic,sim2real,Sim_7_biased,11,0.40324536542404715,0.14,0.64,0.5,0.1
orientation_error_geodesic,sim2real,Sim_7_biased,12,0.37695247371602264,0.14,0.6,0.45999999999999996,0.092
orientation_error_geodesic,sim2real,Sim_7_biased,13,0.40077128321908345,0.16,0.62,0.45999999999999996,0.092
orientation_error_geodesic,sim2real,Sim_7_biased,14,0.3983540298754951,0.16,0.6,0.43999999999999995,0.088
orientation_error_geodesic,sim2real,Sim_7_biased,15,0.38362154255819525,0.16,0.58,0.41999999999999993,0.08399999999999999
orientation_error_geodesic,sim2real,Sim_7_biased,16,0.3971508698170316,0.18,0.58,0.39999999999999997,0.08
orientation_error_geodesic,sim2real,Sim_7_biased,17,0.388334728433761,0.18,0.56,0.38000000000000006,0.07600000000000001
orientation_error_geodesic,sim2real,Sim_7_biased,18,0.37359995679673746,0.18,0.54,0.36000000000000004,0.07200000000000001
orientation_error_geodesic,sim2real,Sim_7_biased,19,0.3560771635960491,0.18,0.52,0.34,0.068
orientation_error_geodesic,sim2real,Sim_7_biased,20,0.37527434405367116,0.18,0.54,0.36000000000000004,0.07200000000000001
orientation_error_geodesic,sim2real,Sim_7_biased,21,0.3618469492997501,0.18,0.52,0.34,0.068
orientation_error_geodesic,sim2real,Sim_7_biased,22,0.3605185042645687,0.18,0.52,0.34,0.068
orientation_error_geodesic,sim2real,Sim_7_biased,23,0.37642267790488326,0.2,0.52,0.32,0.064
orientation_error_geodesic,sim2real,Sim_7_biased,24,0.363672452990304,0.2,0.52,0.32,0.064
orientation_error_geodesic,sim2real,Sim_7_biased,25,0.36627071444151604,0.2,0.52,0.32,0.064
orientation_error_geodesic,sim2real,Sim_7_biased,26,0.372486262437464,0.2,0.52,0.32,0.064
orientation_error_geodesic,sim2real,Sim_7_biased,27,0.3729905673993105,0.2,0.5,0.3,0.06
orientation_error_geodesic,sim2real,Sim_7_biased,28,0.3871091906231968,0.2,0.52,0.32,0.064
orientation_error_geodesic,sim2real,Sim_7_biased,29,0.3817430740800326,0.2,0.52,0.32,0.064
orientation_error_geodesic,sim2real,Sim_7_biased,30,0.3716401973269941,0.2,0.5,0.3,0.06
orientation_error_geodesic,e_value_wsr,none,1,0.7672067711875885,0.02,0.98,0.96,0.192
orientation_error_geodesic,e_value_wsr,none,2,0.5078095973993884,0.02,0.98,0.96,0.192
orientation_error_geodesic,e_value_wsr,none,3,0.5928660905016058,0.02,0.98,0.96,0.192
orientation_error_geodesic,e_value_wsr,none,4,0.45734088043668075,0.02,0.98,0.96,0.192
orientation_error_geodesic,e_value_wsr,none,5,0.37891582668242835,0.02,0.98,0.96,0.192
orientation_error_geodesic,e_value_wsr,none,6,0.3932579542683063,0.02,0.98,0.96,0.192
orientation_error_geodesic,e_value_wsr,none,7,0.43554279558385295,0.02,0.98,0.96,0.192
orientation_error_geodesic,e_value_wsr,none,8,0.4255459573803764,0.02,0.82,0.7999999999999999,0.16
orientation_error_geodesic,e_value_wsr,none,9,0.3937303290015075,0.02,0.78,0.76,0.15200000000000002
orientation_error_geodesic,e_value_wsr,none,10,0.4193344745763305,0.02,0.78,0.76,0.15200000000000002
orientation_error_geodesic,e_value_wsr,none,11,0.40324536542404715,0.02,0.78,0.76,0.15200000000000002
orientation_error_geodesic,e_value_wsr,none,12,0.37695247371602264,0.02,0.78,0.76,0.15200000000000002
orientation_error_geodesic,e_value_wsr,none,13,0.40077128321908345,0.04,0.78,0.74,0.148
orientation_error_geodesic,e_value_wsr,none,14,0.3983540298754951,0.08,0.78,0.7000000000000001,0.14
orientation_error_geodesic,e_value_wsr,none,15,0.38362154255819525,0.08,0.78,0.7000000000000001,0.14
orientation_error_geodesic,e_value_wsr,none,16,0.3971508698170316,0.12,0.78,0.66,0.132
orientation_error_geodesic,e_value_wsr,none,17,0.388334728433761,0.12,0.74,0.62,0.124
orientation_error_geodesic,e_value_wsr,none,18,0.37359995679673746,0.12,0.7,0.58,0.11599999999999999
orientation_error_geodesic,e_value_wsr,none,19,0.3560771635960491,0.12,0.66,0.54,0.10800000000000001
orientation_error_geodesic,e_value_wsr,none,20,0.37527434405367116,0.14,0.68,0.54,0.10800000000000001
orientation_error_geodesic,e_value_wsr,none,21,0.3618469492997501,0.14,0.64,0.5,0.1
orientation_error_geodesic,e_value_wsr,none,22,0.3605185042645687,0.16,0.64,0.48,0.096
orientation_error_geodesic,e_value_wsr,none,23,0.37642267790488326,0.18,0.64,0.46,0.09200000000000001
orientation_error_geodesic,e_value_wsr,none,24,0.363672452990304,0.16,0.62,0.45999999999999996,0.092
orientation_error_geodesic,e_value_wsr,none,25,0.36627071444151604,0.18,0.62,0.44,0.08800000000000001
orientation_error_geodesic,e_value_wsr,none,26,0.372486262437464,0.18,0.62,0.44,0.08800000000000001
orientation_error_geodesic,e_value_wsr,none,27,0.3729905673993105,0.2,0.6,0.39999999999999997,0.08
orientation_error_geodesic,e_value_wsr,none,28,0.3871091906231968,0.2,0.62,0.42,0.084
orientation_error_geodesic,e_value_wsr,none,29,0.3817430740800326,0.2,0.6,0.39999999999999997,0.08
orientation_error_geodesic,e_value_wsr,none,30,0.3716401973269941,0.2,0.58,0.37999999999999995,0.076
orientation_error_geodesic,e_value_constant_0.25,none,1,0.7672067711875885,0.02,0.98,0.96,0.192
orientation_error_geodesic,e_value_constant_0.25,none,2,0.5078095973993884,0.02,0.98,0.96,0.192
orientation_error_geodesic,e_value_constant_0.25,none,3,0.5928660905016058,0.02,0.98,0.96,0.192
orientation_error_geodesic,e_value_constant_0.25,none,4,0.45734088043668075,0.02,0.98,0.96,0.192
orientation_error_geodesic,e_value_constant_0.25,none,5,0.37891582668242835,0.02,0.98,0.96,0.192
orientation_error_geodesic,e_value_constant_0.25,none,6,0.3932579542683063,0.02,0.98,0.96,0.192
orientation_error_geodesic,e_value_constant_0.25,none,7,0.43554279558385295,0.02,0.98,0.96,0.192
orientation_error_geodesic,e_value_constant_0.25,none,8,0.4255459573803764,0.02,0.98,0.96,0.192
orientation_error_geodesic,e_value_constant_0.25,none,9,0.3937303290015075,0.02,0.98,0.96,0.192
orientation_error_geodesic,e_value_constant_0.25,none,10,0.4193344745763305,0.02,0.98,0.96,0.192
orientation_error_geodesic,e_value_constant_0.25,none,11,0.40324536542404715,0.02,0.98,0.96,0.192
orientation_error_geodesic,e_value_constant_0.25,none,12,0.37695247371602264,0.02,0.98,0.96,0.192
orientation_error_geodesic,e_value_constant_0.25,none,13,0.40077128321908345,0.02,0.98,0.96,0.192
orientation_error_geodesic,e_value_constant_0.25,none,14,0.3983540298754951,0.02,0.98,0.96,0.192
orientation_error_geodesic,e_value_constant_0.25,none,15,0.38362154255819525,0.02,0.98,0.96,0.192
orientation_error_geodesic,e_value_constant_0.25,none,16,0.3971508698170316,0.02,0.98,0.96,0.192
orientation_error_geodesic,e_value_constant_0.25,none,17,0.388334728433761,0.02,0.98,0.96,0.192
orientation_error_geodesic,e_value_constant_0.25,none,18,0.37359995679673746,0.02,0.98,0.96,0.192
orientation_error_geodesic,e_value_constant_0.25,none,19,0.3560771635960491,0.02,0.98,0.96,0.192
orientation_error_geodesic,e_value_constant_0.25,none,20,0.37527434405367116,0.02,0.98,0.96,0.192
orientation_error_geodesic,e_value_constant_0.25,none,21,0.3618469492997501,0.02,0.98,0.96,0.192
orientation_error_geodesic,e_value_constant_0.25,none,22,0.3605185042645687,0.02,0.98,0.96,0.192
orientation_error_geodesic,e_value_constant_0.25,none,23,0.37642267790488326,0.02,0.98,0.96,0.192
orientation_error_geodesic,e_value_constant_0.25,none,24,0.363672452990304,0.02,0.98,0.96,0.192
orientation_error_geodesic,e_value_constant_0.25,none,25,0.36627071444151604,0.02,0.98,0.96,0.192
orientation_error_geodesic,e_value_constant_0.25,none,26,0.372486262437464,0.02,0.98,0.96,0.192
orientation_error_geodesic,e_value_constant_0.25,none,27,0.3729905673993105,0.02,0.98,0.96,0.192
orientation_error_geodesic,e_value_constant_0.25,none,28,0.3871091906231968,0.02,0.96,0.94,0.188
orientation_error_geodesic,e_value_constant_0.25,none,29,0.3817430740800326,0.02,0.94,0.9199999999999999,0.184
orientation_error_geodesic,e_value_constant_0.25,none,30,0.3716401973269941,0.02,0.92,0.9,0.18000000000000002
orientation_error_geodesic,e_value_constant_0.5,none,1,0.7672067711875885,0.02,0.98,0.96,0.192
orientation_error_geodesic,e_value_constant_0.5,none,2,0.5078095973993884,0.02,0.98,0.96,0.192
orientation_error_geodesic,e_value_constant_0.5,none,3,0.5928660905016058,0.02,0.98,0.96,0.192
orientation_error_geodesic,e_value_constant_0.5,none,4,0.45734088043668075,0.02,0.98,0.96,0.192
orientation_error_geodesic,e_value_constant_0.5,none,5,0.37891582668242835,0.02,0.98,0.96,0.192
orientation_error_geodesic,e_value_constant_0.5,none,6,0.3932579542683063,0.02,0.98,0.96,0.192
orientation_error_geodesic,e_value_constant_0.5,none,7,0.43554279558385295,0.02,0.98,0.96,0.192
orientation_error_geodesic,e_value_constant_0.5,none,8,0.4255459573803764,0.02,0.98,0.96,0.192
orientation_error_geodesic,e_value_constant_0.5,none,9,0.3937303290015075,0.02,0.98,0.96,0.192
orientation_error_geodesic,e_value_constant_0.5,none,10,0.4193344745763305,0.02,0.98,0.96,0.192
orientation_error_geodesic,e_value_constant_0.5,none,11,0.40324536542404715,0.02,0.98,0.96,0.192
orientation_error_geodesic,e_value_constant_0.5,none,12,0.37695247371602264,0.02,0.98,0.96,0.192
orientation_error_geodesic,e_value_constant_0.5,none,13,0.40077128321908345,0.02,0.98,0.96,0.192
orientation_error_geodesic,e_value_constant_0.5,none,14,0.3983540298754951,0.02,0.98,0.96,0.192
orientation_error_geodesic,e_value_constant_0.5,none,15,0.38362154255819525,0.02,0.96,0.94,0.188
orientation_error_geodesic,e_value_constant_0.5,none,16,0.3971508698170316,0.02,0.94,0.9199999999999999,0.184
orientation_error_geodesic,e_value_constant_0.5,none,17,0.388334728433761,0.02,0.9,0.88,0.17600000000000002
orientation_error_geodesic,e_value_constant_0.5,none,18,0.37359995679673746,0.02,0.86,0.84,0.168
orientation_error_geodesic,e_value_constant_0.5,none,19,0.3560771635960491,0.02,0.8,0.78,0.15600000000000003
orientation_error_geodesic,e_value_constant_0.5,none,20,0.37527434405367116,0.02,0.8,0.78,0.15600000000000003
orientation_error_geodesic,e_value_constant_0.5,none,21,0.3618469492997501,0.02,0.78,0.76,0.15200000000000002
orientation_error_geodesic,e_value_constant_0.5,none,22,0.3605185042645687,0.02,0.74,0.72,0.144
orientation_error_geodesic,e_value_constant_0.5,none,23,0.37642267790488326,0.02,0.74,0.72,0.144
orientation_error_geodesic,e_value_constant_0.5,none,24,0.363672452990304,0.02,0.72,0.7,0.13999999999999999
orientation_error_geodesic,e_value_constant_0.5,none,25,0.36627071444151604,0.02,0.7,0.6799999999999999,0.13599999999999998
orientation_error_geodesic,e_value_constant_0.5,none,26,0.372486262437464,0.04,0.7,0.6599999999999999,0.13199999999999998
orientation_error_geodesic,e_value_constant_0.5,none,27,0.3729905673993105,0.06,0.68,0.6200000000000001,0.12400000000000003
orientation_error_geodesic,e_value_constant_0.5,none,28,0.3871091906231968,0.08,0.7,0.62,0.124
orientation_error_geodesic,e_value_constant_0.5,none,29,0.3817430740800326,0.08,0.68,0.6000000000000001,0.12000000000000002
orientation_error_geodesic,e_value_constant_0.5,none,30,0.3716401973269941,0.08,0.66,0.5800000000000001,0.11600000000000002
orientation_error_geodesic,hoeffding,none,1,0.7672067711875885,0.0,1.0,1.0,0.2
orientation_error_geodesic,hoeffding,none,2,0.5078095973993884,0.0,1.0,1.0,0.2
orientation_error_geodesic,hoeffding,none,3,0.5928660905016058,0.0,1.0,1.0,0.2
orientation_error_geodesic,hoeffding,none,4,0.45734088043668075,0.0,1.0,1.0,0.2
orientation_error_geodesic,hoeffding,none,5,0.37891582668242835,0.0,0.9862772885907334,0.9862772885907334,0.19725545771814668
orientation_error_geodesic,hoeffding,none,6,0.3932579542683063,0.0,0.9477005763457953,0.9477005763457953,0.18954011526915907
orientation_error_geodesic,hoeffding,none,7,0.43554279558385295,0.0,0.9488569192737888,0.9488569192737888,0.18977138385475778
orientation_error_geodesic,hoeffding,none,8,0.4255459573803764,0.0,0.9057073530403368,0.9057073530403368,0.18114147060806737
orientation_error_geodesic,hoeffding,none,9,0.3937303290015075,0.0,0.8464308342483806,0.8464308342483806,0.16928616684967612
orientation_error_geodesic,hoeffding,none,10,0.4193344745763305,0.0,0.848803882923068,0.848803882923068,0.1697607765846136
orientation_error_geodesic,hoeffding,none,11,0.40324536542404715,0.0,0.8127283795081001,0.8127283795081001,0.16254567590162003
orientation_error_geodesic,hoeffding,none,12,0.37695247371602264,0.0,0.7690026115658652,0.7690026115658652,0.15380052231317307
orientation_error_geodesic,hoeffding,none,13,0.40077128321908345,0.024101694581532163,0.7774408718566348,0.7533391772751026,0.15066783545502052
orientation_error_geodesic,hoeffding,none,14,0.3983540298754951,0.03538613213551123,0.761321927615479,0.7259357954799678,0.14518715909599356
orientation_error_geodesic,hoeffding,none,15,0.38362154255819525,0.032961239030030676,0.7342818460863598,0.7013206070563291,0.14026412141126585
orientation_error_geodesic,hoeffding,none,16,0.3971508698170316,0.057625490881876795,0.7366762487521865,0.6790507578703098,0.13581015157406195
orientation_error_geodesic,hoeffding,none,17,0.388334728433761,0.058946728450818664,0.7177227284167034,0.6587759999658847,0.13175519999317695
orientation_error_geodesic,hoeffding,none,18,0.37359995679673746,0.053492359690097246,0.6937075539033777,0.6402151942132804,0.12804303884265608
orientation_error_geodesic,hoeffding,none,19,0.3560771635960491,0.04450730769169259,0.6676470195004056,0.623139711808713,0.1246279423617426
orientation_error_geodesic,hoeffding,none,20,0.37527434405367116,0.07159361309951862,0.6789550750078237,0.6073614619083051,0.12147229238166102
orientation_error_geodesic,hoeffding,none,21,0.3618469492997501,0.06548490180852873,0.6582089967909714,0.5927240949824427,0.11854481899648855
orientation_error_geodesic,hoeffding,none,22,0.3605185042645687,0.07097028822502832,0.6500667203041091,0.5790964320790808,0.11581928641581617
orientation_error_geodesic,hoeffding,none,23,0.37642267790488326,0.0932389361202029,0.6596064196895637,0.5663674835693608,0.11327349671387217
orientation_error_geodesic,hoeffding,none,24,0.363672452990304,0.08645114195155951,0.6408937640290484,0.554442622077489,0.11088852441549779
orientation_error_geodesic,hoeffding,none,25,0.36627071444151604,0.09465041129339219,0.63789101758964,0.5432406062962478,0.10864812125924957
orientation_error_geodesic,hoeffding,none,26,0.372486262437464,0.10614064204510415,0.6388318828298238,0.5326912407847197,0.10653824815694396
orientation_error_geodesic,hoeffding,none,27,0.3729905673993105,0.11162380883274875,0.6343573259658724,0.5227335171331235,0.10454670342662471
orientation_error_geodesic,hoeffding,none,28,0.3871091906231968,0.13045212877822887,0.6437662524681648,0.5133141236899359,0.10266282473798718
orientation_error_geodesic,hoeffding,none,29,0.3817430740800326,0.12954995383581158,0.6339361943242536,0.504386240488442,0.10087724809768842
orientation_error_geodesic,hoeffding,none,30,0.3716401973269941,0.12368591880929589,0.6195944758446923,0.4959085570353964,0.09918171140707928
orientation_error_geodesic,empirical_bernstein,none,1,0.7672067711875885,0.0,1.0,1.0,0.2
orientation_error_geodesic,empirical_bernstein,none,2,0.5078095973993884,0.0,1.0,1.0,0.2
orientation_error_geodesic,empirical_bernstein,none,3,0.5928660905016058,0.0,1.0,1.0,0.2
orientation_error_geodesic,empirical_bernstein,none,4,0.45734088043668075,0.0,1.0,1.0,0.2
orientation_error_geodesic,empirical_bernstein,none,5,0.37891582668242835,0.0,1.0,1.0,0.2
orientation_error_geodesic,empirical_bernstein,none,6,0.3932579542683063,0.0,1.0,1.0,0.2
orientation_error_geodesic,empirical_bernstein,none,7,0.43554279558385295,0.0,1.0,1.0,0.2
orientation_error_geodesic,empirical_bernstein,none,8,0.4255459573803764,0.0,1.0,1.0,0.2
orientation_error_geodesic,empirical_bernstein,none,9,0.3937303290015075,0.0,1.0,1.0,0.2
orientation_error_geodesic,empirical_bernstein,none,10,0.4193344745763305,0.0,1.0,1.0,0.2
orientation_error_geodesic,empirical_bernstein,none,11,0.40324536542404715,0.0,1.0,1.0,0.2
orientation_error_geodesic,empirical_bernstein,none,12,0.37695247371602264,0.0,1.0,1.0,0.2
orientation_error_geodesic,empirical_bernstein,none,13,0.40077128321908345,0.0,1.0,1.0,0.2
orientation_error_geodesic,empirical_bernstein,none,14,0.3983540298754951,0.0,1.0,1.0,0.2
orientation_error_geodesic,empirical_bernstein,none,15,0.38362154255819525,0.0,1.0,1.0,0.2
orientation_error_geodesic,empirical_bernstein,none,16,0.3971508698170316,0.0,1.0,1.0,0.2
orientation_error_geodesic,empirical_bernstein,none,17,0.388334728433761,0.0,1.0,1.0,0.2
orientation_error_geodesic,empirical_bernstein,none,18,0.37359995679673746,0.0,1.0,1.0,0.2
orientation_error_geodesic,empirical_bernstein,none,19,0.3560771635960491,0.0,0.9929123933537207,0.9929123933537207,0.19858247867074416
orientation_error_geodesic,empirical_bernstein,none,20,0.37527434405367116,0.0,0.9873478917748297,0.9873478917748297,0.19746957835496595
orientation_error_geodesic,empirical_bernstein,none,21,0.3618469492997501,0.0,0.947820874989467,0.947820874989467,0.1895641749978934
orientation_error_geodesic,empirical_bernstein,none,22,0.3605185042645687,0.0,0.918967547265219,0.918967547265219,0.18379350945304382
orientation_error_geodesic,empirical_bernstein,none,23,0.37642267790488326,0.0,0.9159285687550641,0.9159285687550641,0.18318571375101284
orientation_error_geodesic,empirical_bernstein,none,24,0.363672452990304,0.0,0.8839790179288294,0.8839790179288294,0.17679580358576588
orientation_error_geodesic,empirical_bernstein,none,25,0.36627071444151604,0.0,0.8653116769584199,0.8653116769584199,0.173062335391684
orientation_error_geodesic,empirical_bernstein,none,26,0.372486262437464,0.0,0.8527928465350905,0.8527928465350905,0.1705585693070181
orientation_error_geodesic,empirical_bernstein,none,27,0.3729905673993105,0.0,0.8350244669937374,0.8350244669937374,0.1670048933987475
orientation_error_geodesic,empirical_bernstein,none,28,0.3871091906231968,0.0,0.837698462907591,0.837698462907591,0.1675396925815182
orientation_error_geodesic,empirical_bernstein,none,29,0.3817430740800326,0.0,0.8172055985866278,0.8172055985866278,0.16344111971732556
orientation_error_geodesic,empirical_bernstein,none,30,0.3716401973269941,0.0,0.7951401046539621,0.7951401046539621,0.15902802093079244
orientation_error_geodesic,t_test,none,1,0.7672067711875885,0.0,1.0,1.0,0.2
orientation_error_geodesic,t_test,none,2,0.5078095973993884,0.0,1.0,1.0,0.2
orientation_error_geodesic,t_test,none,3,0.5928660905016058,0.0,1.0,1.0,0.2
orientation_error_geodesic,t_test,none,4,0.45734088043668075,0.0,1.0,1.0,0.2
orientation_error_geodesic,t_test,none,5,0.37891582668242835,0.0,0.8272047672613534,0.8272047672613534,0.1654409534522707
orientation_error_geodesic,t_test,none,6,0.3932579542683063,0.05237156643015051,0.7341443421064621,0.6817727756763116,0.13635455513526232
orientation_error_geodesic,t_test,none,7,0.43554279558385295,0.1424324837088881,0.7286531074588178,0.5862206237499297,0.11724412474998594
orientation_error_geodesic,t_test,none,8,0.4255459573803764,0.17910509810441846,0.6719868166563345,0.4928817185519161,0.09857634371038322
orientation_error_geodesic,t_test,none,9,0.3937303290015075,0.16943911311735052,0.6180215448856646,0.44858243176831414,0.08971648635366283
orientation_error_geodesic,t_test,none,10,0.4193344745763305,0.2141903331146312,0.62447861603803,0.4102882829233988,0.08205765658467977
orientation_error_geodesic,t_test,none,11,0.40324536542404715,0.21699340907596434,0.5894973217721301,0.3725039126961658,0.07450078253923316
orientation_error_geodesic,t_test,none,12,0.37695247371602264,0.19931005412586134,0.5545948933061842,0.35528483918032283,0.07105696783606456
orientation_error_geodesic,t_test,none,13,0.40077128321908345,0.23088917241687507,0.5706533940212919,0.3397642216044168,0.06795284432088337
orientation_error_geodesic,t_test,none,14,0.3983540298754951,0.24231776131708563,0.5543902984339047,0.31207253711681915,0.06241450742336383
orientation_error_geodesic,t_test,none,15,0.38362154255819525,0.23598633642539774,0.5312567486909929,0.2952704122655952,0.05905408245311904
orientation_error_geodesic,t_test,none,16,0.3971508698170316,0.2569126465308904,0.5373890931031728,0.28047644657228243,0.05609528931445649
orientation_error_geodesic,t_test,none,17,0.388334728433761,0.25599103967773035,0.5206784171897916,0.26468737751206123,0.05293747550241225
orientation_error_geodesic,t_test,none,18,0.37359995679673746,0.24558686165904267,0.5016130519344323,0.25602619027538964,0.05120523805507793
orientation_error_geodesic,t_test,none,19,0.3560771635960491,0.23000461373765743,0.4821497134544407,0.2521450997167832,0.05042901994335665
orientation_error_geodesic,t_test,none,20,0.37527434405367116,0.24952875117007198,0.5010199369372703,0.2514911857671983,0.050298237153439666
orientation_error_geodesic,t_test,none,21,0.3618469492997501,0.23939612815714084,0.48429777044235933,0.2449016422852185,0.0489803284570437
orientation_error_geodesic,t_test,none,22,0.3605185042645687,0.24408883644569312,0.4769481720834443,0.23285933563775119,0.04657186712755024
orientation_error_geodesic,t_test,none,23,0.37642267790488326,0.26067834439174364,0.4921670114180229,0.23148866702627924,0.04629773340525585
orientation_error_geodesic,t_test,none,24,0.363672452990304,0.25003112368409547,0.4773137822965125,0.22728265861241703,0.04545653172248341
orientation_error_geodesic,t_test,none,25,0.36627071444151604,0.257388407325592,0.4751530215574401,0.21776461423184812,0.04355292284636963
orientation_error_geodesic,t_test,none,26,0.372486262437464,0.26731455190899756,0.4776579729659305,0.21034342105693293,0.04206868421138659
orientation_error_geodesic,t_test,none,27,0.3729905673993105,0.2719807221870645,0.47400041261155657,0.20201969042449208,0.04040393808489842
orientation_error_geodesic,t_test,none,28,0.3871091906231968,0.2857221046821725,0.4884962765642211,0.2027741718820486,0.04055483437640972
orientation_error_geodesic,t_test,none,29,0.3817430740800326,0.2834611524947768,0.4800249956652884,0.19656384317051157,0.03931276863410232
orientation_error_geodesic,t_test,none,30,0.3716401973269941,0.27461246958932717,0.46866792506466104,0.19405545547533387,0.03881109109506678
orientation_error_geodesic,z_test,none,1,0.7672067711875885,0.0,1.0,1.0,0.2
orientation_error_geodesic,z_test,none,2,0.5078095973993884,0.0,1.0,1.0,0.2
orientation_error_geodesic,z_test,none,3,0.5928660905016058,0.2552992248153979,0.9304329561878136,0.6751337313724157,0.13502674627448316
orientation_error_geodesic,z_test,none,4,0.45734088043668075,0.10022453283102373,0.8144572280423378,0.714232695211314,0.14284653904226283
orientation_error_geodesic,z_test,none,5,0.37891582668242835,0.06245713763526478,0.6953745157295919,0.6329173780943271,0.12658347561886543
orientation_error_geodesic,z_test,none,6,0.3932579542683063,0.13334596334620136,0.6531699451904112,0.5198239818442099,0.10396479636884198
orientation_error_geodesic,z_test,none,7,0.43554279558385295,0.20076292190106249,0.6703226692666434,0.4695597473655809,0.0939119494731162
orientation_error_geodesic,z_test,none,8,0.4255459573803764,0.2212787431311737,0.6298131716295793,0.4085344284984056,0.08170688569968113
orientation_error_geodesic,z_test,none,9,0.3937303290015075,0.2030963667708698,0.5843642912321453,0.38126792446127544,0.07625358489225509
orientation_error_geodesic,z_test,none,10,0.4193344745763305,0.24159477747361566,0.5970741716790455,0.35547939420542984,0.07109587884108597
orientation_error_geodesic,z_test,none,11,0.40324536542404715,0.23941036646496391,0.5670803643831305,0.32766999791816653,0.0655339995836333
orientation_error_geodesic,z_test,none,12,0.37695247371602264,0.2187629725609367,0.5351419748711088,0.31637900231017213,0.06327580046203443
orientation_error_geodesic,z_test,none,13,0.40077128321908345,0.24795282435155083,0.5535897420866162,0.3056369177350653,0.06112738354701306
orientation_error_geodesic,z_test,none,14,0.3983540298754951,0.2567923266255103,0.53991573312548,0.2831234064999697,0.05662468129999394
orientation_error_geodesic,z_test,none,15,0.38362154255819525,0.24870850505167116,0.5185345800647194,0.2698260750130482,0.053965215002609646
orientation_error_geodesic,z_test,none,16,0.3971508698170316,0.26819549882578664,0.5261062408082766,0.25791074198249,0.051582148396497995
orientation_error_geodesic,z_test,none,17,0.388334728433761,0.2659760251283282,0.5106934317391938,0.2447174066108656,0.048943481322173125
orientation_error_geodesic,z_test,none,18,0.37359995679673746,0.25467910956464845,0.4925208040288265,0.23784169446417802,0.047568338892835606
orientation_error_geodesic,z_test,none,19,0.3560771635960491,0.2384632529279323,0.47369107426416585,0.23522782133623354,0.04704556426724671
orientation_error_geodesic,z_test,none,20,0.37527434405367116,0.2575227908656365,0.4930258972417058,0.2355031063760693,0.04710062127521386
orientation_error_geodesic,z_test,none,21,0.3618469492997501,0.24679258454976016,0.47690131404974,0.23010872949997985,0.04602174589999597
orientation_error_geodesic,z_test,none,22,0.3605185042645687,0.2507875769409712,0.47024943158816623,0.21946185464719503,0.04389237092943901
orientation_error_geodesic,z_test,none,23,0.37642267790488326,0.26703569149224826,0.48580966431751826,0.21877397282527,0.043754794565054
orientation_error_geodesic,z_test,none,24,0.363672452990304,0.25600218823812654,0.47134271774248143,0.2153405295043549,0.043068105900870984
orientation_error_geodesic,z_test,none,25,0.36627071444151604,0.2628715433444131,0.469669885538619,0.2067983421942059,0.04135966843884118
orientation_error_geodesic,z_test,none,26,0.372486262437464,0.2723993936810148,0.47257313119391325,0.20017373751289846,0.040034747502579696
orientation_error_geodesic,z_test,none,27,0.3729905673993105,0.2766768610723031,0.46930427372631794,0.19262741265401484,0.03852548253080297
orientation_error_geodesic,z_test,none,28,0.3871091906231968,0.2902615049367828,0.4839568763096108,0.193695371372828,0.038739074274565605
orientation_error_geodesic,z_test,none,29,0.3817430740800326,0.2877046269822212,0.475781521177844,0.1880768941956228,0.03761537883912456
orientation_error_geodesic,z_test,none,30,0.3716401973269941,0.27865755716279195,0.46462283749119626,0.18596528032840431,0.037193056065680866
orientation_error_geodesic,sequential_t_test,none,1,0.7672067711875885,0.0,1.0,1.0,0.2
orientation_error_geodesic,sequential_t_test,none,2,0.5078095973993884,0.0,1.0,1.0,0.2
orientation_error_geodesic,sequential_t_test,none,3,0.5928660905016058,0.0,1.0,1.0,0.2
orientation_error_geodesic,sequential_t_test,none,4,0.45734088043668075,0.0,1.0,1.0,0.2
orientation_error_geodesic,sequential_t_test,none,5,0.37891582668242835,0.0,1.0,1.0,0.2
orientation_error_geodesic,sequential_t_test,none,6,0.3932579542683063,0.0,1.0,1.0,0.2
orientation_error_geodesic,sequential_t_test,none,7,0.43554279558385295,0.0,1.0,1.0,0.2
orientation_error_geodesic,sequential_t_test,none,8,0.4255459573803764,0.0,1.0,1.0,0.2
orientation_error_geodesic,sequential_t_test,none,9,0.3937303290015075,0.0,0.9313428079419428,0.9313428079419428,0.18626856158838856
orientation_error_geodesic,sequential_t_test,none,10,0.4193344745763305,0.0,0.9056752090887422,0.9056752090887422,0.18113504181774845
orientation_error_geodesic,sequential_t_test,none,11,0.40324536542404715,0.0,0.8412629175896973,0.8412629175896973,0.16825258351793948
orientation_error_geodesic,sequential_t_test,none,12,0.37695247371602264,0.0,0.7922425027734273,0.7922425027734273,0.15844850055468548
orientation_error_geodesic,sequential_t_test,none,13,0.40077128321908345,0.005383460653072769,0.7961591057850943,0.7907756451320216,0.15815512902640433
orientation_error_geodesic,sequential_t_test,none,14,0.3983540298754951,0.036394418267682194,0.7603136414833082,0.723919223215626,0.1447838446431252
orientation_error_geodesic,sequential_t_test,none,15,0.38362154255819525,0.04199348716298146,0.7252495979534092,0.6832561107904277,0.13665122215808553
orientation_error_geodesic,sequential_t_test,none,16,0.3971508698170316,0.0732259103528437,0.7210758292812196,0.647849918928376,0.1295699837856752
orientation_error_geodesic,sequential_t_test,none,17,0.388334728433761,0.08304033693894974,0.6936291199285722,0.6105887829896225,0.12211775659792451
orientation_error_geodesic,sequential_t_test,none,18,0.37359995679673746,0.07855773845799124,0.6686421751354836,0.5900844366774924,0.11801688733549849
orientation_error_geodesic,sequential_t_test,none,19,0.3560771635960491,0.06567111971965234,0.6464832074724458,0.5808120877527935,0.1161624175505587
orientation_error_geodesic,sequential_t_test,none,20,0.37527434405367116,0.08570868165772366,0.6648400064496187,0.579131324791895,0.115826264958379
orientation_error_geodesic,sequential_t_test,none,21,0.3618469492997501,0.07989337072012648,0.6438005278793737,0.5639071571592472,0.11278143143184945
orientation_error_geodesic,sequential_t_test,none,22,0.3605185042645687,0.09240620747725492,0.6286308010518825,0.5362245935746276,0.10724491871492553
orientation_error_geodesic,sequential_t_test,none,23,0.37642267790488326,0.10982766488076756,0.643017690928999,0.5331900260482314,0.10663800520964628
orientation_error_geodesic,sequential_t_test,none,24,0.363672452990304,0.10183066531699858,0.6255142406636094,0.5236835753466108,0.10473671506932217
orientation_error_geodesic,sequential_t_test,none,25,0.36627071444151604,0.11528288811781279,0.6172585407652194,0.5019756526474066,0.10039513052948133
orientation_error_geodesic,sequential_t_test,none,26,0.372486262437464,0.12992465810512016,0.6150478667698078,0.48512320866468767,0.09702464173293754
orientation_error_geodesic,sequential_t_test,none,27,0.3729905673993105,0.1398897880028928,0.6060913467957283,0.4662015587928355,0.0932403117585671
orientation_error_geodesic,sequential_t_test,none,28,0.3871091906231968,0.15298637154577177,0.6212320097006219,0.4682456381548501,0.09364912763097002
orientation_error_geodesic,sequential_t_test,none,29,0.3817430740800326,0.15463326145714704,0.6088528867029182,0.4542196252457711,0.09084392504915423
orientation_error_geodesic,sequential_t_test,none,30,0.3716401973269941,0.14726445611494737,0.5960159385390409,0.4487514824240935,0.0897502964848187
orientation_error_geodesic,vincent,Sim_756_gap_0.05,1,0.7672067711875885,0.0,1.0,1.0,0.2
orientation_error_geodesic,vincent,Sim_756_gap_0.05,2,0.5078095973993884,0.0,1.0,1.0,0.2
orientation_error_geodesic,vincent,Sim_756_gap_0.05,3,0.5928660905016058,0.0040589839996227894,0.9823325675813042,0.9782735835816814,0.19565471671633627
orientation_error_geodesic,vincent,Sim_756_gap_0.05,4,0.45734088043668075,0.019485759586272078,0.9785168437903747,0.9590310842041027,0.19180621684082055
orientation_error_geodesic,vincent,Sim_756_gap_0.05,5,0.37891582668242835,0.043953109754622965,0.969408020105977,0.9254549103513541,0.18509098207027083
orientation_error_geodesic,vincent,Sim_756_gap_0.05,6,0.3932579542683063,0.08942676517667636,0.9510668576883947,0.8616400925117184,0.1723280185023437
orientation_error_geodesic,vincent,Sim_756_gap_0.05,7,0.43554279558385295,0.1393084290212998,0.9290703162598559,0.7897618872385561,0.15795237744771123
orientation_error_geodesic,vincent,Sim_756_gap_0.05,8,0.4255459573803764,0.09781099319371056,0.9099559472818383,0.8121449540881277,0.16242899081762555
orientation_error_geodesic,vincent,Sim_756_gap_0.05,9,0.3937303290015075,0.10344841579198416,0.8922862063490009,0.7888377905570167,0.15776755811140336
orientation_error_geodesic,vincent,Sim_756_gap_0.05,10,0.4193344745763305,0.13872045933591615,0.8764640317697043,0.7377435724337882,0.14754871448675763
orientation_error_geodesic,vincent,Sim_756_gap_0.05,11,0.40324536542404715,0.12863460357847978,0.8627048882065262,0.7340702846280465,0.1468140569256093
orientation_error_geodesic,vincent,Sim_756_gap_0.05,12,0.37695247371602264,0.14696821247411773,0.8438384793453257,0.696870266871208,0.1393740533742416
orientation_error_geodesic,vincent,Sim_756_gap_0.05,13,0.40077128321908345,0.12674511119244214,0.8208845330465415,0.6941394218540994,0.1388278843708199
orientation_error_geodesic,vincent,Sim_756_gap_0.05,14,0.3983540298754951,0.1150291858117446,0.7961511922715924,0.6811220064598478,0.13622440129196955
orientation_error_geodesic,vincent,Sim_756_gap_0.05,15,0.38362154255819525,0.13726125737306005,0.7935403929867583,0.6562791356136982,0.13125582712273964
orientation_error_geodesic,vincent,Sim_756_gap_0.05,16,0.3971508698170316,0.1592114596417159,0.8106151850269607,0.6514037253852448,0.13028074507704898
orientation_error_geodesic,vincent,Sim_756_gap_0.05,17,0.388334728433761,0.1445811250113549,0.7890736801585283,0.6444925551471734,0.1288985110294347
orientation_error_geodesic,vincent,Sim_756_gap_0.05,18,0.37359995679673746,0.14830206278884916,0.7729726601626254,0.6246705973737763,0.12493411947475526
orientation_error_geodesic,vincent,Sim_756_gap_0.05,19,0.3560771635960491,0.1667728393471365,0.7847507765138213,0.6179779371666848,0.12359558743333697
orientation_error_geodesic,vincent,Sim_756_gap_0.05,20,0.37527434405367116,0.159866771032111,0.7666042581721648,0.6067374871400538,0.12134749742801076
orientation_error_geodesic,vincent,Sim_756_gap_0.05,21,0.3618469492997501,0.17653247476518186,0.7702948050955862,0.5937623303304044,0.11875246606608088
orientation_error_geodesic,vincent,Sim_756_gap_0.05,22,0.3605185042645687,0.18163963189809196,0.7605960960782989,0.578956464180207,0.11579129283604139
orientation_error_geodesic,vincent,Sim_756_gap_0.05,23,0.37642267790488326,0.16902382478484723,0.7443468772115647,0.5753230524267174,0.1150646104853435
orientation_error_geodesic,vincent,Sim_756_gap_0.05,24,0.363672452990304,0.1837794126356359,0.7541734396676415,0.5703940270320056,0.11407880540640113
orientation_error_geodesic,vincent,Sim_756_gap_0.05,25,0.36627071444151604,0.19631820719438153,0.7548388685099872,0.5585206613156056,0.11170413226312113
orientation_error_geodesic,vincent,Sim_756_gap_0.05,26,0.372486262437464,0.2071441345306526,0.7538636043944694,0.5467194698638168,0.10934389397276337
orientation_error_geodesic,vincent,Sim_756_gap_0.05,27,0.3729905673993105,0.21945058882080604,0.7555542550728618,0.5361036662520557,0.10722073325041115
orientation_error_geodesic,vincent,Sim_756_gap_0.05,28,0.3871091906231968,0.21586901239212108,0.7424900430612419,0.5266210306691208,0.10532420613382416
orientation_error_geodesic,vincent,Sim_756_gap_0.05,29,0.3817430740800326,0.22747275436076952,0.7528743006266381,0.5254015462658685,0.10508030925317371
orientation_error_geodesic,vincent,Sim_756_gap_0.05,30,0.3716401973269941,0.2159166652905169,0.7400898818660195,0.5241732165755026,0.10483464331510053
orientation_error_geodesic,vincent,Sim_756_gap_0.1,1,0.7672067711875885,0.0,1.0,1.0,0.2
orientation_error_geodesic,vincent,Sim_756_gap_0.1,2,0.5078095973993884,0.0,1.0,1.0,0.2
orientation_error_geodesic,vincent,Sim_756_gap_0.1,3,0.5928660905016058,0.0028356594833399695,0.9876572998836659,0.9848216404003259,0.1969643280800652
orientation_error_geodesic,vincent,Sim_756_gap_0.1,4,0.45734088043668075,0.00540585249502723,0.9829849869071069,0.9775791344120797,0.19551582688241595
orientation_error_geodesic,vincent,Sim_756_gap_0.1,5,0.37891582668242835,0.030261223882804056,0.9747327524083388,0.9444715285255347,0.18889430570510696
orientation_error_geodesic,vincent,Sim_756_gap_0.1,6,0.3932579542683063,0.0575183626624145,0.9658113604248391,0.9082929977624246,0.18165859955248492
orientation_error_geodesic,vincent,Sim_756_gap_0.1,7,0.43554279558385295,0.10705172992785505,0.9440097189255052,0.8369579889976502,0.16739159779953006
orientation_error_geodesic,vincent,Sim_756_gap_0.1,8,0.4255459573803764,0.0659025906794487,0.9259013939117104,0.8599988032322617,0.17199976064645237
orientation_error_geodesic,vincent,Sim_756_gap_0.1,9,0.3937303290015075,0.0715400132777223,0.910377803834739,0.8388377905570167,0.16776755811140334
orientation_error_geodesic,vincent,Sim_756_gap_0.1,10,0.4193344745763305,0.10709040233504585,0.8947495455365811,0.7876591432015353,0.15753182864030707
orientation_error_geodesic,vincent,Sim_756_gap_0.1,11,0.40324536542404715,0.09719846285874789,0.8812687474867944,0.7840702846280465,0.15681405692560932
orientation_error_geodesic,vincent,Sim_756_gap_0.1,12,0.37695247371602264,0.11553207175438596,0.8685384793453258,0.7530064075909398,0.15060128151818797
orientation_error_geodesic,vincent,Sim_756_gap_0.1,13,0.40077128321908345,0.09716590497527355,0.851750817938492,0.7545849129632185,0.15091698259264372
orientation_error_geodesic,vincent,Sim_756_gap_0.1,14,0.3983540298754951,0.08781427659361629,0.830556487626859,0.7427422110332427,0.14854844220664853
orientation_error_geodesic,vincent,Sim_756_gap_0.1,15,0.38362154255819525,0.10767550367504564,0.8270824982499161,0.7194069945748705,0.1438813989149741
orientation_error_geodesic,vincent,Sim_756_gap_0.1,16,0.3971508698170316,0.12785027361989743,0.8437991180152702,0.7159488443953728,0.14318976887907456
orientation_error_geodesic,vincent,Sim_756_gap_0.1,17,0.388334728433761,0.11379718258529581,0.8244068705324465,0.7106096879471507,0.14212193758943015
orientation_error_geodesic,vincent,Sim_756_gap_0.1,18,0.37359995679673746,0.1180212559195355,0.807553749817109,0.6895324938975735,0.13790649877951472
orientation_error_geodesic,vincent,Sim_756_gap_0.1,19,0.3560771635960491,0.13527198745818303,0.8186718911946496,0.6833999037364665,0.13667998074729332
orientation_error_geodesic,vincent,Sim_756_gap_0.1,20,0.37527434405367116,0.12856684584813927,0.802708753611367,0.6741419077632277,0.13482838155264554
orientation_error_geodesic,vincent,Sim_756_gap_0.1,21,0.3618469492997501,0.14476962018637474,0.8057504537386977,0.660980833552323,0.1321961667104646
orientation_error_geodesic,vincent,Sim_756_gap_0.1,22,0.3605185042645687,0.1499759729421406,0.7954707619373527,0.6454947889952121,0.12909895779904243
orientation_error_geodesic,vincent,Sim_756_gap_0.1,23,0.37642267790488326,0.1374493836609758,0.7818394703132864,0.6443900866523106,0.1288780173304621
orientation_error_geodesic,vincent,Sim_756_gap_0.1,24,0.363672452990304,0.15162964449054916,0.7908530968673211,0.6392234523767719,0.12784469047535438
orientation_error_geodesic,vincent,Sim_756_gap_0.1,25,0.36627071444151604,0.16451956118447386,0.7905041454077288,0.625984584223255,0.125196916844651
orientation_error_geodesic,vincent,Sim_756_gap_0.1,26,0.372486262437464,0.17542644808712327,0.789054705991765,0.6136282579046417,0.12272565158092835
orientation_error_geodesic,vincent,Sim_756_gap_0.1,27,0.3729905673993105,0.18689983248530795,0.7903115551468012,0.6034117226614932,0.12068234453229865
orientation_error_geodesic,vincent,Sim_756_gap_0.1,28,0.3871091906231968,0.18352865652476713,0.7793133028823167,0.5957846463575496,0.11915692927150992
orientation_error_geodesic,vincent,Sim_756_gap_0.1,29,0.3817430740800326,0.19420609977692393,0.7890592369925664,0.5948531372156425,0.1189706274431285
orientation_error_geodesic,vincent,Sim_756_gap_0.1,30,0.3716401973269941,0.18294570991543824,0.7777259585876894,0.5947802486722512,0.11895604973445024
orientation_error_geodesic,vincent,Sim_756_gap_0.2,1,0.7672067711875885,0.0,1.0,1.0,0.2
orientation_error_geodesic,vincent,Sim_756_gap_0.2,2,0.5078095973993884,0.0,1.0,1.0,0.2
orientation_error_geodesic,vincent,Sim_756_gap_0.2,3,0.5928660905016058,0.0003890104507742187,0.9983067644883894,0.9979177540376152,0.19958355080752305
orientation_error_geodesic,vincent,Sim_756_gap_0.2,4,0.45734088043668075,0.0029592034624615904,0.9906858565407334,0.9877266530782718,0.19754533061565438
orientation_error_geodesic,vincent,Sim_756_gap_0.2,5,0.37891582668242835,0.00471318892856909,0.9851651573174347,0.9804519683888656,0.19609039367777314
orientation_error_geodesic,vincent,Sim_756_gap_0.2,6,0.3932579542683063,0.025681000684842248,0.9787637789056836,0.9530827782208413,0.19061655564416827
orientation_error_geodesic,vincent,Sim_756_gap_0.2,7,0.43554279558385295,0.04323492489933123,0.9734987243983941,0.9302637994990629,0.1860527598998126
orientation_error_geodesic,vincent,Sim_756_gap_0.2,8,0.4255459573803764,0.022182755292125877,0.9564673723460392,0.9342846170539133,0.18685692341078267
orientation_error_geodesic,vincent,Sim_756_gap_0.2,9,0.3937303290015075,0.03774198426405362,0.9423912444677536,0.9046492602037,0.18092985204074
orientation_error_geodesic,vincent,Sim_756_gap_0.2,10,0.4193344745763305,0.053046121839335325,0.9296678245891531,0.8766217027498178,0.17532434054996357
orientation_error_geodesic,vincent,Sim_756_gap_0.2,11,0.40324536542404715,0.05350686448009434,0.9177917020574111,0.8642848375773168,0.17285696751546337
orientation_error_geodesic,vincent,Sim_756_gap_0.2,12,0.37695247371602264,0.06549794035913625,0.9065594950881082,0.8410615547289719,0.1682123109457944
orientation_error_geodesic,vincent,Sim_756_gap_0.2,13,0.40077128321908345,0.05332269700640002,0.8964618184883604,0.8431391214819604,0.1686278242963921
orientation_error_geodesic,vincent,Sim_756_gap_0.2,14,0.3983540298754951,0.048349652193950154,0.8865053225528408,0.8381556703588906,0.16763113407177813
orientation_error_geodesic,vincent,Sim_756_gap_0.2,15,0.38362154255819525,0.058767654961879634,0.8778279146731778,0.8190602597112981,0.16381205194225965
orientation_error_geodesic,vincent,Sim_756_gap_0.2,16,0.3971508698170316,0.07206668700260366,0.8898111972365349,0.8177445102339312,0.16354890204678627
orientation_error_geodesic,vincent,Sim_756_gap_0.2,17,0.388334728433761,0.05966570136841709,0.8810928068822121,0.821427105513795,0.164285421102759
orientation_error_geodesic,vincent,Sim_756_gap_0.2,18,0.37359995679673746,0.06857130821272373,0.8701985581451724,0.8016272499324487,0.16032544998648976
orientation_error_geodesic,vincent,Sim_756_gap_0.2,19,0.3560771635960491,0.07899691485700377,0.8782192937438826,0.7992223788868789,0.1598444757773758
orientation_error_geodesic,vincent,Sim_756_gap_0.2,20,0.37527434405367116,0.07458895767634999,0.8683468767721255,0.7937579190957755,0.1587515838191551
orientation_error_geodesic,vincent,Sim_756_gap_0.2,21,0.3618469492997501,0.0861351241017172,0.8685101676490403,0.7823750435473231,0.15647500870946462
orientation_error_geodesic,vincent,Sim_756_gap_0.2,22,0.3605185042645687,0.09308149892455841,0.8588531688135624,0.765771669889004,0.15315433397780082
orientation_error_geodesic,vincent,Sim_756_gap_0.2,23,0.37642267790488326,0.08257766724268534,0.8482624925396319,0.7656848252969466,0.15313696505938934
orientation_error_geodesic,vincent,Sim_756_gap_0.2,24,0.363672452990304,0.09261733801808125,0.8556671948708185,0.7630498568527373,0.15260997137054746
orientation_error_geodesic,vincent,Sim_756_gap_0.2,25,0.36627071444151604,0.10304606149001105,0.8542611635558442,0.7512151020658332,0.15024302041316664
orientation_error_geodesic,vincent,Sim_756_gap_0.2,26,0.372486262437464,0.11422886962971712,0.8514038590847852,0.7371749894550681,0.14743499789101364
orientation_error_geodesic,vincent,Sim_756_gap_0.2,27,0.3729905673993105,0.12471602100396117,0.850662125689238,0.7259461046852769,0.14518922093705539
orientation_error_geodesic,vincent,Sim_756_gap_0.2,28,0.3871091906231968,0.12178838529612779,0.8434661719580627,0.7216777866619349,0.14433555733238698
orientation_error_geodesic,vincent,Sim_756_gap_0.2,29,0.3817430740800326,0.13140480796282805,0.8519676533062355,0.7205628453434074,0.1441125690686815
orientation_error_geodesic,vincent,Sim_756_gap_0.2,30,0.3716401973269941,0.1205726209386404,0.8440709053088814,0.723498284370241,0.1446996568740482
orientation_error_geodesic,vincent,Sim_10080_gap_0.05,1,0.7672067711875885,0.0,1.0,1.0,0.2
orientation_error_geodesic,vincent,Sim_10080_gap_0.05,2,0.5078095973993884,0.0,1.0,1.0,0.2
orientation_error_geodesic,vincent,Sim_10080_gap_0.05,3,0.5928660905016058,0.15052187837027808,0.999994816290976,0.8494729379206979,0.16989458758413958
orientation_error_geodesic,vincent,Sim_10080_gap_0.05,4,0.45734088043668075,0.07604761703787943,0.9997222911343284,0.923674674096449,0.18473493481928982
orientation_error_geodesic,vincent,Sim_10080_gap_0.05,5,0.37891582668242835,0.0325445434951106,0.9981560821983171,0.9656115387032065,0.19312230774064132
orientation_error_geodesic,vincent,Sim_10080_gap_0.05,6,0.3932579542683063,0.014201036806408274,0.9920797879502674,0.9778787511438591,0.19557575022877183
orientation_error_geodesic,vincent,Sim_10080_gap_0.05,7,0.43554279558385295,0.023106154239291188,0.9786500579797865,0.9555439037404954,0.1911087807480991
orientation_error_geodesic,vincent,Sim_10080_gap_0.05,8,0.4255459573803764,0.03794900743532148,0.9135988286042676,0.8756498211689461,0.17512996423378924
orientation_error_geodesic,vincent,Sim_10080_gap_0.05,9,0.3937303290015075,0.03627103297698453,0.8604354753441841,0.8241644423671995,0.1648328884734399
orientation_error_geodesic,vincent,Sim_10080_gap_0.05,10,0.4193344745763305,0.0480262452638629,0.8804034484822658,0.8323772032184029,0.16647544064368058
orientation_error_geodesic,vincent,Sim_10080_gap_0.05,11,0.40324536542404715,0.045644849637362706,0.8377020605731555,0.7920572109357928,0.15841144218715858
orientation_error_geodesic,vincent,Sim_10080_gap_0.05,12,0.37695247371602264,0.05598652300958207,0.8435514949623576,0.7875649719527755,0.1575129943905551
orientation_error_geodesic,vincent,Sim_10080_gap_0.05,13,0.40077128321908345,0.07913923709811443,0.8422698269512437,0.7631305898531293,0.15262611797062586
orientation_error_geodesic,vincent,Sim_10080_gap_0.05,14,0.3983540298754951,0.10930946370114825,0.8614492941735683,0.7521398304724201,0.15042796609448403
orientation_error_geodesic,vincent,Sim_10080_gap_0.05,15,0.38362154255819525,0.09479255142215981,0.8297395077827014,0.7349469563605416,0.14698939127210833
orientation_error_geodesic,vincent,Sim_10080_gap_0.05,16,0.3971508698170316,0.12325907427668747,0.8514496309830535,0.728190556706366,0.14563811134127322
orientation_error_geodesic,vincent,Sim_10080_gap_0.05,17,0.388334728433761,0.15305178319656942,0.8654520654874218,0.7124002822908524,0.1424800564581705
orientation_error_geodesic,vincent,Sim_10080_gap_0.05,18,0.37359995679673746,0.1819097170693178,0.8748507701994317,0.6929410531301139,0.13858821062602278
orientation_error_geodesic,vincent,Sim_10080_gap_0.05,19,0.3560771635960491,0.19834792372811438,0.8729986624946752,0.6746507387665608,0.13493014775331216
orientation_error_geodesic,vincent,Sim_10080_gap_0.05,20,0.37527434405367116,0.2143452558632628,0.8720287962035574,0.6576835403402946,0.13153670806805892
orientation_error_geodesic,vincent,Sim_10080_gap_0.05,21,0.3618469492997501,0.2131554562246195,0.8549173204810332,0.6417618642564137,0.12835237285128273
orientation_error_geodesic,vincent,Sim_10080_gap_0.05,22,0.3605185042645687,0.19672354273982795,0.8327398675308766,0.6360163247910486,0.12720326495820974
orientation_error_geodesic,vincent,Sim_10080_gap_0.05,23,0.37642267790488326,0.18107448864287745,0.8112805692586531,0.6302060806157757,0.12604121612315514
orientation_error_geodesic,vincent,Sim_10080_gap_0.05,24,0.363672452990304,0.17344502795904482,0.7908263085467502,0.6173812805877054,0.12347625611754108
orientation_error_geodesic,vincent,Sim_10080_gap_0.05,25,0.36627071444151604,0.16879703680736746,0.7739468621512671,0.6051498253438996,0.12102996506877993
orientation_error_geodesic,vincent,Sim_10080_gap_0.05,26,0.372486262437464,0.18859381788879603,0.7875460165320441,0.5989521986432481,0.11979043972864963
orientation_error_geodesic,vincent,Sim_10080_gap_0.05,27,0.3729905673993105,0.20349013740226485,0.7916207876729995,0.5881306502707346,0.11762613005414693
orientation_error_geodesic,vincent,Sim_10080_gap_0.05,28,0.3871091906231968,0.20639667361566905,0.7843329301579276,0.5779362565422586,0.11558725130845171
orientation_error_geodesic,vincent,Sim_10080_gap_0.05,29,0.3817430740800326,0.20646689798621498,0.7747785157008943,0.5683116177146793,0.11366232354293587
orientation_error_geodesic,vincent,Sim_10080_gap_0.05,30,0.3716401973269941,0.2077888361524376,0.7669952052985041,0.5592063691460665,0.1118412738292133
orientation_error_geodesic,vincent,Sim_10080_gap_0.1,1,0.7672067711875885,0.0,1.0,1.0,0.2
orientation_error_geodesic,vincent,Sim_10080_gap_0.1,2,0.5078095973993884,0.0,1.0,1.0,0.2
orientation_error_geodesic,vincent,Sim_10080_gap_0.1,3,0.5928660905016058,0.10515655934846935,0.9999963785928562,0.8948398192443868,0.17896796384887736
orientation_error_geodesic,vincent,Sim_10080_gap_0.1,4,0.45734088043668075,0.05041198765006227,0.9999930962116718,0.9495811085616095,0.18991622171232192
orientation_error_geodesic,vincent,Sim_10080_gap_0.1,5,0.37891582668242835,0.02113649629744896,0.9988002519362952,0.9776637556388462,0.19553275112776924
orientation_error_geodesic,vincent,Sim_10080_gap_0.1,6,0.3932579542683063,0.002792989608746521,0.9967144689284586,0.9939214793197121,0.19878429586394242
orientation_error_geodesic,vincent,Sim_10080_gap_0.1,7,0.43554279558385295,0.015023874552089644,0.9887956291092515,0.9737717545571618,0.19475435091143237
orientation_error_geodesic,vincent,Sim_10080_gap_0.1,8,0.4255459573803764,0.027746886864619014,0.9521907814066057,0.9244438945419867,0.18488877890839736
orientation_error_geodesic,vincent,Sim_10080_gap_0.1,9,0.3937303290015075,0.026068912406281952,0.9002333547734813,0.8741644423671994,0.1748328884734399
orientation_error_geodesic,vincent,Sim_10080_gap_0.1,10,0.4193344745763305,0.037328956950322456,0.919490569027442,0.8821616120771195,0.17643232241542392
orientation_error_geodesic,vincent,Sim_10080_gap_0.1,11,0.40324536542404715,0.03544272906666013,0.877499940002453,0.8420572109357929,0.1684114421871586
orientation_error_geodesic,vincent,Sim_10080_gap_0.1,12,0.37695247371602264,0.044578475811920315,0.8833493743916551,0.8387708985797347,0.16775417971594697
orientation_error_geodesic,vincent,Sim_10080_gap_0.1,13,0.40077128321908345,0.05357355060926783,0.8817027657992473,0.8281292151899795,0.1656258430379959
orientation_error_geodesic,vincent,Sim_10080_gap_0.1,14,0.3983540298754951,0.07643784972552714,0.900417581241991,0.8239797315164639,0.16479594630329278
orientation_error_geodesic,vincent,Sim_10080_gap_0.1,15,0.38362154255819525,0.06308324680872535,0.8695373872119989,0.8064541404032736,0.16129082808065473
orientation_error_geodesic,vincent,Sim_10080_gap_0.1,16,0.3971508698170316,0.08797613291312367,0.8911986612445992,0.8032225283314756,0.16064450566629512
orientation_error_geodesic,vincent,Sim_10080_gap_0.1,17,0.388334728433761,0.11320760449948963,0.9048248969245066,0.791617292425017,0.1583234584850034
orientation_error_geodesic,vincent,Sim_10080_gap_0.1,18,0.37359995679673746,0.139275777652639,0.9138957001987479,0.7746199225461089,0.1549239845092218
orientation_error_geodesic,vincent,Sim_10080_gap_0.1,19,0.3560771635960491,0.1559611510296819,0.9117558561082112,0.7557947050785293,0.15115894101570587
orientation_error_geodesic,vincent,Sim_10080_gap_0.1,20,0.37527434405367116,0.17260181618717318,0.9091262796743266,0.7365244634871534,0.1473048926974307
orientation_error_geodesic,vincent,Sim_10080_gap_0.1,21,0.3618469492997501,0.17300973638292128,0.8915034274857108,0.7184936911027895,0.1436987382205579
orientation_error_geodesic,vincent,Sim_10080_gap_0.1,22,0.3605185042645687,0.1580084344432916,0.8719127911048374,0.7139043566615458,0.14278087133230918
orientation_error_geodesic,vincent,Sim_10080_gap_0.1,23,0.37642267790488326,0.143646090958499,0.85188791812447,0.708241827165971,0.1416483654331942
orientation_error_geodesic,vincent,Sim_10080_gap_0.1,24,0.363672452990304,0.13721307652177894,0.8328567636419014,0.6956436871201225,0.1391287374240245
orientation_error_geodesic,vincent,Sim_10080_gap_0.1,25,0.36627071444151604,0.1335434035376365,0.815489961081921,0.6819465575442845,0.1363893115088569
orientation_error_geodesic,vincent,Sim_10080_gap_0.1,26,0.372486262437464,0.1490995184822086,0.8286993495257757,0.6795998310435671,0.13591996620871344
orientation_error_geodesic,vincent,Sim_10080_gap_0.1,27,0.3729905673993105,0.16405990942092763,0.8324175414500785,0.6683576320291509,0.1336715264058302
orientation_error_geodesic,vincent,Sim_10080_gap_0.1,28,0.3871091906231968,0.16768884206184742,0.8248025065703792,0.6571136645085318,0.13142273290170636
orientation_error_geodesic,vincent,Sim_10080_gap_0.1,29,0.3817430740800326,0.16868752943079812,0.8149040126832202,0.6462164832524221,0.12924329665048442
orientation_error_geodesic,vincent,Sim_10080_gap_0.1,30,0.3716401973269941,0.1708823981223162,0.8068006311542231,0.6359182330319069,0.12718364660638137
orientation_error_geodesic,vincent,Sim_10080_gap_0.2,1,0.7672067711875885,0.0,1.0,1.0,0.2
orientation_error_geodesic,vincent,Sim_10080_gap_0.2,2,0.5078095973993884,0.0,1.0,1.0,0.2
orientation_error_geodesic,vincent,Sim_10080_gap_0.2,3,0.5928660905016058,0.014425921304851652,0.9999995031966166,0.9855735818917649,0.19711471637835298
orientation_error_geodesic,vincent,Sim_10080_gap_0.2,4,0.45734088043668075,0.027595893254738657,0.9999962208154322,0.9724003275606935,0.1944800655121387
orientation_error_geodesic,vincent,Sim_10080_gap_0.2,5,0.37891582668242835,0.0,0.9999939808089948,0.9999939808089948,0.19999879616179897
orientation_error_geodesic,vincent,Sim_10080_gap_0.2,6,0.3932579542683063,1.8650030885192237e-06,0.9989784121510944,0.9989765471480059,0.1997953094296012
orientation_error_geodesic,vincent,Sim_10080_gap_0.2,7,0.43554279558385295,0.0001479106573922806,0.9980649910656336,0.9979170804082413,0.19958341608164828
orientation_error_geodesic,vincent,Sim_10080_gap_0.2,8,0.4255459573803764,0.01039212060844985,0.9919120768787902,0.9815199562703404,0.19630399125406808
orientation_error_geodesic,vincent,Sim_10080_gap_0.2,9,0.3937303290015075,0.01103511341498753,0.9774861200019287,0.9664510065869412,0.19329020131738825
orientation_error_geodesic,vincent,Sim_10080_gap_0.2,10,0.4193344745763305,0.018553866405289443,0.9784996396396431,0.9599457732343537,0.19198915464687075
orientation_error_geodesic,vincent,Sim_10080_gap_0.2,11,0.40324536542404715,0.0185781591879155,0.9555514261569729,0.9369732669690574,0.18739465339381148
orientation_error_geodesic,vincent,Sim_10080_gap_0.2,12,0.37695247371602264,0.024464384782290738,0.956536461077075,0.9320720762947843,0.18641441525895686
orientation_error_geodesic,vincent,Sim_10080_gap_0.2,13,0.40077128321908345,0.03167897831537325,0.9433732421643639,0.9116942638489907,0.18233885276979814
orientation_error_geodesic,vincent,Sim_10080_gap_0.2,14,0.3983540298754951,0.038585790517647434,0.952034936827678,0.9134491463100306,0.18268982926200614
orientation_error_geodesic,vincent,Sim_10080_gap_0.2,15,0.38362154255819525,0.03418606754054998,0.9400721571636516,0.9058860896231016,0.18117721792462033
orientation_error_geodesic,vincent,Sim_10080_gap_0.2,16,0.3971508698170316,0.04060582153062553,0.9523342690049049,0.9117284474742794,0.18234568949485588
orientation_error_geodesic,vincent,Sim_10080_gap_0.2,17,0.388334728433761,0.04671998353779161,0.9581346193504893,0.9114146358126977,0.18228292716253955
orientation_error_geodesic,vincent,Sim_10080_gap_0.2,18,0.37359995679673746,0.06659079717969141,0.9588606450842123,0.8922698479045209,0.1784539695809042
orientation_error_geodesic,vincent,Sim_10080_gap_0.2,19,0.3560771635960491,0.0851083627640552,0.9506719679966946,0.8655636052326394,0.1731127210465279
orientation_error_geodesic,vincent,Sim_10080_gap_0.2,20,0.37527434405367116,0.102636407436283,0.9434904339461954,0.8408540265099124,0.16817080530198247
orientation_error_geodesic,vincent,Sim_10080_gap_0.2,21,0.3618469492997501,0.10357613842665847,0.9361630903158602,0.8325869518892017,0.16651739037784036
orientation_error_geodesic,vincent,Sim_10080_gap_0.2,22,0.3605185042645687,0.08905276618525693,0.9289679670550662,0.8399152008698093,0.16798304017396187
orientation_error_geodesic,vincent,Sim_10080_gap_0.2,23,0.37642267790488326,0.07531878408933346,0.9216093917331509,0.8462906076438175,0.16925812152876352
orientation_error_geodesic,vincent,Sim_10080_gap_0.2,24,0.363672452990304,0.06980102271126498,0.9085334226611674,0.8387323999499025,0.1677464799899805
orientation_error_geodesic,vincent,Sim_10080_gap_0.2,25,0.36627071444151604,0.06685072448999274,0.8940892349706413,0.8272385104806486,0.16544770209612972
orientation_error_geodesic,vincent,Sim_10080_gap_0.2,26,0.372486262437464,0.08051279073062056,0.9064009371037616,0.825888146373141,0.1651776292746282
orientation_error_geodesic,vincent,Sim_10080_gap_0.2,27,0.3729905673993105,0.09402767518243205,0.908292608339401,0.8142649331569689,0.1628529866313938
orientation_error_geodesic,vincent,Sim_10080_gap_0.2,28,0.3871091906231968,0.0983261906076669,0.8989948593662289,0.800668668758562,0.16013373375171241
orientation_error_geodesic,vincent,Sim_10080_gap_0.2,29,0.3817430740800326,0.09983560140715364,0.8875910882052269,0.7877554867980733,0.15755109735961467
orientation_error_geodesic,vincent,Sim_10080_gap_0.2,30,0.3716401973269941,0.1027703260525461,0.878090267375203,0.7753199413226569,0.15506398826453138
