t,err_weighted
0.000000,0.495935
0.020072,0.585692
0.040040,0.399880
0.060467,0.324355
0.079930,0.455133
0.100631,0.635242
0.120323,0.727819
0.140803,0.640906
0.160208,0.563579
0.180656,0.421536
0.200016,0.244758
0.220388,0.156475
0.240118,0.118860
0.260501,0.115797
0.280170,0.135056
0.300091,0.276631
0.320253,0.316614
0.340091,0.250073
0.360746,0.156552
0.380274,0.139858
0.400584,0.115540
0.419973,0.081603
0.440116,0.050968
0.460183,0.028270
0.480026,0.018470
0.500439,0.018543
0.520573,0.021070
0.540287,0.032033
0.560213,0.044304
0.580427,0.062246
0.600034,0.125190
0.620161,0.169009
0.640236,0.210910
0.660245,0.350950
0.680166,0.325125
0.700080,0.219521
0.720107,0.210441
0.740308,0.228077
0.760008,0.235784
0.780168,0.211874
0.800160,0.183614
0.820041,0.176977
0.840599,0.179190
0.860393,0.174474
0.880086,0.148300
0.900095,0.107015
0.920022,0.249829
0.940037,0.336414
0.960265,0.340631
0.980103,0.278288
1.000209,0.240282
1.020336,0.216232
1.040039,0.170994
1.060575,0.117544
1.080365,0.091315
1.100270,0.071849
1.120044,0.045915
1.140289,0.069420
1.160170,0.079045
1.180254,0.091380
1.200524,0.095069
1.220134,0.144155
1.240535,0.297920
1.260196,0.416264
1.280350,0.433129
1.300070,0.366264
1.320110,0.264104
1.340239,0.220984
1.360478,0.165184
1.380715,0.119897
1.400188,0.100330
1.420344,0.088904
1.440081,0.077122
1.460340,0.068296
1.480141,0.065710
1.500378,0.062510
1.520435,0.084533
1.540356,0.195963
1.560504,0.181361
1.580239,0.190896
1.600348,0.250256
1.620160,0.181285
1.640321,0.187051
1.660673,0.192277
1.680182,0.183504
1.699968,0.148528
1.720074,0.108047
1.740374,0.092154
1.760148,0.091662
1.780396,0.085687
1.800295,0.086552
1.820616,0.077904
1.840439,0.063590
1.860303,0.254842
1.880315,0.199993
1.900293,0.355619
1.920369,0.417914
1.940290,0.313339
1.960044,0.251665
1.980201,0.232305
2.000136,0.200959
2.020501,0.156339
2.040424,0.138789
2.060049,0.134769
2.080132,0.124517
2.099978,0.112949
2.120101,0.094188
2.139922,0.085442
2.160170,0.065239
2.180190,0.294799
2.200455,0.360517
2.220519,0.346323
2.240008,0.251238
2.259924,0.220171
2.280043,0.215044
2.301007,0.165559
2.320464,0.111253
2.340244,0.084347
2.360352,0.065251
2.380179,0.046366
2.399990,0.030655
2.420336,0.052845
2.440026,0.071146
2.460007,0.084731
2.480474,0.114739
2.499966,0.241222
2.519982,0.232030
2.540110,0.408041
2.560058,0.384208
2.580051,0.233738
2.600411,0.196125
2.620112,0.207180
2.639959,0.189200
2.660066,0.148498
2.680136,0.121222
2.700063,0.123992
2.720040,0.131482
2.740324,0.133433
2.760375,0.135030
2.780174,0.118831
2.800034,0.099552
2.819977,0.197463
2.840067,0.185934
2.860229,0.310510
2.880677,0.254932
2.900780,0.196765
2.920581,0.197404
2.939831,0.187686
2.960686,0.155309
2.979816,0.112330
3.000300,0.087814
3.020016,0.077488
3.040467,0.061232
3.060790,0.053116
3.080660,0.045250
3.100668,0.059084
3.119786,0.099293
3.139949,0.296246
3.160528,0.363466
3.180401,0.440000
3.200108,0.378511
3.220397,0.257208
3.240686,0.214017
3.259952,0.178414
3.279978,0.131523
3.300453,0.110126
3.320555,0.104432
3.340559,0.101955
3.359796,0.098289
3.379805,0.096639
3.399913,0.083928
3.420245,0.087545
3.440520,0.259947
3.460966,0.172766
3.480550,0.248086
3.500456,0.292204
3.520131,0.211624
3.540071,0.207004
3.560187,0.205514
3.580529,0.184597
3.600669,0.139971
3.620397,0.104190
3.640605,0.092195
3.660692,0.081399
3.679812,0.067120
3.699816,0.056057
3.720390,0.049324
3.740255,0.071005
3.760370,0.167547
3.780417,0.246672
3.800387,0.384260
3.820035,0.432356
3.840144,0.304907
3.860185,0.234955
3.880590,0.217943
3.900647,0.190605
3.920599,0.143800
3.940929,0.115623
3.960183,0.109907
3.980261,0.112326
4.000590,0.110715
4.020076,0.111848
4.040275,0.098945
4.060561,0.096411
4.080367,0.183047
4.100181,0.183215
4.120346,0.276064
4.140561,0.306099
4.160558,0.214519
4.180447,0.201405
4.200576,0.198628
4.220411,0.172639
4.239825,0.127791
4.259868,0.096543
4.280125,0.085973
4.300615,0.073557
4.320518,0.059679
4.340495,0.048683
4.360511,0.046955
4.379747,0.067453
4.400317,0.156006
4.420543,0.219847
4.440872,0.313056
4.460852,0.427366
4.480640,0.343565
4.500489,0.236440
4.519973,0.208879
4.539817,0.192420
4.560301,0.149569
4.580489,0.119271
4.601695,0.113766
4.620664,0.118736
4.640774,0.115707
4.660774,0.116296
4.680018,0.104583
4.700245,0.099426
4.720478,0.176615
4.740620,0.165028
4.761152,0.258119
4.780371,0.314309
4.799856,0.220579
4.820089,0.204421
4.841103,0.203018
4.860283,0.178393
4.880669,0.134250
4.900426,0.100067
4.920757,0.088488
4.940906,0.076204
4.959865,0.061674
4.980328,0.050465
5.000761,0.047496
5.019931,0.069116
5.040521,0.162449
5.060435,0.234516
5.080660,0.359018
5.099850,0.433689
5.120323,0.326565
5.140445,0.242189
5.160406,0.218698
5.180515,0.192423
5.199907,0.145294
5.220414,0.116433
5.240249,0.113397
5.260682,0.115435
5.280380,0.113196
5.300656,0.113700
5.320791,0.100860
5.340576,0.097474
5.360368,0.183207
5.379911,0.179821
5.400129,0.265251
5.420724,0.308432
5.440561,0.215664
5.460564,0.202770
5.480631,0.201169
5.500529,0.174724
5.519857,0.131031
5.540055,0.097539
5.560489,0.087070
5.580554,0.076415
5.600819,0.063303
5.620742,0.053305
5.640776,0.046135
5.660082,0.062167
5.680388,0.154322
5.699942,0.223476
5.720380,0.324145
5.740563,0.429036
5.760551,0.340862
5.780864,0.237553
5.799873,0.210678
5.820411,0.191483
5.840521,0.147356
5.860321,0.117641
5.880488,0.114883
5.900585,0.117829
5.920708,0.116056
5.940336,0.116505
5.960637,0.103798
5.980907,0.100448
6.000570,0.184827
6.021313,0.181364
6.040634,0.272187
6.060457,0.312636
6.080062,0.218590
6.100399,0.204535
6.120891,0.202429
6.140839,0.173479
6.160619,0.129069
6.180433,0.097123
6.200180,0.086800
6.220139,0.075184
6.240185,0.061927
6.261101,0.051743
6.280589,0.049424
6.300464,0.066867
6.320877,0.156915
6.340353,0.228295
6.359917,0.330639
6.379861,0.432002
6.400278,0.337751
6.420567,0.237203
6.440686,0.211422
6.460558,0.190903
6.480513,0.146183
6.500171,0.116082
6.520465,0.114442
6.540054,0.117446
6.559853,0.115977
6.580363,0.116831
6.600594,0.104539
6.620717,0.104266
6.640260,0.183507
6.660635,0.180058
6.681307,0.269239
6.700059,0.312016
6.720350,0.218087
6.740095,0.204304
6.760537,0.202486
6.779822,0.173697
6.800322,0.129999
6.820526,0.097565
6.840573,0.087521
6.860737,0.076653
6.880795,0.063774
6.900091,0.053980
6.919791,0.050366
6.940109,0.068044
6.960666,0.159968
6.980663,0.231487
7.000817,0.353195
7.020740,0.436508
7.040259,0.337896
7.059813,0.239348
7.079914,0.212977
7.100512,0.190489
7.120534,0.144764
7.140678,0.115018
7.160828,0.114692
7.180519,0.117189
7.199979,0.115286
7.219957,0.115879
7.240419,0.103204
7.260738,0.100303
7.280463,0.187040
7.300528,0.185563
7.320557,0.272765
7.340552,0.310799
7.359787,0.217270
7.379982,0.204225
7.400402,0.202235
7.420885,0.172754
7.441242,0.128199
7.460794,0.096425
7.480721,0.086927
7.499863,0.076534
7.520315,0.064278
7.539870,0.054993
7.560345,0.050652
7.580525,0.067512
7.600640,0.159824
7.620499,0.227854
7.640113,0.330820
7.659968,0.433926
7.680340,0.338677
7.699937,0.237600
7.720060,0.210878
7.740645,0.190736
7.760639,0.146077
7.779807,0.115458
7.800209,0.115754
7.820266,0.118993
7.839846,0.117602
7.859897,0.118462
7.880604,0.105949
7.899797,0.102027
7.920360,0.185400
7.939932,0.184404
7.960465,0.274637
7.980864,0.313075
8.000802,0.218661
8.020708,0.204873
8.039793,0.202725
8.060045,0.172690
8.080392,0.127480
8.100634,0.096296
8.120462,0.086892
8.140974,0.076250
8.160793,0.064065
8.180647,0.054822
8.199782,0.053041
8.219870,0.071661
8.240434,0.164835
8.260566,0.232758
8.280499,0.356660
8.300817,0.439422
8.320597,0.330259
8.339823,0.242796
8.360308,0.217295
8.380216,0.193248
8.400464,0.146437
8.419820,0.115555
8.440323,0.117423
8.460896,0.120140
8.479818,0.118248
8.500276,0.118851
8.520533,0.105872
8.540691,0.101957
8.559981,0.184690
8.580481,0.185440
8.600586,0.272490
8.619851,0.312213
8.640540,0.217561
8.661004,0.204276
8.680711,0.202385
8.700114,0.173570
8.720823,0.127169
8.740380,0.095516
8.759795,0.086407
8.780357,0.076588
8.800477,0.064965
8.820591,0.056294
8.840544,0.053610
8.860560,0.071553
8.880542,0.166058
8.899898,0.232137
8.920331,0.356474
8.940411,0.439981
8.960652,0.332127
8.980872,0.243938
9.000583,0.217164
9.020564,0.193066
9.040472,0.146181
9.059748,0.115718
9.080157,0.118218
9.100385,0.120935
9.120515,0.118978
9.140523,0.119508
9.160909,0.106343
9.180718,0.102737
9.199795,0.185831
9.220120,0.187700
9.240481,0.274958
9.260568,0.312457
9.280499,0.217728
9.300742,0.204510
9.320743,0.202468
9.340027,0.173128
9.360298,0.125722
9.380260,0.094700
9.400673,0.085950
9.419902,0.076295
9.440409,0.065056
9.460576,0.056697
9.479801,0.054709
9.500270,0.072881
9.519853,0.166644
9.540785,0.231791
9.560728,0.336318
9.580819,0.433937
9.600208,0.332626
9.620745,0.240172
9.640249,0.215160
9.660907,0.191849
9.680659,0.145578
9.699987,0.115531
9.720779,0.119374
9.740712,0.121313
9.760182,0.119746
9.779863,0.120550
9.800264,0.107705
9.820390,0.103684
9.840199,0.184995
9.860314,0.186511
9.880654,0.275061
9.900374,0.313663
9.919790,0.218652
9.940056,0.205031
9.960528,0.202946
9.980476,0.173549
10.000684,0.125480
10.020972,0.094809
10.040890,0.086233
10.059735,0.076602
10.080286,0.065481
10.099852,0.057215
10.120338,0.056454
10.140595,0.075808
10.160687,0.169115
10.180565,0.235464
10.199800,0.361488
10.220018,0.441738
10.240425,0.331026
10.260000,0.243806
10.280294,0.216787
10.300836,0.191430
10.320088,0.144099
10.339786,0.115657
10.360051,0.118086
10.380386,0.120738
10.400724,0.118881
10.420655,0.119584
10.439923,0.106592
10.460592,0.103066
10.479917,0.186521
10.500063,0.188668
10.520518,0.274888
10.540662,0.312481
10.560669,0.217820
10.580535,0.204728
10.600886,0.202708
10.620399,0.173798
10.639789,0.124750
10.660591,0.094152
10.680521,0.085978
10.699842,0.076958
10.720472,0.066344
10.740636,0.058538
10.760901,0.056704
10.779780,0.075452
10.800046,0.166702
10.820565,0.234131
10.840562,0.339616
10.860471,0.438464
10.880462,0.332873
10.900243,0.242793
10.919836,0.214886
10.940349,0.190624
10.960407,0.143996
10.980430,0.115882
11.000708,0.118518
11.020470,0.121572
11.040561,0.119975
11.059792,0.120804
11.080217,0.107952
11.100516,0.104255
11.120129,0.186194
11.140535,0.188292
11.160614,0.276383
11.180886,0.314102
11.200704,0.218504
11.220036,0.205429
11.240183,0.203226
11.260896,0.173684
11.280124,0.123895
11.300163,0.093954
11.320585,0.086341
11.339964,0.091770
11.359843,0.104562
11.379700,0.124650
11.399717,0.117840
11.419665,0.100971
11.439262,0.137657
11.459652,0.212796
11.479794,0.315601
11.499633,0.371968
11.520032,0.232047
11.539632,0.140615
11.559766,0.098376
11.579741,0.055670
11.599711,0.024068
11.619678,0.028162
11.640302,0.044107
11.659667,0.065103
11.679723,0.081868
11.699720,0.097812
11.719677,0.099747
11.740095,0.092293
11.759759,0.135178
11.779704,0.268167
11.799661,0.376748
11.819643,0.451437
11.839086,0.332944
11.859681,0.315638
11.879707,0.298342
11.899702,0.260135
11.919632,0.200140
11.939710,0.148005
11.959644,0.127140
11.979651,0.111283
11.999635,0.098962
12.019852,0.241285
12.040535,0.304551
12.059850,0.231605
12.079631,0.169487
12.099709,0.323289
12.119699,0.400854
12.139968,0.510752
12.159709,0.433070
12.179783,0.319095
12.199730,0.249125
12.219646,0.214170
12.239768,0.163659
12.259709,0.120529
12.279773,0.108824
12.299810,0.104548
12.319763,0.093887
12.339738,0.088318
12.359721,0.084680
12.379788,0.078195
12.399680,0.082095
12.419718,0.213486
12.440357,0.145892
12.460211,0.222223
12.479942,0.253354
12.500083,0.189581
12.520093,0.194873
12.540119,0.199751
12.560758,0.177306
12.579954,0.131581
12.600073,0.104257
12.619921,0.101333
12.640130,0.098676
12.660201,0.095432
12.680031,0.080373
12.699973,0.076686
12.719988,0.229222
12.740506,0.234949
12.759679,0.396406
12.779746,0.448360
12.799731,0.315602
12.819946,0.249145
12.839802,0.224982
12.859689,0.181711
12.879614,0.137503
12.899787,0.124054
12.919656,0.125518
12.940001,0.123447
12.960085,0.120498
12.979840,0.109477
12.999902,0.099025
13.019974,0.084279
13.039909,0.251650
13.059893,0.310983
13.080138,0.365522
13.099919,0.257203
13.119787,0.214860
13.139914,0.207372
13.159953,0.175084
13.179768,0.121038
13.200109,0.080779
13.219903,0.070809
13.239968,0.063782
13.259924,0.053221
13.279833,0.049183
13.299914,0.061503
13.319898,0.071863
13.339985,0.102641
13.359868,0.247086
13.379893,0.213163
13.400004,0.392348
13.420411,0.406811
13.439382,0.271475
13.459871,0.213619
13.480231,0.205444
13.499863,0.177976
13.520647,0.143350
13.539870,0.127005
13.560097,0.131321
13.580243,0.134252
13.600403,0.134159
13.619938,0.131516
13.639926,0.123911
13.659960,0.164407
13.679952,0.259718
13.699978,0.389135
13.720054,0.571797
13.740017,0.404695
13.759942,0.341345
13.780040,0.368674
13.799985,0.610437
13.819949,0.753707
13.839941,0.829013
13.859926,0.758286
13.879613,0.599994
13.899806,0.479872
13.919919,0.275392
13.939631,0.135231
13.959627,0.170893
13.979751,0.248912
13.999718,0.404934
14.019667,0.358407
14.039622,0.230908
14.059713,0.147197
14.079658,0.107651
14.099747,0.083574
14.119900,0.062534
14.139928,0.034390
14.159780,0.043875
14.179798,0.040017
14.199947,0.032158
14.219861,0.036105
14.239814,0.051028
14.259775,0.059024
14.279732,0.086487
14.299764,0.201767
14.319712,0.183873
14.339719,0.251677
14.359734,0.302514
14.379558,0.207781
14.399588,0.194983
14.419698,0.219981
14.439854,0.235997
14.459897,0.234835
14.479773,0.210034
14.499584,0.189545
14.519669,0.192011
14.539685,0.199672
14.559847,0.193152
14.579673,0.159824
14.599773,0.188499
14.619592,0.188283
14.639693,0.359112
14.659939,0.328630
14.679765,0.250245
14.699768,0.221846
14.719882,0.200286
14.739632,0.151195
14.759693,0.105043
14.779587,0.077664
14.799623,0.057710
14.819626,0.091092
14.839552,0.098291
14.859609,0.106251
14.879563,0.117205
14.899592,0.211123
14.919632,0.538826
14.939930,0.541951
14.959644,0.576102
14.980185,0.443676
14.999763,0.443926
15.019908,0.389999
15.039899,0.306224
15.059897,0.136317
15.079599,0.143596
15.099604,0.191296
15.119746,0.227797
15.139973,0.244579
15.159735,0.242382
15.179762,0.223539
15.200096,0.341104
15.219812,0.199479
15.239788,0.160584
15.259725,0.106547
15.279714,0.178076
15.299732,0.221282
15.319710,0.196508
15.339583,0.164071
15.359736,0.119761
15.379564,0.156042
15.399653,0.178954
15.419560,0.178543
15.439867,0.180108
15.459942,0.172507
15.480030,0.149315
15.499883,0.120368
15.520151,0.112962
15.539679,0.110965
15.559677,0.118208
15.579735,0.136015
15.600030,0.129213
15.620003,0.140324
15.639856,0.165024
15.659966,0.180146
15.679760,0.172587
15.699789,0.151521
15.719915,0.141211
15.740031,0.150032
15.759943,0.165060
15.779750,0.079409
15.799724,0.050311
15.819889,0.128304
15.840025,0.120873
15.859936,0.358414
15.879798,0.335728
15.899893,0.361501
15.919965,0.246736
15.939924,0.189775
15.960190,0.127704
15.979837,0.089232
15.999817,0.069578
16.019665,0.037712
16.039577,0.055054
16.059726,0.059933
16.079697,0.074460
16.099563,0.143342
16.119691,0.374558
16.139899,0.418007
16.159737,0.440474
16.179606,0.374625
16.199778,0.261689
16.219793,0.210229
16.239743,0.146003
16.259573,0.109310
16.279547,0.114714
16.299624,0.117168
16.319548,0.133158
16.339586,0.132124
16.359555,0.177530
16.379588,0.234240
16.399572,0.369845
16.419591,0.401937
16.439547,0.305206
16.459555,0.257670
16.479593,0.248360
16.499574,0.231776
16.519572,0.194408
16.539679,0.165999
16.559698,0.124812
16.579727,0.087261
16.599571,0.116731
16.619647,0.134204
16.639577,0.141485
16.659619,0.152904
16.679584,0.179408
16.699592,0.241774
16.719802,0.231926
16.739756,0.276313
16.759801,0.471071
16.779722,0.470099
16.799648,0.359212
16.819704,0.298621
16.839546,0.227139
16.859541,0.177468
16.879553,0.148413
16.899533,0.120505
16.919585,0.090495
16.939548,0.074316
16.959596,0.080400
16.979652,0.085226
16.999714,0.087682
17.019650,0.295953
17.039592,0.131586
17.059571,0.255240
17.079548,0.308861
17.099554,0.214573
17.119596,0.163569
17.139568,0.144515
17.159620,0.131597
17.179565,0.100682
17.199579,0.059619
17.219642,0.071988
17.239584,0.085426
17.259608,0.105695
17.279537,0.126912
17.299604,0.146009
17.319622,0.186214
17.339583,0.261289
17.359643,0.235797
17.379595,0.172540
17.399539,0.162434
17.419589,0.135805
17.439536,0.105250
17.459604,0.081009
17.479588,0.079064
17.499542,0.086952
17.519738,0.093305
17.539668,0.099454
17.559846,0.131331
17.579970,0.276367
17.599666,0.147062
17.619693,0.107728
17.639596,0.195026
17.659565,0.249227
17.679696,0.177832
17.699712,0.145354
17.719809,0.126784
17.739837,0.107790
17.759969,0.086237
17.779936,0.054983
17.799906,0.059527
17.819856,0.078707
17.839985,0.085617
17.859935,0.055411
17.879946,0.114355
17.899886,0.258233
17.919811,0.321487
17.939912,0.272612
17.959995,0.228143
17.979939,0.177941
17.999908,0.136144
18.019896,0.091695
18.040008,0.045838
18.059671,0.053080
18.079955,0.062751
18.099905,0.069909
18.119912,0.068774
18.139764,0.063387
18.159806,0.220785
18.179663,0.102613
18.199979,0.070135
18.219808,0.067481
18.239807,0.054518
18.259777,0.069436
18.279838,0.047620
18.299915,0.058714
18.319787,0.068025
18.339951,0.107530
18.359625,0.150423
18.379781,0.174540
18.399736,0.159444
18.419717,0.120819
18.439750,0.073116
18.459666,0.134119
18.479627,0.181099
18.500035,0.157406
18.519601,0.161157
18.539571,0.183275
18.559810,0.189505
18.580015,0.168964
18.599764,0.144565
18.619599,0.138302
18.639954,0.146228
18.659727,0.160816
18.679743,0.113062
18.699712,0.093678
18.719554,0.141343
18.739633,0.092879
18.759551,0.232869
18.779830,0.325989
18.800028,0.233802
18.819618,0.209212
18.839984,0.206402
18.859902,0.162351
18.879677,0.102709
18.899668,0.074251
18.919747,0.070083
18.939558,0.053568
18.959603,0.041376
18.979683,0.047460
18.999900,0.053836
19.019688,0.056473
19.039682,0.084056
19.059750,0.250055
19.079888,0.267837
19.099748,0.407999
19.119674,0.363582
19.139672,0.242924
19.159547,0.192122
19.179787,0.170938
19.199799,0.131153
19.219665,0.103402
19.239588,0.098495
19.259872,0.096060
19.280007,0.086685
19.299910,0.080079
19.319900,0.074483
19.339846,0.070120
19.359956,0.160815
19.379857,0.173461
19.400203,0.170525
19.419849,0.224201
19.439932,0.162084
19.460040,0.177416
19.479733,0.186375
19.499643,0.173405
19.519596,0.131076
19.539905,0.090451
19.560122,0.075709
19.580058,0.085361
19.600094,0.091817
19.619959,0.098814
19.639967,0.097662
19.659978,0.087007
19.679958,0.222810
19.699975,0.154887
19.719910,0.306022
19.739907,0.396824
19.759945,0.310498
19.779934,0.239068
19.799955,0.210599
19.819764,0.197934
19.839956,0.162946
19.859873,0.139154
19.880071,0.138120
19.899692,0.132418
19.919726,0.120091
19.939825,0.094738
19.959762,0.084256
19.979844,0.127415
19.999848,0.267730
20.019910,0.359773
20.039883,0.352078
20.059623,0.247851
20.079825,0.234918
20.099596,0.221702
20.119826,0.156388
20.139740,0.104002
20.159606,0.078377
20.179706,0.055371
20.199809,0.033907
20.219926,0.042993
20.239966,0.065288
20.259965,0.073780
20.279696,0.087327
20.299840,0.109433
20.319913,0.245403
20.339967,0.237111
20.359865,0.420571
20.379610,0.383418
20.400084,0.237443
20.419960,0.202710
20.439904,0.225539
20.459778,0.229478
20.479809,0.189127
20.499768,0.149535
20.519793,0.121569
20.539720,0.149651
20.559961,0.164737
20.579992,0.178179
20.599736,0.190511
20.619991,0.213908
20.639722,0.243730
20.659776,0.287203
20.679857,0.301919
20.699681,0.313752
20.719767,0.373074
20.739700,0.325523
20.759699,0.301851
20.779882,0.252538
20.799753,0.179046
20.819700,0.137906
20.839940,0.103311
20.859698,0.076660
20.880007,0.082378
20.899620,0.098046
20.919935,0.104922
20.939881,0.111808
20.959711,0.112323
20.979673,0.114615
21.000146,0.231656
21.020168,0.128965
21.039708,0.098353
21.059869,0.124044
21.079764,0.282745
21.099823,0.331349
21.119813,0.211289
21.139722,0.150457
21.159596,0.143481
21.179952,0.142298
21.199707,0.121055
21.219679,0.074751
21.239899,0.069087
21.259796,0.094460
21.280051,0.078168
21.299992,0.106538
21.319725,0.193043
21.339660,0.210379
21.359892,0.165375
21.379929,0.171096
21.399575,0.132468
21.419874,0.078104
21.439952,0.042000
21.459862,0.059160
21.479789,0.061344
21.500108,0.062935
21.519870,0.067189
21.539728,0.069782
21.560209,0.072541
21.579746,0.108965
21.599833,0.209577
21.619746,0.087412
21.639724,0.105127
21.660040,0.079659
21.679794,0.143152
21.699810,0.269191
21.719725,0.269980
21.739792,0.168595
21.759628,0.129437
21.779840,0.150820
21.799992,0.179013
21.819974,0.154172
21.840040,0.087387
21.860054,0.160063
21.879709,0.121016
21.899877,0.147032
21.920039,0.169973
21.939831,0.196319
21.960145,0.182460
21.979822,0.150560
22.000286,0.115603
22.019830,0.076065
22.039873,0.058815
22.059854,0.076464
22.079965,0.079995
22.099816,0.082600
22.119836,0.079983
22.139853,0.076018
22.159694,0.204761
22.179721,0.090653
22.199633,0.036662
22.219819,0.045377
22.239715,0.053309
22.259704,0.038616
22.279561,0.039110
22.300135,0.052795
22.319701,0.057728
22.339866,0.058454
22.359837,0.065704
22.380019,0.067492
22.399871,0.099234
22.420006,0.103978
22.439822,0.166920
22.460030,0.209035
22.479779,0.200392
22.499880,0.165394
22.519918,0.142002
22.539918,0.116361
22.560034,0.081501
22.579851,0.048228
22.599716,0.025836
22.619883,0.013047
22.639632,0.080029
22.659890,0.077804
22.679665,0.115763
22.699873,0.102610
22.719938,0.097949
22.739831,0.125244
22.760044,0.109516
22.779739,0.056216
22.799587,0.070491
22.819929,0.103274
22.839649,0.109967
22.859988,0.107206
22.880027,0.107045
22.899794,0.105615
22.919768,0.187036
22.939783,0.246351
22.959694,0.164607
22.979903,0.129876
22.999915,0.131429
23.019772,0.155948
23.039685,0.167131
23.059681,0.183802
23.079613,0.174674
23.100034,0.104989
23.119957,0.089508
23.139942,0.107728
23.160029,0.114927
23.179965,0.084696
23.199822,0.037418
23.219732,0.134175
23.239973,0.079951
23.259942,0.088427
23.279711,0.172014
23.300011,0.205543
23.319967,0.173108
23.339736,0.151783
23.359868,0.107432
23.379657,0.070728
23.399644,0.086682
23.419977,0.087180
23.439828,0.071822
23.460156,0.060892
23.479995,0.065131
23.499814,0.066040
23.520218,0.069744
23.539995,0.071639
23.559959,0.076315
23.580099,0.075623
23.600002,0.074815
23.619603,0.076883
23.639652,0.079372
23.659684,0.084888
23.679604,0.097913
23.699831,0.102794
23.719776,0.085290
23.739843,0.122282
23.759873,0.118304
23.779865,0.124114
23.799943,0.123962
23.820051,0.114536
23.839626,0.051172
23.859993,0.184042
23.879999,0.335929
23.900022,0.271861
23.919804,0.341590
23.939736,0.197445
23.959649,0.146626
23.979880,0.142582
24.000063,0.138780
24.019845,0.152974
24.039827,0.155033
24.059929,0.137123
24.079748,0.069365
24.099659,0.331744
24.120065,0.346660
24.140164,0.358605
24.159840,0.351567
24.179666,0.309195
24.199767,0.273819
24.219728,0.189019
24.239732,0.122293
24.260094,0.066850
24.279753,0.030800
24.299724,0.079649
24.319756,0.117833
24.339705,0.148157
24.359630,0.165219
24.379914,0.186140
24.400045,0.314846
24.419555,0.299372
24.439606,0.279265
24.459939,0.274200
24.479822,0.199971
24.499797,0.192684
24.519692,0.210973
24.539776,0.211024
24.559929,0.183618
24.580038,0.159526
24.599720,0.151752
24.620077,0.167722
24.639790,0.188936
24.659827,0.208948
24.679770,0.226198
24.699734,0.161140
24.719662,0.172568
24.739575,0.332573
24.759980,0.408348
24.779832,0.292364
24.799950,0.265369
24.819998,0.244027
24.839766,0.211187
24.859961,0.169224
24.879806,0.157684
24.899653,0.208217
24.919851,0.238318
24.939902,0.276167
24.959940,0.297975
24.980182,0.316474
25.000031,0.354767
25.019777,0.446945
25.039848,0.608968
25.059750,0.482336
25.079852,0.532105
25.099690,0.580031
25.119649,0.520437
25.139910,0.414785
25.159806,0.316558
25.179922,0.210914
25.199727,0.129708
25.219722,0.158585
25.239773,0.210780
25.259677,0.245810
25.279669,0.272029
25.299923,0.271516
25.319776,0.278188
25.339660,0.423890
25.360009,0.359522
25.379844,0.334640
25.399630,0.228860
25.419995,0.198675
25.439760,0.182778
25.459562,0.156494
25.479956,0.105756
25.499845,0.056660
25.519730,0.046181
25.539833,0.046959
25.559822,0.039890
25.579781,0.044946
25.600174,0.066822
25.619962,0.117993
25.640088,0.168999
25.660152,0.177493
25.679972,0.164604
25.699979,0.160329
25.720009,0.193252
25.739784,0.204707
25.760074,0.183604
25.779731,0.161078
25.799971,0.158184
25.819707,0.170659
25.839618,0.179134
25.859785,0.184927
25.879710,0.108407
25.900052,0.144801
25.919681,0.189948
25.939941,0.203116
25.959663,0.092581
25.979639,0.268024
25.999897,0.257077
26.020032,0.234601
26.039853,0.191896
26.059731,0.141194
26.079901,0.109343
26.099776,0.081427
26.119667,0.068531
26.139735,0.118833
26.159709,0.159888
26.179845,0.178723
26.199963,0.217825
26.219758,0.275859
26.239760,0.473123
26.259716,0.414538
26.279713,0.275798
26.299678,0.186694
26.319968,0.139007
26.339670,0.075997
26.359894,0.073559
26.379653,0.046324
26.399633,0.064963
26.419937,0.095835
26.439818,0.110879
26.459681,0.128145
26.479681,0.122133
26.499733,0.114722
26.519908,0.196876
26.539859,0.139446
26.559632,0.065812
26.579784,0.106623
26.599594,0.171593
26.619985,0.133320
26.639991,0.115031
26.659994,0.142698
26.679757,0.150466
26.699827,0.138655
26.719915,0.110506
26.739979,0.095304
26.759801,0.100593
26.779947,0.116067
26.799642,0.135800
26.819687,0.115158
26.839872,0.098348
26.859681,0.120098
26.880080,0.087468
26.899696,0.168996
26.919922,0.265437
26.939869,0.240115
26.959966,0.191858
26.980119,0.198740
26.999893,0.212110
27.019625,0.192070
27.039800,0.165778
27.059665,0.155321
27.079870,0.160046
27.099759,0.159309
27.119746,0.141494
27.139695,0.112823
27.159873,0.195869
27.179966,0.243631
27.199702,0.351803
27.219785,0.300615
27.239763,0.221813
27.259905,0.199860
27.279784,0.153597
27.300049,0.096922
27.319902,0.072510
27.340286,0.060633
27.360017,0.039965
27.379713,0.048786
27.399710,0.066952
27.419665,0.077169
27.439817,0.103467
27.460047,0.278789
27.479806,0.260165
27.499950,0.429399
27.519937,0.406342
27.539958,0.263771
27.559934,0.217427
27.579657,0.207709
27.599969,0.164076
27.620112,0.117893
27.639704,0.101325
27.659601,0.097948
27.679765,0.096092
27.699746,0.092000
27.719750,0.091383
27.739746,0.074859
27.759847,0.059488
27.779680,0.165166
27.799707,0.161720
27.819545,0.223520
27.839972,0.362042
27.859975,0.354938
27.879812,0.375172
27.899917,0.383883
27.920099,0.327654
27.939851,0.248975
27.959723,0.200065
27.979855,0.157909
27.999974,0.157201
28.019734,0.186460
28.039700,0.294821
28.059555,0.435365
28.079575,0.409316
28.099621,0.428656
28.119597,0.367297
28.139574,0.272124
28.159604,0.204050
28.179897,0.176015
28.199946,0.137816
28.220001,0.102082
28.239857,0.136047
28.259752,0.152191
28.279633,0.170879
28.300135,0.202043
28.319680,0.227918
28.339657,0.265516
28.359678,0.237030
28.379580,0.278540
28.399614,0.226120
28.419551,0.208932
28.439604,0.180529
28.460003,0.114965
28.480019,0.071099
28.499955,0.060207
28.519842,0.068693
28.539808,0.071474
28.559740,0.073762
28.579997,0.078032
28.599728,0.085830
28.620005,0.092902
28.639976,0.127411
28.659870,0.211472
28.679986,0.118055
28.699996,0.071858
28.719782,0.127364
28.739994,0.203216
28.759816,0.259655
28.780012,0.171609
28.799821,0.123775
28.820033,0.125408
28.839998,0.128822
28.859975,0.116194
28.879844,0.075018
28.900046,0.045215
28.919831,0.069880
28.939733,0.108211
28.959840,0.086872
28.980024,0.200913
28.999915,0.209477
29.019873,0.163821
29.039700,0.159839
29.059883,0.118746
29.079879,0.069791
29.099812,0.042525
29.119899,0.056521
29.139873,0.061344
29.159811,0.065538
29.179712,0.065022
29.199696,0.063807
29.219694,0.061590
29.239665,0.089888
29.259914,0.191179
29.279779,0.069705
29.300123,0.119864
29.319894,0.106175
29.339980,0.085831
29.360072,0.092690
29.379880,0.235204
29.399834,0.294216
29.419952,0.205689
29.439733,0.140772
29.459690,0.133363
29.479713,0.133531
29.499693,0.105059
29.520011,0.046335
29.539605,0.077014
29.559947,0.134746
29.579986,0.090008
29.599984,0.145483
29.619865,0.166288
29.639794,0.144911
29.659663,0.155125
29.679724,0.139957
29.699704,0.087455
29.719619,0.038742
29.739913,0.061079
29.760188,0.077160
29.780158,0.082337
29.799688,0.087047
29.819836,0.092091
29.839925,0.102133
29.859742,0.115688
29.879721,0.252053
29.899803,0.147465
29.919994,0.057637
29.940037,0.075445
29.960213,0.072173
29.980204,0.064329
29.999814,0.059838
30.019571,0.109827
30.039853,0.208923
30.059754,0.187019
30.080085,0.197608
30.099861,0.244697
30.119859,0.253763
30.139644,0.234682
30.160060,0.321312
30.179735,0.232356
30.199688,0.174399
30.219828,0.288937
30.239863,0.194368
30.259804,0.185266
30.279810,0.189793
30.299720,0.160381
30.319778,0.107822
30.339948,0.052145
30.360057,0.044030
30.380017,0.048201
30.400155,0.046699
30.420038,0.037142
30.439854,0.030025
30.460043,0.041027
30.479972,0.043606
30.500035,0.213185
30.520082,0.274841
30.540057,0.351121
30.560019,0.439377
30.579969,0.371579
30.600022,0.299939
30.619763,0.246205
30.640001,0.192401
30.659956,0.153311
30.679936,0.157744
30.699879,0.164033
30.720074,0.157164
30.739979,0.138637
30.760049,0.110566
30.780028,0.124350
30.799839,0.215832
30.819968,0.230861
30.839991,0.302573
30.860016,0.242359
30.879961,0.204344
30.899684,0.208115
30.920027,0.189697
30.939953,0.137865
30.959927,0.083242
30.980017,0.062837
31.000075,0.058816
31.019722,0.054350
31.039935,0.051658
31.059763,0.047133
31.079905,0.054023
31.099807,0.083463
31.119952,0.236263
31.139790,0.212047
31.159982,0.375449
31.179944,0.368639
31.200102,0.234213
31.220033,0.203818
31.239681,0.212514
31.259558,0.207470
31.279655,0.180851
31.299719,0.162473
31.319733,0.174894
31.339701,0.186106
31.360341,0.183947
31.380111,0.162228
31.399902,0.157288
31.420041,0.339248
31.439801,0.442622
31.459924,0.479926
31.480198,0.373927
31.499948,0.322864
31.520008,0.289002
31.540000,0.241961
31.559681,0.173287
31.579931,0.205926
31.600055,0.255052
31.620063,0.280994
31.640054,0.287395
31.660197,0.296597
31.679526,0.297766
31.699656,0.280867
31.719629,0.273147
31.739848,0.316471
31.759832,0.471845
31.779865,0.366198
31.799937,0.375245
31.819960,0.468421
31.839883,0.466413
31.859816,0.382568
31.880006,0.295772
31.900351,0.224020
31.919949,0.155753
31.940044,0.102809
31.959583,0.144611
31.979782,0.189271
32.000172,0.223455
32.019940,0.240362
32.040001,0.245488
32.060027,0.343673
32.080051,0.337378
32.099585,0.297476
32.119827,0.307348
32.140010,0.162694
32.159997,0.137592
32.180055,0.131227
32.200028,0.116831
32.219978,0.079653
32.240023,0.063690
32.259898,0.065127
32.279981,0.056514
32.300094,0.065839
32.319976,0.054536
32.340052,0.082440
32.359743,0.114264
32.379962,0.193182
32.399876,0.228089
32.419989,0.207975
32.439969,0.198332
32.460061,0.197578
32.479938,0.170776
32.499986,0.143492
32.520058,0.126874
32.540058,0.129707
32.560160,0.134313
32.579980,0.138768
32.600101,0.143660
32.619898,0.284607
32.640236,0.128753
32.660103,0.130892
32.680089,0.113945
32.700045,0.216486
32.720052,0.240171
32.739984,0.181848
32.759823,0.146278
32.779906,0.124578
32.799745,0.104657
32.819913,0.063611
32.840042,0.055919
32.859998,0.093327
32.879905,0.119509
32.900054,0.116895
32.919698,0.107253
32.940053,0.177692
32.959938,0.304942
32.979786,0.270106
33.000574,0.208130
33.019790,0.179584
33.039641,0.139213
33.059916,0.107942
33.079961,0.083958
33.099952,0.072764
33.119850,0.081247
33.139746,0.094898
33.159631,0.103211
33.179682,0.163291
33.199576,0.320492
33.220014,0.179400
33.240149,0.111771
33.259655,0.184960
33.279656,0.246724
33.299796,0.179308
33.319726,0.143395
33.339617,0.127771
33.360100,0.112492
33.380035,0.082650
33.399679,0.043120
33.419686,0.020422
33.439910,0.034093
33.460057,0.054889
33.480001,0.045832
33.500005,0.066323
33.520027,0.168761
33.540090,0.244042
33.560016,0.203334
33.580059,0.185376
33.600015,0.149505
33.620123,0.145355
33.640046,0.102798
33.660368,0.067453
33.679864,0.045183
33.699902,0.031287
33.719959,0.032971
33.739991,0.032753
33.759968,0.147052
33.779879,0.129107
33.800009,0.038667
33.820166,0.043716
33.839979,0.037821
33.860132,0.055622
33.880093,0.073377
33.900054,0.079854
33.919744,0.075984
33.940017,0.069041
33.959981,0.061203
33.980112,0.053781
34.000547,0.046951
34.020087,0.040569
34.039985,0.034547
34.060041,0.028882
34.080020,0.023427
34.099979,0.018100
34.120132,0.016407
34.139969,0.014622
34.159958,0.013144
34.180085,0.012520
34.200120,0.012405
34.220094,0.015596
34.239673,0.019219
34.260004,0.022617
34.279808,0.024996
34.300015,0.026502
34.320010,0.028104
34.340053,0.029731
34.360391,0.031267
34.380111,0.032796
34.400059,0.034841
34.420063,0.045782
34.440027,0.075394
34.460420,0.121771
34.479995,0.122064
34.500019,0.128105
34.520017,0.130763
34.540018,0.121223
34.560031,0.114766
34.580023,0.108304
34.600172,0.115238
34.620030,0.146878
34.640108,0.229203
34.659977,0.185727
34.679663,0.146546
34.700200,0.120127
34.720292,0.095098
34.740055,0.156704
34.760161,0.187541
34.780023,0.115062
34.799997,0.145934
34.820019,0.164538
34.839990,0.144637
34.859998,0.108318
34.879970,0.076681
34.900019,0.060022
34.920058,0.064758
34.940010,0.077477
34.960037,0.085027
34.980230,0.091593
35.000231,0.099881
35.020059,0.072310
35.040035,0.071532
35.059712,0.090884
35.080197,0.072085
35.100009,0.143101
35.120143,0.269626
35.140024,0.273775
35.159960,0.187694
35.180010,0.175699
35.199989,0.192544
35.220014,0.197344
35.240116,0.179944
35.259805,0.162138
35.279952,0.166102
35.300012,0.170353
35.319969,0.159108
35.340002,0.137275
35.360059,0.129361
35.380018,0.162270
35.399860,0.305145
35.420015,0.339301
35.440015,0.247680
35.459724,0.229234
35.479855,0.207210
35.500053,0.139474
35.520002,0.088313
35.539900,0.074747
35.559940,0.062006
35.580010,0.041258
35.600027,0.066251
35.620000,0.082946
35.640047,0.102312
35.659953,0.152488
35.680200,0.323083
35.700388,0.380723
35.720045,0.557009
35.740146,0.493975
35.760151,0.361938
35.780202,0.296210
35.800036,0.257428
35.820060,0.192770
35.840062,0.132371
35.860042,0.145622
35.879941,0.154217
35.900089,0.157582
35.920467,0.164628
35.940047,0.167141
35.959955,0.169024
35.980134,0.168841
36.000211,0.166450
36.019979,0.167648
36.040059,0.165878
36.059912,0.116614
36.080015,0.190560
36.100024,0.299069
36.119668,0.263094
36.139989,0.245799
36.160019,0.214503
36.180038,0.158466
36.199902,0.120643
36.220007,0.104575
36.239705,0.093521
36.259812,0.086110
36.280067,0.078506
36.300011,0.076074
36.319871,0.087657
36.340368,0.092604
36.359899,0.094699
36.380082,0.197188
36.399983,0.152950
36.420103,0.091411
36.439982,0.106820
36.459902,0.167667
36.479994,0.252390
36.500016,0.211396
36.520146,0.137842
36.540037,0.126375
36.559995,0.126312
36.580098,0.119252
36.599927,0.081223
36.620089,0.040479
36.639992,0.080573
36.660051,0.160345
36.679989,0.084171
36.700023,0.195756
36.720046,0.222954
36.740044,0.170231
36.760166,0.171831
36.779919,0.137647
36.800035,0.085017
36.819941,0.051294
36.840028,0.064506
36.859721,0.076253
36.879887,0.083771
36.900164,0.089822
36.920198,0.091736
36.940032,0.093125
36.960156,0.126354
36.980216,0.213178
37.000142,0.089998
37.020081,0.112579
37.040062,0.094403
37.059929,0.188799
37.079945,0.309759
37.099971,0.259065
37.119991,0.162853
37.140013,0.131767
37.159997,0.124888
37.180146,0.116105
37.199984,0.079979
37.220051,0.046330
37.240031,0.087674
37.259695,0.071583
37.280019,0.121589
37.300076,0.176774
37.320010,0.191612
37.340075,0.138333
37.360187,0.148202
37.380032,0.117815
37.400025,0.064687
37.420199,0.045344
37.440023,0.068851
37.459744,0.073283
37.480017,0.073743
37.500008,0.074078
37.520015,0.074291
37.540088,0.075551
37.560112,0.068792
37.580104,0.227804
37.600328,0.132705
37.620297,0.094949
37.640010,0.091343
37.659793,0.080908
37.680190,0.097024
37.700139,0.155262
37.720067,0.269265
37.740064,0.216936
37.760357,0.140276
37.780067,0.127987
37.800098,0.128568
37.820047,0.122875
37.840137,0.087459
37.859983,0.049438
37.879938,0.099549
37.900179,0.134849
37.920162,0.113964
37.940021,0.199408
37.960008,0.170257
37.980060,0.146539
38.000104,0.144513
38.020057,0.098251
38.040089,0.052521
38.060194,0.051116
38.080111,0.069682
38.100172,0.077276
38.120292,0.082830
38.140089,0.086091
38.159993,0.088978
38.180059,0.086751
38.200129,0.164228
38.220012,0.176332
38.240163,0.074047
38.260082,0.089924
38.280034,0.082876
38.300084,0.121161
38.320075,0.210640
38.340095,0.283303
38.360312,0.188126
38.380029,0.128353
38.400007,0.124568
38.420029,0.126185
38.440079,0.108980
38.460064,0.065739
38.479914,0.061575
38.500020,0.055141
38.520091,0.094507
38.540086,0.135100
38.560318,0.196449
38.580034,0.136964
38.599927,0.122464
38.619835,0.104824
38.640032,0.056164
38.660130,0.017449
38.680529,0.044405
38.700166,0.054638
38.719757,0.056200
38.740027,0.055882
38.760006,0.055591
38.780004,0.057721
38.799921,0.048864
38.820372,0.125328
38.840029,0.149237
38.860093,0.065255
38.879971,0.091652
38.900006,0.072688
38.920146,0.054549
38.939955,0.048757
38.960078,0.133904
38.979977,0.260002
39.000120,0.238492
39.019691,0.207035
39.039678,0.225923
39.059899,0.265332
39.079919,0.263136
39.099980,0.238076
39.119935,0.203750
39.139793,0.221124
39.159831,0.147708
39.179801,0.272368
39.199838,0.230153
39.220028,0.209188
39.239919,0.209147
39.259911,0.185601
39.279975,0.137137
39.299894,0.081820
39.319933,0.041297
39.339950,0.044174
39.359760,0.036202
39.380061,0.028046
39.399920,0.017514
39.419992,0.010626
39.439948,0.028555
39.459967,0.043187
39.479838,0.037550
39.499998,0.142726
39.520029,0.115674
39.539996,0.273702
39.560080,0.388632
39.579583,0.325362
39.599680,0.241113
39.619667,0.237878
39.639797,0.279353
39.660024,0.288798
39.680094,0.299359
39.699888,0.306761
39.720022,0.261331
39.739847,0.204062
39.759653,0.228304
39.779693,0.392753
39.799566,0.464073
39.819798,0.406718
39.839805,0.311704
39.859995,0.242008
39.879788,0.213206
39.899982,0.188700
39.919965,0.137669
39.939826,0.138934
39.959945,0.167315
39.979931,0.173625
40.000137,0.170687
40.019657,0.173605
40.039764,0.185013
40.060025,0.198074
40.080026,0.245597
40.099851,0.193346
40.120010,0.224095
40.139952,0.322015
40.159925,0.296737
40.179932,0.243750
40.199867,0.233870
40.219947,0.195138
40.239775,0.155229
40.259968,0.126344
40.279859,0.116321
40.299744,0.109369
40.320088,0.103738
40.339761,0.098869
40.359964,0.097883
40.379856,0.306800
40.399889,0.181534
40.420021,0.113034
40.440020,0.200623
40.459962,0.238914
40.480015,0.163519
40.499878,0.132632
40.519900,0.118854
40.539936,0.107953
40.560000,0.079424
40.579993,0.057242
40.599664,0.073937
40.619770,0.075927
40.639626,0.076349
40.659778,0.059056
40.679954,0.079168
40.699795,0.163259
40.719953,0.292770
40.740121,0.285029
40.760055,0.207783
40.780013,0.179441
40.799799,0.145963
40.819830,0.116172
40.839894,0.093820
40.859905,0.084323
40.879968,0.074618
40.899948,0.073204
40.919840,0.080836
40.939980,0.138333
40.959711,0.273112
40.979691,0.130756
40.999901,0.086745
41.019638,0.169468
41.039689,0.231436
41.059704,0.184718
41.079860,0.145989
41.099838,0.126495
41.119955,0.111503
41.139793,0.080521
41.159819,0.037169
41.179793,0.048068
41.199818,0.066180
41.219896,0.053346
41.239866,0.062693
41.259995,0.117574
41.279856,0.212236
41.299945,0.240854
41.319925,0.173363
41.339927,0.161693
41.359968,0.146843
41.379865,0.119020
41.399969,0.086938
41.419803,0.075151
41.439869,0.077987
41.459908,0.080455
41.479958,0.084610
41.499851,0.102112
41.520003,0.261744
41.539849,0.127583
41.559839,0.075680
41.579897,0.099585
41.599815,0.142031
41.619893,0.206101
41.639918,0.154268
41.659874,0.144387
41.679984,0.109084
41.699982,0.057618
41.719957,0.061991
41.740024,0.063388
41.760016,0.056942
41.780012,0.047151
41.799933,0.040584
41.820014,0.029731
41.839974,0.031956
41.860003,0.044525
41.879907,0.154486
41.899991,0.180173
41.919975,0.184483
41.940009,0.142624
41.959966,0.101366
41.979991,0.076875
42.000147,0.099604
42.019931,0.143842
42.040019,0.173779
42.059997,0.101074
42.079929,0.114234
42.099997,0.116956
42.119975,0.065218
42.140001,0.230386
42.160080,0.315703
42.179993,0.264217
42.199906,0.241602
42.219948,0.210488
42.240011,0.190503
42.259978,0.148717
42.279969,0.110423
42.299938,0.098712
42.319967,0.084826
42.339972,0.084434
42.359970,0.068950
42.379970,0.075788
42.400001,0.101102
42.420068,0.142194
42.439939,0.105649
42.459925,0.144049
42.479966,0.170400
42.499961,0.148444
42.519969,0.163477
42.539954,0.187056
42.559982,0.177683
42.580147,0.166075
42.600051,0.156969
42.620211,0.151773
42.639979,0.157024
42.659982,0.164850
42.680059,0.168677
42.699958,0.125857
42.720105,0.077525
42.739989,0.064819
42.760143,0.238853
42.779990,0.289722
42.799978,0.193099
42.820102,0.194143
42.840023,0.197887
42.860140,0.173382
42.880125,0.122323
42.900118,0.069124
42.920058,0.048201
42.939968,0.047145
42.959933,0.043092
42.979961,0.070596
43.000023,0.086891
43.020250,0.203128
43.040235,0.326016
43.060112,0.408673
43.080234,0.427872
43.100055,0.352543
43.120066,0.271883
43.140051,0.220465
43.160069,0.158942
43.180064,0.120767
43.199961,0.112536
43.220095,0.103691
43.240012,0.081951
43.259980,0.082444
43.279942,0.074911
43.299995,0.080173
43.320108,0.123992
43.340063,0.199056
43.360172,0.181433
43.380061,0.291511
43.400067,0.220785
43.420051,0.190993
43.440061,0.196155
43.459960,0.190107
43.479962,0.135832
43.500054,0.092977
43.519967,0.076301
43.540058,0.070938
43.560012,0.069037
43.580081,0.079720
43.600078,0.079819
43.620290,0.071773
43.640162,0.083956
43.660039,0.229530
43.679927,0.256866
43.699969,0.431972
43.720111,0.312951
43.740056,0.219708
43.759913,0.207054
43.779926,0.195396
43.799953,0.142226
43.820105,0.121470
43.840143,0.129955
43.860090,0.127887
43.880054,0.138371
43.900101,0.155591
43.919948,0.122117
43.940091,0.120320
43.960079,0.216197
43.979973,0.237300
44.000082,0.357436
44.020102,0.305716
44.040001,0.214461
44.059955,0.205423
44.079989,0.168863
44.100145,0.143974
44.120066,0.103838
44.139935,0.067419
44.159966,0.049313
44.180065,0.046590
44.200014,0.065955
44.220066,0.106425
44.240046,0.113590
44.260095,0.140015
44.280060,0.287865
44.300088,0.265195
44.320048,0.415423
44.340003,0.418388
44.359984,0.285548
44.380048,0.236322
44.399994,0.214743
44.420150,0.167404
44.439948,0.134407
44.460082,0.123732
44.479974,0.094775
44.500038,0.078242
44.520036,0.061570
44.540007,0.059835
44.559996,0.049307
44.580014,0.069836
44.600068,0.130288
44.620183,0.056512
44.640144,0.187238
44.660262,0.218615
44.679986,0.176276
44.699984,0.179843
44.720006,0.156192
44.739965,0.156074
44.759990,0.137407
44.779989,0.111946
44.800145,0.110971
44.819936,0.110280
44.840067,0.095659
44.860022,0.095715
44.880003,0.098357
44.900162,0.226228
44.920018,0.203786
44.940049,0.344761
44.960057,0.353080
44.979952,0.295133
45.000033,0.212224
45.019939,0.164141
45.039941,0.133731
45.059968,0.112342
45.080205,0.098461
45.099956,0.096148
45.120165,0.103982
45.139928,0.070865
45.160065,0.076867
45.180246,0.066433
45.199928,0.096208
45.220041,0.238958
45.240076,0.206378
45.259984,0.299571
45.279968,0.287578
45.300076,0.243319
45.320045,0.240697
45.339955,0.241938
45.359990,0.192066
45.380120,0.155994
45.399951,0.132179
45.420136,0.106065
45.440066,0.090612
45.460052,0.116511
45.479977,0.132641
45.499998,0.157117
45.519945,0.233681
45.540092,0.267941
45.560078,0.253696
45.580214,0.404628
45.600076,0.356402
45.620277,0.201915
45.640012,0.172381
45.659984,0.185802
45.679971,0.152104
45.699984,0.119097
45.720147,0.087978
45.739976,0.075562
45.759937,0.084689
45.780096,0.072198
45.800002,0.068378
45.820085,0.175616
45.840060,0.181079
45.860088,0.219805
45.880069,0.254305
45.900132,0.162164
45.920108,0.187541
45.939976,0.206149
45.960023,0.138244
45.980056,0.098047
45.999941,0.084236
46.019965,0.070132
46.040228,0.065384
46.060034,0.065896
46.079995,0.071839
46.100059,0.083785
46.120102,0.093800
46.140106,0.279427
46.159982,0.121629
46.179976,0.214294
46.199925,0.304469
46.220081,0.252677
46.240103,0.144205
46.260152,0.137300
46.279979,0.194611
46.300051,0.231237
46.320137,0.219296
46.340037,0.204472
46.360080,0.173554
46.380011,0.092771
46.399964,0.134607
46.420266,0.183426
46.439991,0.274352
46.460136,0.166716
46.479924,0.156079
46.500088,0.166995
46.519926,0.151653
46.540050,0.106504
46.559995,0.058917
46.580008,0.032282
46.600059,0.019509
46.620168,0.025453
46.640161,0.042255
46.659940,0.075424
46.680051,0.074597
46.700092,0.239400
46.719952,0.211601
46.739975,0.346116
46.759937,0.332881
46.780280,0.311985
46.800100,0.260261
46.820000,0.190129
46.840093,0.166150
46.859978,0.145346
46.879991,0.135088
46.900106,0.143702
46.920023,0.152087
46.940161,0.189730
46.960071,0.180054
46.980152,0.170781
47.000137,0.102311
47.020053,0.107000
47.040085,0.189550
47.060002,0.178892
47.080166,0.066268
47.099984,0.066770
47.119965,0.069949
47.140090,0.032033
47.160019,0.047651
47.180114,0.055443
47.200113,0.035741
47.220166,0.033344
47.239983,0.036550
47.260170,0.042624
47.279943,0.059738
47.299977,0.081090
47.320121,0.168952
47.339980,0.295822
47.360098,0.425312
47.379983,0.546683
47.400062,0.365008
47.420166,0.306244
47.440115,0.307357
47.459928,0.285005
47.480021,0.234218
47.500073,0.188827
47.520088,0.174508
47.539936,0.160986
47.559944,0.158597
47.579981,0.141674
47.600031,0.141362
47.620338,0.146287
47.640076,0.173033
47.660126,0.133307
47.680126,0.302273
47.700085,0.227967
47.720123,0.127263
47.740042,0.127660
47.760117,0.110024
47.780147,0.083103
47.800161,0.071988
47.820086,0.066641
47.840079,0.049629
47.860084,0.057176
47.879965,0.067317
47.900075,0.074063
47.920078,0.099770
47.939954,0.247883
47.960078,0.308269
47.980090,0.438153
48.000016,0.495114
48.019988,0.310233
48.039985,0.285727
48.060119,0.264755
48.080129,0.264691
48.100028,0.234505
48.120007,0.185055
48.139921,0.164438
48.160008,0.157523
48.180201,0.142604
48.199962,0.113003
48.220091,0.108851
48.240090,0.228323
48.259997,0.273572
48.279934,0.295665
48.300036,0.161291
48.319984,0.105134
48.340142,0.161746
48.359974,0.218003
48.379966,0.234228
48.400088,0.244995
48.420022,0.233826
48.440023,0.179450
48.459940,0.117288
48.480136,0.091542
48.500068,0.068718
48.520098,0.062314
48.540028,0.249736
48.560024,0.240168
48.580126,0.359766
48.599978,0.442554
48.620080,0.305673
48.640021,0.242142
48.660106,0.210012
48.680052,0.155390
48.700117,0.043669
48.719936,0.065950
48.740150,0.105091
48.760032,0.110819
48.780070,0.086453
48.800340,0.077744
48.820174,0.079474
48.840075,0.130048
48.859973,0.388647
48.880017,0.499542
48.899947,0.364677
48.919973,0.315506
48.939904,0.319023
48.960033,0.303832
48.979965,0.262588
49.000034,0.166618
49.020051,0.117373
49.040094,0.112058
49.059991,0.103246
49.079996,0.079731
49.099981,0.064918
49.119946,0.062705
49.140148,0.078815
49.159978,0.081330
49.180066,0.227970
49.200069,0.177689
49.220031,0.381012
49.240094,0.322337
49.260022,0.193614
49.279959,0.161418
49.300061,0.138465
49.319937,0.120948
49.340077,0.106361
49.360002,0.105043
49.380035,0.097860
49.399989,0.102449
49.420058,0.120875
49.439998,0.089632
49.460086,0.074535
49.480038,0.119891
49.499948,0.255701
49.520065,0.328294
49.539995,0.459232
49.560077,0.341363
49.579970,0.396796
49.599949,0.413493
49.620084,0.316453
49.640168,0.248287
49.659997,0.193673
49.680105,0.146489
49.699991,0.107864
49.719971,0.120274
49.739959,0.141571
49.759988,0.150247
49.779961,0.289287
49.800014,0.459912
49.819951,0.474200
49.839975,0.419859
49.860084,0.264648
49.879942,0.177852
49.899960,0.113040
49.920034,0.082496
49.939946,0.054665
49.959949,0.037495
49.980049,0.042405
49.999975,0.046782
50.020020,0.055348
50.039938,0.045655
50.059983,0.091297
50.080073,0.231467
50.099945,0.317048
50.119961,0.335322
50.139935,0.302556
50.159947,0.225640
50.179977,0.282140
50.199955,0.260466
50.220090,0.254422
50.240101,0.218253
50.259954,0.169250
50.280042,0.141843
50.299944,0.138417
50.320104,0.148480
50.339989,0.155082
50.359959,0.151682
50.379980,0.143233
50.400082,0.258057
50.420015,0.166994
50.439955,0.394478
50.459978,0.321559
50.479910,0.137739
50.500130,0.077036
50.520070,0.088625
50.540046,0.063785
50.559986,0.071557
50.579977,0.041808
50.600088,0.067952
50.620049,0.075376
50.640061,0.098205
50.660006,0.128969
50.680011,0.238754
50.699992,0.315582
50.720001,0.277593
50.739967,0.220044
50.759948,0.235236
50.779982,0.274065
50.800087,0.196133
50.820112,0.144523
50.839993,0.116433
50.859974,0.102700
50.879950,0.097277
50.899977,0.093895
50.919944,0.095227
50.939925,0.104177
50.959925,0.116563
50.979971,0.173391
50.999948,0.122748
51.019943,0.137201
51.039947,0.192779
51.059967,0.263684
51.079970,0.084727
51.099919,0.027123
51.119910,0.094590
51.139910,0.121883
51.159909,0.144673
51.179931,0.245403
51.199946,0.413443
51.219974,0.453970
51.239985,0.179838
51.259971,0.167327
51.279972,0.075232
51.300177,0.068421
51.319986,0.109505
51.340053,0.118866
51.359956,0.100531
51.379992,0.064630
51.399991,0.037386
51.419963,0.027743
51.439970,0.027792
51.459996,0.033092
51.480026,0.040910
51.499943,0.046196
51.520086,0.046046
51.540051,0.067039
51.560006,0.032973
51.580001,0.106128
51.599998,0.057226
51.620038,0.197882
51.640005,0.370199
51.659999,0.348677
51.680111,0.206948
51.700031,0.167853
51.720209,0.155299
51.740036,0.114789
51.760039,0.126398
51.779971,0.150130
51.800079,0.150814
51.820046,0.147056
51.840326,0.154685
51.860009,0.126856
51.879990,0.109777
51.900078,0.236786
51.920070,0.280384
51.939972,0.300798
51.959949,0.244973
51.980050,0.208240
52.000096,0.200416
52.019905,0.149100
52.040000,0.080418
52.060041,0.063562
52.080233,0.052584
52.100079,0.027702
52.119957,0.035039
52.139971,0.057326
52.160086,0.082136
52.180092,0.106211
52.200009,0.231333
52.220050,0.188672
52.240066,0.278236
52.260091,0.379105
52.279995,0.253960
52.299945,0.203516
52.320000,0.183701
52.340019,0.174083
52.359977,0.166806
52.379947,0.142050
52.399950,0.135871
52.419905,0.150094
52.440010,0.156452
52.459974,0.147653
52.479991,0.136063
52.500089,0.100901
52.519939,0.163221
52.539945,0.240225
52.560011,0.250043
52.580036,0.169151
52.599954,0.191627
52.620234,0.180800
52.639966,0.170289
52.659989,0.138386
52.680050,0.088862
52.700005,0.069009
52.719987,0.065343
52.740016,0.052675
52.760125,0.063305
52.780043,0.070316
52.800000,0.092084
52.819971,0.213957
52.840109,0.327757
52.860057,0.393988
52.880101,0.430965
52.900085,0.360243
52.919954,0.285373
52.939987,0.227098
52.959979,0.192216
52.979931,0.182360
52.999991,0.176010
53.019957,0.182497
53.039947,0.163259
53.059975,0.152435
53.079968,0.172756
53.099969,0.213670
53.119913,0.426243
53.139936,0.410284
53.159993,0.390362
53.179955,0.302725
53.199947,0.247690
53.220031,0.221411
53.240083,0.192742
53.259989,0.147221
53.280057,0.088414
53.300041,0.113605
53.319949,0.128522
53.339986,0.143773
53.360002,0.162657
53.379951,0.184349
53.399991,0.205013
53.420014,0.232730
53.440081,0.251065
53.459971,0.242345
53.479970,0.362157
53.499974,0.329485
53.519959,0.236852
53.539987,0.229451
53.560005,0.187279
53.579951,0.139348
53.600038,0.126241
53.620156,0.118312
53.640144,0.111702
53.660002,0.102201
53.679962,0.103687
53.700208,0.111522
53.720047,0.167621
53.740121,0.281581
53.760040,0.130850
53.780037,0.146702
53.800090,0.252920
53.820098,0.232867
53.840046,0.175864
53.860143,0.143917
53.879998,0.119725
53.900183,0.101895
53.919988,0.070261
53.939963,0.071934
53.960025,0.106799
53.979993,0.119284
54.000017,0.124596
54.020016,0.110860
54.040003,0.128462
54.059950,0.280242
54.079966,0.354850
54.099953,0.204856
54.119965,0.189643
54.139946,0.154641
54.160012,0.111833
54.179957,0.105352
54.199949,0.097993
54.220032,0.085596
54.240061,0.085057
54.259985,0.099724
54.280000,0.100699
54.300169,0.303597
54.320028,0.178290
54.340082,0.091796
54.360044,0.172756
54.379959,0.268561
54.399981,0.208100
54.420051,0.124606
54.440036,0.071342
54.459964,0.077973
54.479954,0.137411
54.499974,0.208537
54.520083,0.204582
54.540044,0.150031
54.560051,0.143525
54.579979,0.150131
54.599989,0.187437
54.620342,0.270122
54.640121,0.398139
54.660180,0.334650
54.680073,0.256404
54.700140,0.244227
54.719954,0.176271
54.740098,0.113161
54.759982,0.080421
54.780000,0.070035
54.800092,0.055039
54.820096,0.052873
54.839957,0.047287
54.860194,0.041691
54.879993,0.047551
54.899964,0.050297
54.919949,0.052041
54.939988,0.057810
54.960062,0.054792
54.980099,0.144049
55.000068,0.179920
55.019990,0.143549
55.039936,0.035843
55.059923,0.035372
55.079996,0.030391
55.099987,0.046049
55.119928,0.055815
55.140014,0.056698
55.159955,0.054383
55.179995,0.054285
55.200089,0.060921
55.220064,0.064202
55.240154,0.096165
55.259993,0.176958
55.279996,0.191231
55.300022,0.210558
55.319961,0.283276
55.339985,0.248525
55.359967,0.220456
55.380071,0.193034
55.399972,0.204899
55.420008,0.158863
55.439953,0.108550
55.460013,0.073077
55.479986,0.068087
55.500103,0.062489
55.520168,0.098883
55.540036,0.147779
55.560058,0.051057
55.579947,0.080226
55.599981,0.132431
55.620078,0.043000
55.640002,0.045577
55.660018,0.042440
55.680058,0.049593
55.700024,0.060653
55.719956,0.060707
55.739969,0.047138
55.759974,0.064701
55.780119,0.199572
55.799996,0.166406
55.819962,0.126728
55.840069,0.101902
55.860078,0.093663
55.879958,0.090508
55.899991,0.081266
55.920077,0.064030
55.939992,0.052221
55.959964,0.039045
55.979997,0.027850
56.000285,0.028208
56.020028,0.029585
56.039988,0.034055
56.059954,0.071692
56.080057,0.375068
56.099999,0.512142
56.119933,0.520105
56.139941,0.432406
56.159962,0.374120
56.180088,0.349658
56.199948,0.295972
56.220057,0.258055
56.239981,0.212293
56.260041,0.159840
56.279957,0.147851
56.300123,0.192097
56.319960,0.132253
56.339946,0.079858
56.359953,0.088150
56.379983,0.066869
56.400040,0.062263
56.419974,0.074489
56.440018,0.089355
56.460057,0.081184
56.479950,0.069570
56.499938,0.053150
56.520142,0.047038
56.540043,0.041888
56.560007,0.052873
56.580058,0.055899
56.599931,0.116627
56.620177,0.172493
56.640029,0.189336
56.659987,0.207149
56.679976,0.227749
56.700147,0.222723
56.719936,0.298107
56.739964,0.303667
56.759959,0.197537
56.779990,0.196225
56.800056,0.202307
56.820102,0.179233
56.840072,0.146031
56.861191,0.123739
56.880065,0.097056
56.899965,0.088855
56.919979,0.082925
56.940065,0.067263
56.960133,0.102076
56.980111,0.104538
57.000071,0.050991
57.020144,0.124419
57.039956,0.053541
57.059976,0.085135
57.080001,0.065717
57.099988,0.069992
57.120045,0.060058
57.139973,0.058882
57.159960,0.056037
57.180046,0.064852
57.199998,0.156262
57.220113,0.175016
57.239985,0.180564
57.260071,0.211522
57.279954,0.273572
57.299964,0.277210
57.319985,0.208356
57.340057,0.229219
57.359945,0.203543
57.379991,0.201378
57.400073,0.157021
57.420056,0.105900
57.439999,0.080808
57.459970,0.072018
57.479992,0.116290
57.499943,0.163372
57.519948,0.086887
57.539970,0.091826
57.560015,0.068349
57.579969,0.058454
57.600045,0.055890
57.620222,0.048064
57.640013,0.051451
57.659984,0.054937
57.680087,0.058191
57.699990,0.052206
57.719957,0.067627
57.739972,0.066945
57.759985,0.196787
57.780034,0.198640
57.799971,0.190469
57.819990,0.211616
57.839995,0.264334
57.859978,0.283867
57.880078,0.270398
57.900083,0.251355
57.919991,0.240737
57.939961,0.217541
57.959963,0.156049
57.979955,0.111514
58.000004,0.091779
58.020083,0.086650
58.039998,0.093607
58.060011,0.161446
58.079975,0.072274
58.100003,0.101991
58.120000,0.109736
58.139991,0.068038
58.159991,0.043497
58.179947,0.058503
58.200076,0.050379
58.220062,0.059999
58.239988,0.069543
58.259992,0.062682
58.279959,0.047559
58.299987,0.064295
58.320078,0.146582
58.340049,0.188946
58.360058,0.186417
58.379970,0.201769
58.400040,0.249236
58.420023,0.340008
58.440065,0.228845
58.459992,0.177142
58.480002,0.176121
58.499992,0.203298
58.519985,0.191290
58.540062,0.144772
58.560053,0.107773
58.579982,0.089839
58.599994,0.094182
58.620152,0.164793
58.640055,0.071407
58.660013,0.085626
58.680025,0.096832
58.700013,0.068735
58.719923,0.042682
58.739907,0.048618
58.759900,0.062765
58.779948,0.067602
58.799971,0.066609
58.819932,0.063682
58.839901,0.055392
58.859957,0.050411
58.880148,0.153015
58.900024,0.179084
58.920040,0.174697
58.939982,0.186325
58.960100,0.219697
58.980045,0.316614
58.999961,0.324760
59.019967,0.252127
59.039991,0.195553
59.059996,0.160838
59.079947,0.145764
59.099973,0.120142
59.119953,0.087530
59.140039,0.073226
59.159968,0.076697
59.179909,0.140943
59.199921,0.109074
59.219995,0.076269
59.240057,0.083520
59.259918,0.118112
59.279911,0.035787
59.300073,0.056277
59.319938,0.043554
59.339932,0.061309
59.359956,0.055668
59.379900,0.061423
59.399887,0.087412
59.419968,0.082954
59.440061,0.099418
59.460055,0.129256
59.480035,0.131701
59.499946,0.127892
59.520100,0.145720
59.540126,0.196588
59.559981,0.261589
59.580007,0.267464
59.599966,0.250487
59.620114,0.247527
59.640055,0.259983
59.660016,0.292840
59.679999,0.270575
59.700136,0.232310
59.720052,0.204610
59.739954,0.196084
59.759989,0.199682
59.779982,0.176855
59.800250,0.112332
59.820049,0.091514
59.839980,0.127019
59.860065,0.141043
59.879984,0.083572
59.899987,0.104793
59.919987,0.091132
59.939947,0.066622
59.959938,0.070731
59.979984,0.055607
60.000066,0.058260
60.019987,0.045966
60.039942,0.083975
60.059971,0.062443
60.079998,0.229235
60.099958,0.233153
60.120054,0.333364
60.139963,0.530381
60.159997,0.392794
60.179963,0.267475
60.199998,0.237858
60.220210,0.226498
60.240050,0.179680
60.259996,0.169431
60.279960,0.171724
60.299971,0.151264
60.320082,0.115855
60.339970,0.112167
60.359955,0.107474
60.379972,0.110642
60.400047,0.194227
60.420067,0.263468
60.440069,0.271453
60.460020,0.112592
60.479938,0.109430
60.499964,0.113780
60.520035,0.077528
60.539968,0.056063
60.559974,0.038643
60.580065,0.025969
60.600025,0.043345
60.620136,0.078328
60.640058,0.051377
60.660031,0.050817
60.679982,0.065125
60.699955,0.308312
60.719969,0.269595
60.739957,0.394322
60.759981,0.452608
60.779946,0.284796
60.799949,0.225707
60.819998,0.236428
60.839999,0.272857
60.860092,0.244049
60.879991,0.200828
60.900200,0.192827
60.920148,0.183016
60.939938,0.173248
60.960100,0.129939
60.979997,0.119499
60.999984,0.222470
61.020059,0.238397
61.039960,0.280450
61.059989,0.187456
61.080084,0.145389
61.099932,0.124801
61.119988,0.084424
61.139987,0.067826
61.160060,0.049682
61.179957,0.037074
61.199939,0.031285
61.220036,0.058100
61.240090,0.046995
61.259956,0.070358
61.279979,0.123396
61.299952,0.281762
61.320033,0.339939
61.340072,0.504251
61.360078,0.531637
61.379931,0.353396
61.399986,0.261827
61.420005,0.286417
61.439986,0.235386
61.460042,0.190792
61.480058,0.182334
61.500000,0.155642
61.520046,0.119401
61.539998,0.131590
61.559965,0.157108
61.580104,0.188005
61.600065,0.315413
61.620128,0.235133
61.640018,0.269159
61.659967,0.259958
61.679970,0.205433
61.699996,0.192761
61.720028,0.156459
61.740104,0.151478
61.760054,0.138922
61.779984,0.105774
61.799966,0.098546
61.819963,0.116193
61.839946,0.162427
61.860001,0.381906
61.880003,0.343920
61.899983,0.341656
61.919992,0.342326
61.939956,0.254464
61.959999,0.222206
61.979948,0.251270
61.999999,0.214104
62.019995,0.166821
62.039986,0.155090
62.059981,0.123745
62.079976,0.116747
62.100083,0.160870
62.119944,0.152562
62.140041,0.226120
62.159953,0.308961
62.179942,0.249043
62.199946,0.158588
62.220066,0.125621
62.239979,0.106209
62.260033,0.100604
62.279964,0.085368
62.299985,0.085212
62.319968,0.100989
62.339974,0.080286
62.359952,0.077733
62.379957,0.087024
62.400085,0.165213
62.420110,0.248597
62.440077,0.102143
62.459954,0.077717
62.480045,0.079373
62.499950,0.117798
62.519986,0.108488
62.540115,0.117193
62.560118,0.111540
62.579922,0.150058
62.600117,0.185897
62.620177,0.242315
62.639965,0.332670
62.659951,0.484588
62.680188,0.770645
62.700073,0.736067
62.719962,0.640914
62.740023,0.460467
62.760046,0.369696
62.779990,0.274689
62.799959,0.331582
62.820029,0.688350
62.840120,0.431041
62.859991,0.221358
62.879970,0.163840
62.899964,0.182874
62.920201,0.182324
62.940101,0.147911
62.960053,0.103691
62.980037,0.084867
62.999980,0.107195
63.019962,0.104308
63.039961,0.103412
63.060034,0.094289
63.080014,0.107577
63.099961,0.057780
63.119985,0.165825
63.139963,0.245030
63.160060,0.204755
63.180049,0.208567
63.199967,0.203160
63.220153,0.232229
63.240065,0.215098
63.259958,0.197151
63.279958,0.197359
63.299945,0.203739
63.319967,0.203874
63.339956,0.208081
63.360005,0.214585
63.380080,0.223306
63.399965,0.122770
63.419954,0.152590
63.440077,0.296237
63.460046,0.348931
63.480025,0.341434
63.499956,0.335000
63.519896,0.317961
63.540078,0.130955
63.559954,0.190570
63.580001,0.141529
63.600024,0.149088
63.620165,0.136272
63.640019,0.079461
63.660006,0.090813
63.680121,0.107786
63.700016,0.171847
63.719964,0.226612
63.739954,0.383530
63.760009,0.457137
63.779960,0.332087
63.799949,0.226959
63.820243,0.182129
63.840045,0.178558
63.860121,0.123965
63.880039,0.051543
63.899976,0.106281
63.919944,0.158533
63.939994,0.193393
63.959989,0.239142
63.980088,0.345777
63.999956,0.276003
64.019975,0.152262
64.039955,0.079224
64.060017,0.097387
64.079992,0.068244
64.100063,0.045834
64.119938,0.055460
64.139953,0.069718
64.159948,0.074314
64.180152,0.066470
64.200046,0.056003
64.220235,0.046807
64.240010,0.043001
64.259990,0.045648
64.279972,0.078240
64.300142,0.168635
64.319990,0.186539
64.340016,0.197268
64.360037,0.240189
64.379946,0.258180
64.400092,0.303917
64.420134,0.366291
64.440160,0.290376
64.460143,0.251100
64.480249,0.239335
64.500063,0.219771
64.520116,0.163296
64.540147,0.152499
64.560155,0.135722
64.580098,0.125262
64.600154,0.113922
64.620312,0.114314
64.640176,0.103282
64.660152,0.151477
64.680147,0.101158
64.699980,0.201544
64.719984,0.092974
64.739942,0.037637
64.760099,0.046499
64.780140,0.031255
64.800149,0.050700
64.820167,0.058860
64.840132,0.067527
64.860240,0.072731
64.880072,0.074607
64.900110,0.234113
64.920131,0.226910
64.940371,0.205101
64.960141,0.282516
64.980091,0.344075
65.000149,0.265776
65.020087,0.196498
65.040108,0.169289
65.060118,0.188975
65.080190,0.170307
65.100095,0.118869
65.120085,0.087894
65.140089,0.094173
65.160150,0.144515
65.180236,0.167840
65.200350,0.177536
65.220099,0.244033
65.240089,0.268808
65.260128,0.209960
65.280064,0.190605
65.300101,0.195600
65.320116,0.158430
65.340181,0.107714
65.360169,0.073754
65.380133,0.078209
65.400116,0.083255
65.420134,0.084831
65.440172,0.087361
65.460298,0.059662
65.479952,0.106314
65.500147,0.074568
65.520160,0.093143
65.540119,0.168972
65.560189,0.265515
65.580319,0.296901
65.600207,0.218675
65.620189,0.217474
65.640094,0.234704
65.659969,0.238839
65.680162,0.213685
65.700042,0.187340
65.719978,0.183806
65.739958,0.176527
65.760178,0.161531
65.780090,0.097903
65.800024,0.124033
65.820079,0.144649
65.840055,0.287293
65.859934,0.251667
65.879930,0.151887
65.900046,0.159171
65.920086,0.132819
65.940072,0.068415
65.960071,0.050235
65.980084,0.052420
66.000085,0.028737
66.019997,0.037881
66.039984,0.032320
66.059970,0.050406
66.080064,0.088720
66.100090,0.193490
66.120078,0.227426
66.140088,0.379099
66.160029,0.284902
66.180056,0.194682
66.200238,0.160859
66.220203,0.149486
66.240139,0.136748
66.260010,0.121643
66.280007,0.114189
66.299966,0.113489
66.319973,0.107373
66.340150,0.104883
66.359978,0.117248
66.380081,0.175778
66.400043,0.159082
66.419955,0.180881
66.440146,0.112204
66.459970,0.219956
66.480041,0.177977
66.500060,0.165093
66.520084,0.140401
66.540069,0.107508
66.560169,0.097346
66.579955,0.119868
66.599954,0.132224
66.620341,0.158720
66.639959,0.162495
66.660097,0.169978
66.680036,0.360734
66.700092,0.326309
66.720027,0.337870
66.740059,0.412470
66.760042,0.371732
66.780124,0.344186
66.800029,0.301760
66.820079,0.221509
66.840073,0.157136
66.859920,0.101206
66.880012,0.074613
66.900061,0.110824
66.920074,0.161532
66.939931,0.194246
66.960244,0.286317
66.979985,0.154669
67.000070,0.170669
67.020192,0.200979
67.039987,0.095543
67.060100,0.067580
67.080235,0.058790
67.100028,0.063653
67.120026,0.077397
67.140133,0.080305
67.159973,0.085372
67.180044,0.073090
67.200055,0.060869
67.220205,0.066369
67.240212,0.070628
67.259943,0.225829
67.280098,0.219195
67.300077,0.199879
67.319995,0.245138
67.340024,0.344486
67.360047,0.288658
67.380111,0.206842
67.400080,0.178946
67.420044,0.164055
67.440074,0.176705
67.460049,0.130035
67.480082,0.097710
67.500062,0.087566
67.519982,0.079216
67.539955,0.116954
67.560048,0.072490
67.580087,0.107331
67.600053,0.111355
67.620099,0.071894
67.640044,0.041977
67.660096,0.048054
67.680134,0.055298
67.700130,0.070771
67.720065,0.062791
67.740055,0.051004
67.760033,0.059595
67.780047,0.071212
67.800088,0.185615
67.820075,0.204775
67.840238,0.183683
67.860058,0.197524
67.880038,0.285076
67.900057,0.276784
67.920082,0.215641
67.939977,0.236433
67.960121,0.243280
67.980037,0.212793
68.000150,0.148088
68.020051,0.108327
68.040042,0.071848
68.060115,0.074956
68.080055,0.107123
68.100083,0.136490
68.120049,0.060303
68.140101,0.110000
68.160059,0.131325
68.180058,0.049605
68.199971,0.064449
68.220296,0.060549
68.240062,0.059830
68.260138,0.058272
68.280094,0.066783
68.300022,0.052496
68.319972,0.058477
68.340028,0.076106
68.360075,0.192049
68.380045,0.195409
68.400051,0.190095
68.420003,0.210804
68.440121,0.249187
68.459980,0.340506
68.479921,0.294295
68.499967,0.251086
68.520040,0.243439
68.540098,0.183643
68.560045,0.173915
68.580021,0.127368
68.599953,0.091068
68.620425,0.071682
68.639951,0.090298
68.659972,0.158010
68.679968,0.092007
68.700076,0.106790
68.720042,0.104475
68.740047,0.044069
68.759978,0.057473
68.780033,0.057229
68.800089,0.061467
68.819960,0.062028
68.840081,0.061394
68.860016,0.047927
68.879933,0.056011
68.900107,0.060858
68.920049,0.164628
68.939960,0.188675
68.960088,0.184131
68.980051,0.206191
69.000166,0.222682
69.019975,0.278072
69.039914,0.229222
69.060098,0.227270
69.080103,0.204581
69.099964,0.171024
69.120092,0.186331
69.139984,0.140840
69.160087,0.105122
69.179954,0.082948
69.200166,0.089530
69.220482,0.163237
69.240023,0.112269
69.259968,0.071144
69.280027,0.081804
69.299988,0.097985
69.319967,0.042364
69.340087,0.061725
69.360014,0.062801
69.380114,0.053237
69.399970,0.056676
69.420118,0.061832
69.440112,0.063284
69.460039,0.059992
69.480088,0.110694
69.500058,0.185355
69.519988,0.191700
69.540075,0.208051
69.560105,0.226543
69.580096,0.279980
69.600086,0.227199
69.620279,0.223910
69.640129,0.239777
69.659989,0.220129
69.679986,0.159307
69.700052,0.118548
69.719986,0.097895
69.740084,0.081196
69.759955,0.104395
69.780099,0.168775
69.800084,0.093781
69.820078,0.085398
69.840098,0.100791
69.860058,0.049858
69.880080,0.056936
69.900055,0.043257
69.920009,0.057410
69.940035,0.067870
69.959956,0.053139
69.980085,0.059900
70.000036,0.060446
70.020086,0.054104
70.039943,0.147330
70.059957,0.174345
70.080065,0.168363
70.099965,0.187082
70.120085,0.208509
70.140086,0.300783
70.160041,0.259235
70.180020,0.198683
70.200100,0.183057
70.220020,0.211821
70.240068,0.172367
70.260157,0.130781
70.279951,0.110366
70.300152,0.100608
70.320100,0.086323
70.340246,0.114464
70.360089,0.153820
70.379965,0.062331
70.400097,0.102945
70.420092,0.073364
70.440079,0.038592
70.460057,0.038353
70.480077,0.039204
70.500052,0.059928
70.520051,0.071144
70.540052,0.050099
70.560053,0.059406
70.580065,0.056206
70.600029,0.067265
70.620151,0.196711
70.640041,0.207193
70.659960,0.197136
70.679972,0.211079
70.699971,0.290578
70.720045,0.247433
70.740088,0.242030
70.760086,0.207143
70.779982,0.171521
70.799981,0.184252
70.820111,0.138656
70.840279,0.105131
70.860102,0.081538
70.879936,0.072430
70.900075,0.098413
70.920071,0.141323
70.940031,0.053836
70.960092,0.106243
70.980107,0.069171
71.000129,0.036253
71.020087,0.040443
71.039990,0.048008
71.060029,0.057693
71.080100,0.061151
71.100011,0.049879
71.120095,0.059547
71.140159,0.072004
71.160065,0.078872
71.180048,0.183644
71.200032,0.198156
71.221568,0.204921
71.240216,0.225698
71.259986,0.294390
71.280048,0.344128
71.300103,0.274104
71.320034,0.202270
71.340074,0.219375
71.360016,0.117393
71.380050,0.173455
71.400053,0.264469
71.420105,0.246129
71.440104,0.170310
71.459958,0.255084
71.480046,0.183600
71.500071,0.129956
71.520057,0.192524
71.540078,0.103388
71.560047,0.125187
71.580050,0.141155
71.600305,0.128029
71.620278,0.078124
71.639937,0.040005
71.659991,0.036838
71.680107,0.050620
71.699991,0.062291
71.719970,0.070813
71.740014,0.058857
71.759994,0.042427
71.780064,0.128699
71.800093,0.273514
71.820091,0.226328
71.839940,0.178896
71.860093,0.193653
71.879960,0.212846
71.900035,0.192236
71.920012,0.165565
71.940011,0.168871
71.960080,0.186188
71.980065,0.169353
72.000119,0.157244
72.020092,0.164333
72.040083,0.153992
72.060170,0.234994
72.080157,0.304471
72.099963,0.235990
72.120101,0.204104
72.140129,0.160407
72.160085,0.159875
72.180073,0.132334
72.200086,0.083182
72.220009,0.076991
72.240063,0.112466
72.260023,0.121630
72.280017,0.157035
72.299957,0.159208
72.319945,0.188365
72.339937,0.264462
72.359975,0.291959
72.380146,0.439241
72.399965,0.421712
72.420058,0.301569
72.439996,0.248859
72.460085,0.169926
72.480111,0.116918
72.499981,0.101399
72.520046,0.085476
72.540054,0.079009
72.560164,0.112828
72.580056,0.136978
72.600080,0.151974
72.620232,0.221313
72.640064,0.310563
72.660035,0.229095
72.680033,0.262410
72.699952,0.187497
72.719982,0.180464
72.739910,0.171246
72.760126,0.126706
72.780077,0.090361
72.800094,0.076635
72.819946,0.084954
72.839969,0.099173
72.859984,0.102798
72.879992,0.104712
72.899947,0.125600
72.920061,0.095715
72.940107,0.136899
72.960049,0.269364
72.980051,0.274416
73.000284,0.199207
73.020097,0.212358
73.040143,0.195629
73.060077,0.151703
73.079950,0.128088
73.100018,0.114209
73.119962,0.099059
73.139973,0.099760
73.160071,0.088958
73.180072,0.106608
73.200288,0.258452
73.219993,0.092385
73.239989,0.105592
73.260090,0.148886
73.280072,0.195883
73.300084,0.150445
73.319968,0.128068
73.340034,0.133885
73.360059,0.103477
73.380041,0.069705
73.400020,0.059533
73.419986,0.084689
73.439949,0.093824
73.460041,0.095740
73.479942,0.072369
73.499935,0.104658
73.519977,0.199092
73.539967,0.205381
73.560236,0.197222
73.580113,0.163422
73.600047,0.139975
73.620252,0.106904
73.640024,0.076139
73.660051,0.062359
73.680016,0.059775
73.700094,0.071722
73.719958,0.077733
73.740119,0.088086
73.760062,0.220605
73.780038,0.071855
73.800083,0.068388
73.820077,0.098360
73.839954,0.105084
73.860073,0.116636
73.880196,0.100865
73.900067,0.100243
73.920038,0.081552
73.940062,0.074172
73.959945,0.064563
73.980110,0.053289
74.000117,0.042729
74.019944,0.030049
74.040162,0.024066
74.059995,0.015700
74.080043,0.009589
74.100057,0.005559
74.120091,0.004469
74.140098,0.008745
74.160052,0.014594
74.180090,0.018559
74.200058,0.020289
74.220018,0.021579
74.240066,0.022789
74.259966,0.026138
74.280089,0.028815
74.300058,0.030850
74.320067,0.033014
74.340041,0.034307
74.360141,0.035640
74.380008,0.037153
74.399967,0.038501
74.420103,0.039193
74.439970,0.039638
74.460078,0.041163
74.480098,0.041536
74.500058,0.040226
74.519971,0.046606
74.539959,0.070404
74.560085,0.179320
74.580073,0.206415
74.600138,0.156838
74.620329,0.114257
74.640114,0.111061
74.660189,0.117769
74.680019,0.114321
74.699994,0.097347
74.720137,0.067510
74.740085,0.065370
74.759949,0.056038
74.779965,0.055129
74.799987,0.090841
74.820057,0.097611
74.840219,0.040301
74.860010,0.095215
74.880080,0.105973
74.900040,0.085565
74.919981,0.080967
74.939949,0.075251
74.960063,0.070039
74.980102,0.072064
75.000136,0.073489
75.020300,0.079282
75.040013,0.085490
75.060151,0.092913
75.079978,0.171509
75.100026,0.209491
75.120032,0.227135
75.140085,0.252453
75.159937,0.272611
75.179979,0.254649
75.200074,0.179049
75.219991,0.191792
75.239967,0.178070
75.259976,0.148663
75.280021,0.166444
75.300090,0.126768
75.320043,0.089939
75.340234,0.077316
75.359960,0.083905
75.379989,0.097284
75.400034,0.083485
75.420105,0.115955
75.439959,0.072403
75.460078,0.125503
75.479952,0.090016
75.499946,0.040374
75.519973,0.050677
75.539996,0.054635
75.560168,0.053607
75.580042,0.058919
75.599980,0.054833
75.620182,0.064065
75.640060,0.099068
75.659966,0.171976
75.679973,0.191125
75.700100,0.186080
75.719982,0.232306
75.739943,0.335492
75.760000,0.364792
75.779932,0.283539
75.799980,0.213963
75.819988,0.176999
75.839962,0.195603
75.860113,0.165154
75.879997,0.114973
75.899953,0.079025
75.919959,0.089557
75.939957,0.125914
75.960198,0.196586
75.979974,0.103598
75.999982,0.108858
76.019954,0.138724
76.039974,0.044685
76.059967,0.055490
76.079950,0.054519
76.100056,0.051409
76.119958,0.046594
76.139939,0.066215
76.159950,0.053350
76.180105,0.061925
76.199992,0.051753
76.220002,0.190792
76.239968,0.201237
76.259970,0.182780
76.279947,0.213143
76.299958,0.281567
76.319945,0.343001
76.339938,0.255122
76.360050,0.224530
76.379967,0.188648
76.399955,0.191985
76.420010,0.151957
76.439992,0.109505
76.459998,0.085255
76.479950,0.082324
76.500104,0.088399
76.520159,0.112443
76.539936,0.090827
76.559980,0.092835
76.579975,0.091967
76.599955,0.081475
76.620323,0.037231
76.640021,0.047506
76.659995,0.047631
76.679987,0.062053
76.700191,0.069430
76.719965,0.061796
76.739975,0.054548
76.759962,0.046015
76.779979,0.185565
76.799967,0.178587
76.819966,0.168903
76.839986,0.198934
76.860006,0.256607
76.879991,0.289411
76.899982,0.230356
76.919973,0.183781
76.940113,0.175179
76.960049,0.202664
76.980122,0.192083
77.000027,0.143079
77.019966,0.089816
77.040225,0.073403
77.060269,0.097042
77.080003,0.179950
77.100065,0.146671
77.120186,0.108155
77.139980,0.074845
77.160070,0.104794
77.179964,0.159382
77.199958,0.181670
77.219972,0.188134
77.239973,0.099992
77.259972,0.546123
77.279888,0.518056
77.299644,0.468462
77.318921,0.622031
77.339474,0.707554
77.359650,0.797778
77.378594,0.586996
77.398574,0.476919
77.419462,0.299184
77.438582,0.174790
77.458748,0.205258
77.478540,0.247416
77.498566,0.289641
77.519475,0.402253
77.538601,0.382079
77.558538,0.308867
77.578528,0.298843
77.599506,0.343125
77.618591,0.302759
77.638600,0.241376
77.659697,0.188434
77.679710,0.152428
77.698579,0.117228
77.718538,0.084827
77.738529,0.093919
77.758528,0.112207
77.778564,0.126331
77.798577,0.135168
77.819557,0.158534
77.838779,0.243986
77.858564,0.223793
77.879450,0.276882
77.899501,0.351381
77.919543,0.268132
77.938580,0.201977
77.958570,0.193277
77.978577,0.198726
77.999519,0.172180
78.018572,0.130697
78.038555,0.103813
78.058573,0.095973
78.078592,0.091632
78.098531,0.082729
78.118559,0.128296
78.138528,0.117566
78.158528,0.067317
78.178522,0.178028
78.198523,0.233228
78.218569,0.185095
78.238593,0.171158
78.258542,0.169178
78.278536,0.150746
78.298527,0.108807
78.319472,0.065597
78.338560,0.048317
78.358539,0.059456
78.379425,0.066959
78.399563,0.077378
78.419421,0.086145
78.438607,0.193261
78.458611,0.134954
78.478599,0.094188
78.498545,0.222923
78.518533,0.311726
78.538530,0.277309
78.558555,0.201611
78.578544,0.175775
78.599543,0.155183
78.618596,0.116218
78.638538,0.082187
78.658583,0.065082
78.678521,0.057022
78.698567,0.062483
78.718579,0.096423
78.738579,0.226881
78.758564,0.164869
78.778597,0.132294
78.799493,0.200107
78.818524,0.165231
78.838566,0.154592
78.858558,0.158276
78.879589,0.137496
78.898613,0.089637
78.919714,0.044182
78.938612,0.022553
78.958533,0.026151
78.978531,0.036867
78.998782,0.050105
79.018579,0.064207
79.039456,0.186559
79.058611,0.081491
79.078611,0.083679
79.098602,0.207559
79.118576,0.251658
79.138613,0.166178
79.158584,0.145369
79.178540,0.160014
79.198601,0.169813
79.218602,0.149670
79.239495,0.126402
79.258593,0.122372
79.278581,0.133217
79.298533,0.136210
79.318585,0.106092
79.338602,0.110025
79.358586,0.075784
79.378903,0.203636
79.398607,0.251359
79.419439,0.181107
79.438583,0.174877
79.458540,0.175195
79.478596,0.146490
79.498583,0.099012
79.518580,0.058431
79.538676,0.042068
79.558574,0.034723
79.578612,0.038323
79.598921,0.040620
79.618563,0.061773
79.639477,0.191870
79.658598,0.122266
79.679468,0.178659
79.699732,0.365554
79.718618,0.337211
79.738581,0.216706
79.759502,0.175328
79.778555,0.166573
79.798585,0.133889
79.818570,0.102198
79.838575,0.097374
79.858532,0.096494
79.879703,0.092099
79.899653,0.086153
79.918542,0.075491
79.938686,0.173587
79.958553,0.145510
79.978538,0.137695
79.998618,0.253880
80.019469,0.207743
80.038600,0.178603
80.059695,0.180948
80.078583,0.171594
80.099552,0.131593
80.118554,0.086799
80.138574,0.061616
80.158602,0.063330
80.178611,0.064022
80.198536,0.066409
80.218547,0.063487
80.238586,0.059625
80.258598,0.216936
80.278583,0.126015
80.298588,0.203867
80.318594,0.373786
80.338538,0.315049
80.358578,0.199912
80.379437,0.181172
80.398614,0.189412
80.418548,0.166132
80.438546,0.132869
80.458894,0.119025
80.478586,0.122673
80.498568,0.122194
80.518555,0.114585
80.538596,0.095079
80.558543,0.156915
80.578588,0.143524
80.599822,0.191272
80.618577,0.308414
80.638595,0.236336
80.658580,0.195032
80.678616,0.191404
80.698607,0.175266
80.718573,0.130606
80.738543,0.089036
80.758566,0.069589
80.778585,0.054635
80.798608,0.039108
80.818599,0.040483
80.838603,0.061790
80.858579,0.079729
80.878556,0.170138
80.899628,0.201218
80.919520,0.266478
80.939565,0.396713
80.958678,0.326248
80.978573,0.201730
80.999746,0.169209
81.018717,0.159081
81.039540,0.119866
81.058610,0.079561
81.078690,0.060691
81.098688,0.056344
81.119816,0.052035
81.138688,0.059338
81.158692,0.061315
81.178689,0.070810
81.198577,0.234039
81.218553,0.182135
81.238537,0.272759
81.259647,0.343084
81.279556,0.271056
81.298676,0.266736
81.318681,0.251304
81.339036,0.192663
81.359885,0.162675
81.378670,0.130246
81.399529,0.104323
81.420120,0.087866
81.438657,0.075358
81.458662,0.074858
81.478646,0.070412
81.498687,0.085453
81.519706,0.174278
81.539769,0.083552
81.558676,0.261914
81.579529,0.299937
81.598705,0.173452
81.619789,0.124570
81.638691,0.117687
81.658702,0.096264
81.678677,0.093143
81.698667,0.096450
81.718667,0.103150
81.738565,0.110887
81.758557,0.112730
81.778573,0.107787
81.799590,0.080465
81.818661,0.256279
81.838710,0.293731
81.858556,0.407411
81.878578,0.394677
81.898879,0.262013
81.918602,0.274140
81.938893,0.271534
81.959670,0.231159
81.978698,0.167142
81.998702,0.119786
82.018614,0.094650
82.039455,0.074441
82.058701,0.059790
82.078594,0.067856
82.098592,0.079759
82.118609,0.104831
82.138614,0.236036
82.158590,0.269947
82.178549,0.422991
82.198589,0.308666
82.219635,0.175134
82.239973,0.197366
82.258607,0.250022
82.278549,0.247425
82.298585,0.221256
82.318593,0.191699
82.338587,0.171550
82.358591,0.158339
82.378577,0.147966
82.398749,0.124954
82.419627,0.077445
82.439714,0.193287
82.458575,0.198882
82.478592,0.282849
82.498572,0.198087
82.518576,0.202510
82.539487,0.212537
82.558663,0.204174
82.578693,0.164637
82.598562,0.110285
82.618601,0.082841
82.638549,0.077151
82.658600,0.072086
82.678593,0.070382
82.699713,0.060416
82.719709,0.087927
82.739722,0.263889
82.758942,0.299805
82.778720,0.456895
82.798596,0.403236
82.819577,0.274478
82.838601,0.215739
82.858607,0.186720
82.878586,0.135872
82.900054,0.105838
82.919785,0.104988
82.938583,0.105209
82.958853,0.101418
82.978597,0.101334
82.998580,0.095615
83.019781,0.099674
83.038835,0.108843
83.058595,0.172546
83.078550,0.201984
83.098539,0.339556
83.118549,0.198220
83.138591,0.192186
83.158577,0.211979
83.178574,0.191836
83.199692,0.143129
83.218595,0.098951
83.238550,0.091338
83.258610,0.087527
83.278591,0.075047
83.298606,0.068412
83.318578,0.061358
83.338627,0.062926
83.358591,0.097897
83.378611,0.239594
83.398617,0.259105
83.419520,0.434049
83.438585,0.377831
83.458595,0.232388
83.478577,0.192639
83.498615,0.168064
83.518592,0.143308
83.539521,0.128688
83.558589,0.122696
83.578610,0.129194
83.599471,0.130001
83.618830,0.132587
83.639487,0.121465
83.658588,0.106762
83.678890,0.171558
83.698595,0.175489
83.718600,0.275156
83.738592,0.324730
83.758617,0.222967
83.778598,0.205539
83.798549,0.204497
83.818615,0.176816
83.838591,0.125744
83.858571,0.087706
83.878585,0.079475
83.898875,0.070946
83.918582,0.061192
83.938614,0.055607
83.958580,0.066575
83.978554,0.092684
83.998859,0.185156
84.018578,0.257729
84.039525,0.382700
84.058628,0.443824
84.079481,0.341311
84.098619,0.253653
84.118585,0.218215
84.138598,0.179756
84.159702,0.132845
84.179687,0.115813
84.198548,0.115043
84.218573,0.114349
84.238560,0.111113
84.259511,0.111172
84.278561,0.098378
84.298608,0.097410
84.318588,0.188710
84.338575,0.186663
84.358661,0.260330
84.378925,0.304363
84.399558,0.213734
84.418617,0.202881
84.438551,0.202250
84.458586,0.177656
84.478589,0.128272
84.498612,0.090941
84.518588,0.085700
84.539436,0.081110
84.558587,0.073867
84.578593,0.069021
84.598938,0.060972
84.618908,0.077846
84.638600,0.169915
84.658601,0.236223
84.678597,0.345675
84.698545,0.439315
84.719560,0.331779
84.738533,0.243310
84.758587,0.212782
84.778598,0.188605
84.798547,0.143470
84.818607,0.120507
84.838545,0.122789
84.858532,0.126093
84.878598,0.124499
84.898546,0.124825
84.919767,0.110316
84.938595,0.105424
84.958595,0.208035
84.978817,0.176918
84.998607,0.320222
85.018582,0.314779
85.038588,0.212645
85.058581,0.202517
85.079524,0.200640
85.098614,0.164468
85.118596,0.113744
85.138584,0.086290
85.158535,0.080107
85.178572,0.070726
85.198580,0.063766
85.218554,0.058342
85.238585,0.068734
85.258619,0.100260
85.278550,0.264952
85.299658,0.238116
85.318544,0.406399
85.338599,0.433847
85.359499,0.307329
85.379748,0.241148
85.398612,0.218533
85.419435,0.176905
85.438581,0.134940
85.458587,0.120832
85.478541,0.120954
85.498599,0.120250
85.518585,0.118288
85.538602,0.116218
85.558576,0.109141
85.578573,0.108032
85.598584,0.226270
85.618867,0.224522
85.638596,0.345943
85.658995,0.308941
85.679511,0.221145
85.698614,0.215160
85.718590,0.212730
85.738595,0.173345
85.758600,0.119212
85.779484,0.091353
85.798566,0.077502
85.819624,0.091159
85.838548,0.127603
85.858625,0.149297
85.878582,0.188314
85.898585,0.218608
85.918612,0.327169
85.938581,0.348741
85.958602,0.429563
85.978585,0.356739
85.998587,0.243861
86.018600,0.193969
86.038609,0.152271
86.058600,0.112408
86.078579,0.088886
86.098536,0.080556
86.118573,0.067529
86.138544,0.077661
86.158878,0.101068
86.178539,0.129127
86.198536,0.191743
86.218548,0.245297
86.238584,0.187747
86.258586,0.220912
86.279695,0.198806
86.298616,0.172172
86.318590,0.168691
86.338582,0.157616
86.358602,0.121127
86.378550,0.076280
86.399591,0.047405
86.418533,0.039558
86.438586,0.041944
86.458589,0.046704
86.479528,0.047986
86.498542,0.048103
86.518592,0.093609
86.539464,0.107850
86.558578,0.108886
86.578566,0.241051
86.598559,0.331115
86.619544,0.232741
86.639663,0.175422
86.659847,0.183013
86.678701,0.185426
86.699622,0.145304
86.718675,0.124655
86.738682,0.132126
86.758701,0.131856
86.779737,0.130789
86.798691,0.123652
86.818583,0.134176
86.838600,0.129548
86.859803,0.074349
86.879541,0.227872
86.898678,0.260717
86.918737,0.198851
86.939812,0.180260
86.958772,0.171130
86.978595,0.148400
86.998576,0.103220
87.018837,0.056043
87.038667,0.041226
87.058615,0.043313
87.078619,0.070854
87.098644,0.102623
87.118586,0.128683
87.138562,0.222922
87.158600,0.210120
87.178589,0.371475
87.198544,0.353011
87.218596,0.218647
87.238543,0.181435
87.258697,0.169848
87.278592,0.132997
87.298583,0.101138
87.318898,0.090045
87.338681,0.082826
87.358546,0.076007
87.378544,0.071860
87.399749,0.066023
87.418624,0.190012
87.438596,0.175349
87.458602,0.119703
87.479692,0.211263
87.498674,0.210249
87.518618,0.175045
87.538585,0.171038
87.558608,0.144143
87.578545,0.128940
87.598585,0.093152
87.619440,0.053244
87.638716,0.044899
87.658678,0.050553
87.678548,0.054283
87.698596,0.053759
87.718895,0.123616
87.738538,0.146152
87.758589,0.132331
87.778592,0.297111
87.798546,0.365588
87.819494,0.253686
87.838667,0.194407
87.858582,0.193205
87.878547,0.168018
87.898611,0.134414
87.918619,0.118073
87.939507,0.115963
87.959840,0.108549
87.978639,0.100787
88.000000,0.091027
88.018659,0.095928
88.038698,0.173917
88.059394,0.090818
88.078597,0.210466
88.098856,0.243564
88.118685,0.181069
88.138578,0.168020
88.158555,0.167057
88.178532,0.154938
88.198575,0.118690
88.218612,0.089939
88.238595,0.082017
88.258576,0.073419
88.278575,0.060328
88.298524,0.094949
88.318529,0.246178
88.338534,0.172660
88.358581,0.233848
88.378569,0.368927
88.398557,0.280134
88.419718,0.187289
88.438550,0.194254
88.458619,0.196840
88.478555,0.158844
88.498576,0.121724
88.518602,0.106643
88.539466,0.098624
88.558534,0.088764
88.578581,0.078091
88.598590,0.125478
88.619700,0.257107
88.638720,0.187115
88.658689,0.281185
88.679854,0.258190
88.698689,0.188879
88.718589,0.178781
88.738536,0.168220
88.759715,0.123689
88.778729,0.070538
88.798681,0.044285
88.819501,0.049718
88.838679,0.068735
88.858681,0.085203
88.878681,0.101848
88.898681,0.114269
88.918714,0.238682
88.939588,0.124788
88.960184,0.157544
88.978693,0.302876
88.998660,0.263709
89.018649,0.174551
89.039422,0.147165
89.059866,0.153032
89.078678,0.129854
89.098660,0.093901
89.118662,0.063791
89.138590,0.054036
89.158545,0.052102
89.178538,0.051423
89.198574,0.154359
89.218613,0.146764
89.238589,0.113010
89.258598,0.204729
89.278564,0.224851
89.298551,0.178182
89.318533,0.181783
89.338536,0.183108
89.358675,0.155321
89.379704,0.105381
89.399751,0.073323
89.418672,0.067627
89.438684,0.070950
89.458678,0.071370
89.478672,0.075581
89.498692,0.079268
89.518685,0.107645
89.538754,0.097167
89.559863,0.167423
89.578699,0.255987
89.598693,0.200290
89.619733,0.117939
89.638703,0.101582
89.658676,0.090805
89.678610,0.069427
89.698707,0.058808
89.718688,0.069763
89.738695,0.070948
89.758703,0.073175
89.778713,0.085254
89.798680,0.246142
89.818676,0.203538
89.838679,0.292666
89.858583,0.382393
89.878538,0.302847
89.899539,0.291502
89.918556,0.273723
89.939504,0.235370
89.958589,0.176418
89.978613,0.098486
89.998796,0.061723
90.018596,0.059459
90.039364,0.057110
90.058607,0.069090
90.078574,0.088258
90.098595,0.116463
90.118601,0.206917
90.138571,0.173057
90.158582,0.347717
90.178827,0.247916
90.198578,0.126097
90.218597,0.096609
90.238611,0.075428
90.258571,0.067228
90.278600,0.070320
90.298594,0.066947
90.318592,0.066840
90.338610,0.072891
90.358608,0.074982
90.378581,0.061129
90.399615,0.233575
90.418545,0.214709
90.438543,0.307709
90.459423,0.313650
90.478552,0.261235
90.498568,0.274464
90.518594,0.255681
90.539567,0.223717
90.558584,0.173655
90.578620,0.112543
90.598589,0.080405
90.619552,0.066699
90.639795,0.068550
90.659895,0.068074
90.678715,0.066686
90.698774,0.192052
90.718712,0.102751
90.738690,0.188264
90.758699,0.343985
90.778699,0.258858
90.799621,0.140347
90.818705,0.105543
90.838613,0.084919
90.859507,0.080160
90.878689,0.080487
90.898541,0.075989
90.919501,0.071356
90.938966,0.074005
90.958694,0.075963
90.979644,0.105952
90.999441,0.234650
91.018571,0.229367
91.039113,0.345184
91.058564,0.330020
91.078576,0.282266
91.098562,0.281735
91.118586,0.255787
91.138610,0.220108
91.158586,0.137813
91.178600,0.091440
91.198599,0.078595
91.218662,0.065858
91.238654,0.056537
91.259831,0.059214
91.278656,0.080551
91.298658,0.256087
91.318595,0.139579
91.338614,0.239222
91.358578,0.331639
91.378596,0.201672
91.398898,0.125850
91.418610,0.100711
91.438586,0.095757
91.458584,0.085670
91.478608,0.079483
91.498561,0.084269
91.518545,0.088885
91.538613,0.094787
91.558576,0.096019
91.578607,0.095308
91.599659,0.240795
91.619457,0.239659
91.638567,0.358500
91.658594,0.264283
91.678582,0.230179
91.699601,0.225448
91.718691,0.241592
91.738593,0.224085
91.758695,0.159859
91.779994,0.112484
91.798675,0.084584
91.818610,0.090692
91.838589,0.130434
91.858581,0.138662
91.878592,0.129478
91.899810,0.301564
91.918598,0.169387
91.939768,0.307161
91.958594,0.381917
91.978582,0.257343
91.998561,0.168375
92.018591,0.140235
92.039585,0.112205
92.059789,0.086452
92.078710,0.082814
92.099546,0.081860
92.118727,0.078109
92.138548,0.078507
92.159614,0.072294
92.178675,0.068463
92.198596,0.238398
92.219859,0.200178
92.238678,0.281612
92.258726,0.281070
92.278689,0.230614
92.298590,0.232241
92.318544,0.212820
92.338576,0.181136
92.358581,0.127239
92.378575,0.081772
92.398596,0.062092
92.418580,0.058060
92.438589,0.060913
92.459579,0.062999
92.478677,0.077579
92.498552,0.233225
92.518568,0.104796
92.538558,0.145877
92.558602,0.330189
92.578876,0.264366
92.598682,0.155563
92.619909,0.135800
92.638708,0.121992
92.658730,0.096791
92.678895,0.091458
92.698561,0.096381
92.718552,0.098375
92.738594,0.099288
92.758555,0.090437
92.779555,0.078411
92.799792,0.224906
92.818629,0.183058
92.839796,0.291338
92.858682,0.320531
92.879797,0.248193
92.898675,0.245120
92.919628,0.227405
92.938681,0.192731
92.958589,0.133705
92.979716,0.085085
92.999758,0.060707
93.019635,0.052387
93.038659,0.055605
93.058668,0.076885
93.078577,0.098061
93.098583,0.220883
93.118644,0.154246
93.138578,0.141204
93.158591,0.349318
93.178585,0.295323
93.198536,0.168277
93.218561,0.140488
93.238587,0.126491
93.258634,0.108072
93.278583,0.095783
93.298618,0.094335
93.318578,0.092222
93.338553,0.091202
93.358586,0.082853
93.378535,0.065184
93.398597,0.189793
93.418614,0.184796
93.438600,0.232840
93.458593,0.283718
93.478560,0.227838
93.498574,0.233003
93.518591,0.221589
93.538600,0.193985
93.558544,0.138348
93.579759,0.073879
93.599987,0.041385
93.620015,0.048621
93.638701,0.081614
93.658684,0.109142
93.680117,0.135293
93.698721,0.182517
93.718716,0.228817
93.738595,0.175998
93.758619,0.382174
93.778916,0.362326
93.800100,0.233573
93.818686,0.170822
93.839782,0.167815
93.858676,0.150206
93.878593,0.116953
93.898592,0.095819
93.918611,0.072855
93.938586,0.052809
93.959524,0.045192
93.979640,0.054767
93.999756,0.160135
94.018686,0.143880
94.039947,0.139199
94.058680,0.262117
94.078556,0.239315
94.098591,0.206572
94.119521,0.221058
94.138690,0.225557
94.158608,0.192893
94.178681,0.141731
94.198602,0.078069
94.218595,0.144288
94.238584,0.189872
94.258594,0.217480
94.278544,0.215602
94.299672,0.201617
94.318615,0.294305
94.339984,0.166629
94.358672,0.145713
94.378679,0.141016
94.398678,0.120516
94.419976,0.127913
94.438685,0.164410
94.458675,0.203443
94.478679,0.199161
94.498679,0.133051
94.518674,0.092028
94.539741,0.065828
94.558677,0.054219
94.580107,0.069832
94.598689,0.199380
94.619589,0.071574
94.638856,0.152411
94.658550,0.154914
94.678938,0.129293
94.698588,0.115733
94.718561,0.107766
94.738597,0.099440
94.758573,0.087043
94.778631,0.075790
94.798591,0.073471
94.818551,0.055977
94.838560,0.042134
94.858547,0.034091
94.878514,0.026052
94.898561,0.021789
94.918587,0.015410
94.938576,0.018269
94.958583,0.017120
94.978587,0.016850
94.999801,0.018085
95.018720,0.017246
95.038635,0.018630
95.058575,0.020931
95.078551,0.023037
95.098576,0.025027
95.118616,0.025496
95.138667,0.026282
95.158527,0.027187
95.178529,0.029046
95.198588,0.030227
95.218590,0.031175
95.238578,0.031967
95.258612,0.033142
95.278663,0.033133
95.298534,0.032168
95.318851,0.031921
95.338680,0.031930
95.359895,0.032956
95.379921,0.033982
95.398687,0.035007
95.418872,0.035607
95.438680,0.035784
95.459809,0.035867
95.478679,0.038315
95.498674,0.038266
95.518670,0.038078
95.538666,0.037156
95.558600,0.036136
95.578587,0.034773
95.598586,0.033437
95.619403,0.032087
95.638588,0.030763
95.658564,0.029271
95.678588,0.028565
95.698607,0.026923
95.719360,0.024030
95.738685,0.022079
95.758687,0.020385
95.778691,0.018601
95.798735,0.016807
95.818672,0.015383
95.838571,0.013221
95.858586,0.011213
95.878587,0.010514
95.898562,0.010759
95.918600,0.011021
95.938532,0.011198
95.958577,0.011258
95.978574,0.011265
95.999752,0.011605
96.018679,0.013533
96.038770,0.015843
96.058554,0.017994
96.078569,0.022966
96.098710,0.028296
96.118575,0.032528
96.139665,0.046289
96.158673,0.059496
96.178677,0.065759
96.199984,0.072736
96.219991,0.078130
96.238673,0.079454
96.258711,0.082179
96.278696,0.080553
96.298676,0.080409
96.318674,0.079647
96.338679,0.092207
96.358680,0.110322
96.378565,0.116749
96.398557,0.148213
96.418576,0.179792
96.440044,0.200089
96.458675,0.188121
96.479533,0.132979
96.498695,0.107762
96.518678,0.146457
96.538923,0.165805
96.558681,0.141789
96.579960,0.188083
96.598683,0.175118
96.619642,0.146639
96.638711,0.220752
96.659684,0.258183
96.678678,0.195148
96.698682,0.171378
96.718700,0.143902
96.739716,0.085879
96.758746,0.092054
96.778680,0.112308
96.799952,0.103249
96.818734,0.086480
96.838682,0.072548
96.858681,0.072349
96.878667,0.074527
96.898674,0.088046
96.918629,0.074797
96.938587,0.191105
96.958526,0.191359
96.978561,0.180711
96.998586,0.201489
97.019831,0.192230
97.038693,0.040680
97.058658,0.115924
97.078638,0.082438
97.098629,0.058342
97.118660,0.069801
97.138638,0.084091
97.158553,0.083105
97.178621,0.071365
97.199639,0.062825
97.218695,0.071902
97.238592,0.109827
97.258596,0.165204
97.278590,0.176326
97.299007,0.180774
97.318674,0.191289
97.338688,0.201287
97.358693,0.137809
97.378666,0.090224
97.398669,0.066271
97.418688,0.053656
97.439987,0.073541
97.459963,0.093059
97.478668,0.095156
97.498679,0.081110
97.518683,0.062871
97.538671,0.063108
97.558693,0.085666
97.578692,0.098668
97.598574,0.208115
97.619484,0.196024
97.639463,0.209313
97.658687,0.221391
97.678678,0.148785
97.698686,0.037228
97.718550,0.118448
97.738556,0.076976
97.758616,0.076581
97.778596,0.077828
97.798586,0.080648
97.818534,0.081324
97.838554,0.074426
97.858577,0.066156
97.878673,0.168082
97.898668,0.218507
97.918594,0.207593
97.938592,0.201164
97.958583,0.200369
97.978578,0.135013
97.998602,0.045521
98.018917,0.046651
98.038684,0.048757
98.058678,0.071123
98.078690,0.067061
98.099890,0.102977
98.118671,0.135997
98.139913,0.092622
98.158676,0.166973
98.178691,0.225430
98.198590,0.268057
98.218710,0.234816
98.238661,0.231864
98.259820,0.236322
98.278687,0.223213
98.298671,0.185481
98.318594,0.063252
98.338576,0.070357
98.358585,0.066102
98.378575,0.053289
98.398674,0.188577
98.418630,0.079393
98.438684,0.144143
98.458565,0.093297
98.478574,0.069835
98.498575,0.097196
98.518686,0.098282
98.538904,0.077943
98.558700,0.147212
98.578621,0.110681
98.598689,0.099837
98.619841,0.113091
98.638704,0.105913
98.659465,0.197190
98.678685,0.211544
98.698577,0.204093
98.718581,0.213664
98.738591,0.218497
98.758600,0.205442
98.778842,0.223197
98.798586,0.224156
98.818607,0.164242
98.838579,0.079868
98.858602,0.094229
98.878577,0.083434
98.898580,0.091890
98.919583,0.109327
98.938583,0.114945
98.958596,0.108574
98.978583,0.098177
98.998630,0.135203
99.018596,0.196685
99.040243,0.190185
99.059882,0.192581
99.078671,0.205967
99.098705,0.206781
99.118628,0.054208
99.138616,0.065834
99.158667,0.060377
99.178623,0.069649
99.198597,0.095974
99.218587,0.112136
99.238549,0.107949
99.258580,0.089248
99.278574,0.071569
99.298676,0.064153
99.318690,0.052924
99.338668,0.180087
99.358673,0.189973
99.378685,0.183740
99.398705,0.205581
99.418713,0.209444
99.439911,0.152006
99.459881,0.053792
99.478674,0.106214
99.498667,0.080379
99.518676,0.072268
99.538565,0.087119
99.559748,0.097280
99.578689,0.093140
99.598677,0.045883
99.619571,0.090973
99.639751,0.171441
99.659661,0.190526
99.678680,0.193080
99.698683,0.188896
99.718682,0.198694
99.738622,0.208161
99.759583,0.108489
99.779856,0.043394
99.798674,0.042599
99.818679,0.049002
99.838528,0.073789
99.858565,0.091181
99.878577,0.091529
99.898677,0.078495
99.918716,0.069394
99.939797,0.078654
99.958672,0.064229
99.978702,0.216395
99.999743,0.246113
100.018685,0.227975
100.038673,0.271607
100.058689,0.229464
100.078673,0.108345
100.098597,0.102499
100.118568,0.087566
100.138584,0.097865
100.158561,0.077207
100.178572,0.085408
100.198531,0.116646
100.218538,0.134828
100.238575,0.161771
100.258598,0.152796
100.278636,0.084054
100.298676,0.074034
100.318529,0.073806
100.338568,0.073140
100.358582,0.066517
100.378580,0.055418
100.398591,0.035926
100.418584,0.040116
100.438538,0.050742
100.458595,0.068053
100.478581,0.082750
100.498539,0.070034
100.518567,0.042148
100.538582,0.025382
100.558586,0.020469
100.578584,0.016985
100.598609,0.011421
100.619529,0.006542
100.638571,0.005728
100.658593,0.009123
100.678566,0.012552
100.699727,0.014260
100.718597,0.015605
100.738578,0.017109
100.758574,0.018728
100.779506,0.020272
100.798573,0.021774
100.818573,0.023338
100.838534,0.025183
100.859522,0.027688
100.878583,0.029933
100.898617,0.032215
100.918616,0.034975
100.938588,0.034009
100.958562,0.040660
100.978578,0.048552
100.998589,0.055725
101.018574,0.037423
101.039946,0.050980
101.059934,0.070339
101.079691,0.080299
101.099475,0.081691
101.118679,0.079566
101.138582,0.079033
101.158564,0.079353
101.178561,0.077223
101.198616,0.075693
101.218558,0.073320
101.238847,0.073977
101.258600,0.074594
101.278588,0.078543
101.298561,0.082456
101.318567,0.084969
101.338548,0.089776
101.358569,0.092055
101.378515,0.091442
101.398501,0.094225
101.419517,0.106301
101.438587,0.113252
101.458525,0.114856
101.478577,0.109958
101.498571,0.098028
101.518568,0.097511
101.538566,0.083669
101.558589,0.059602
101.580013,0.042041
101.599935,0.022568
101.619877,0.016171
101.639848,0.029298
101.658678,0.046271
101.679821,0.070205
101.698676,0.091115
101.718705,0.127038
101.738695,0.127440
101.758698,0.147344
101.778696,0.223813
101.798673,0.338924
101.818597,0.239682
101.838530,0.216092
101.858559,0.214321
101.878570,0.197834
101.898575,0.157711
101.919877,0.109107
101.938677,0.076770
101.958674,0.061091
101.978690,0.071774
101.998544,0.187986
102.018607,0.127034
102.038672,0.073581
102.059648,0.137050
102.079735,0.152521
102.098681,0.110889
102.118679,0.094611
102.138528,0.065796
102.158567,0.026306
102.178576,0.047661
102.199472,0.062053
102.218542,0.056370
102.239586,0.068625
102.258695,0.073377
102.278681,0.084590
102.299958,0.203252
102.318688,0.165719
102.338673,0.146503
102.358667,0.153924
102.378685,0.204859
102.398677,0.252980
102.418602,0.171725
102.438569,0.170480
102.458617,0.185911
102.478566,0.169854
102.498618,0.151212
102.518566,0.110637
102.538565,0.080713
102.558585,0.062796
102.578593,0.058832
102.598571,0.093560
102.619615,0.065167
102.638607,0.069835
102.658589,0.064790
102.678563,0.113162
102.699625,0.037891
102.719589,0.032948
102.738580,0.048139
102.758613,0.058015
102.778538,0.058844
102.798572,0.059984
102.818574,0.064960
102.838584,0.069052
102.858586,0.110972
102.878589,0.173858
102.898569,0.173497
102.918603,0.200191
102.938543,0.229647
102.958567,0.321828
102.978571,0.257309
102.998590,0.198318
103.018596,0.231767
103.038538,0.194868
103.058593,0.183300
103.079716,0.148642
103.098543,0.099273
103.118619,0.067412
103.138567,0.058177
103.158594,0.132522
103.178555,0.129323
103.198564,0.065561
103.218586,0.090076
103.238569,0.102889
103.258574,0.040551
103.279420,0.040111
103.298585,0.047541
103.318603,0.057805
103.338583,0.059895
103.358547,0.053748
103.379471,0.060448
103.398585,0.059706
103.418611,0.066350
103.438601,0.199181
103.458579,0.209231
103.478556,0.194998
103.498587,0.221582
103.518577,0.292458
103.538584,0.264976
103.558581,0.244085
103.578595,0.246894
103.598557,0.232359
103.618885,0.200521
103.638596,0.164216
103.658579,0.116918
103.678597,0.079430
103.698860,0.080617
103.718585,0.168702
103.738615,0.208860
103.758608,0.138178
103.778881,0.149829
103.798551,0.204929
103.818574,0.138453
103.838578,0.122245
103.858578,0.122385
103.878580,0.097726
103.898581,0.070490
103.919602,0.070670
103.938586,0.084768
103.958572,0.103305
103.978534,0.111423
103.998587,0.082361
104.019699,0.095749
104.038552,0.081783
104.058573,0.070928
104.078583,0.169299
104.098579,0.266179
104.118610,0.251667
104.138582,0.205099
104.159561,0.214310
104.178562,0.238921
104.198608,0.231845
104.218602,0.204373
104.238608,0.185580
104.258582,0.189031
104.278591,0.185165
104.298607,0.160158
104.318591,0.104333
104.338571,0.097196
104.358567,0.189465
104.378588,0.333025
104.398568,0.230667
104.418607,0.195311
104.438614,0.196393
104.458586,0.176255
104.478548,0.127952
104.498528,0.076314
104.518580,0.044770
104.538571,0.037614
104.558609,0.039192
104.578614,0.043921
104.598543,0.050739
104.619510,0.059468
104.639484,0.165961
104.658611,0.213248
104.678576,0.321493
104.699523,0.371494
104.718533,0.310561
104.738583,0.208144
104.759380,0.183458
104.778609,0.170427
104.798597,0.129646
104.818548,0.111752
104.838589,0.101444
104.858530,0.087353
104.878594,0.083034
104.898581,0.074922
104.918564,0.107707
104.938567,0.132454
104.958573,0.286205
104.978581,0.190193
104.998591,0.269726
105.018574,0.282262
105.038570,0.221480
105.058585,0.223814
105.079451,0.218018
105.098675,0.184835
105.118697,0.126241
105.139278,0.083529
105.158546,0.070854
105.178534,0.063026
105.198602,0.062547
105.219308,0.084552
105.238669,0.107827
105.258577,0.161631
105.278572,0.172715
105.298665,0.153826
105.318916,0.301014
105.338645,0.309058
105.359752,0.206983
105.378670,0.160888
105.399821,0.156404
105.418690,0.141036
105.439893,0.114259
105.458685,0.098530
105.478546,0.102855
105.498523,0.087767
105.518524,0.084883
105.538591,0.079146
105.558581,0.236456
105.578628,0.190617
105.598687,0.248839
105.619681,0.316434
105.638637,0.245707
105.658689,0.230051
105.678685,0.190572
105.699689,0.180902
105.720071,0.137245
105.738964,0.090751
105.758698,0.071114
105.778695,0.067250
105.798694,0.067001
105.818692,0.073019
105.838583,0.096385
105.859542,0.221814
105.878994,0.151228
105.898580,0.115503
105.919976,0.272485
105.938679,0.280400
105.959790,0.180626
105.980117,0.136181
106.000102,0.114582
106.019592,0.090296
106.039752,0.082745
106.059798,0.084053
106.079846,0.079604
106.098640,0.074999
106.119659,0.065807
106.139897,0.113702
106.159714,0.232465
106.178682,0.192054
106.198666,0.274785
106.219804,0.239904
106.239624,0.240433
106.259676,0.254238
106.279750,0.235457
106.300016,0.210810
106.319880,0.157687
106.339907,0.101984
106.359814,0.071474
106.379778,0.063506
106.398675,0.068328
106.419494,0.080541
106.439853,0.109321
106.460115,0.199154
106.479889,0.078651
106.499902,0.132874
106.519924,0.302015
106.539942,0.235468
106.559972,0.106787
106.580053,0.076177
106.598656,0.065710
106.620081,0.055964
106.640017,0.058085
106.659875,0.051798
106.679792,0.047252
106.699962,0.047407
106.719813,0.079747
106.740123,0.196027
106.760021,0.199901
106.779729,0.249726
106.798723,0.309847
106.819929,0.252031
106.839965,0.258637
106.860127,0.250076
106.879945,0.213268
106.899953,0.174194
106.919941,0.118047
106.939963,0.076359
106.959782,0.082013
106.978650,0.196976
106.999758,0.249232
107.019744,0.270208
107.040118,0.347249
107.059923,0.162930
107.079934,0.132451
107.100178,0.339294
107.120030,0.311466
107.138673,0.177926
107.160031,0.138516
107.180004,0.134695
107.199791,0.120051
107.219919,0.088518
107.239816,0.062365
107.260035,0.057180
107.279894,0.067442
107.299794,0.072637
107.320021,0.141738
107.339906,0.092560
107.358621,0.076626
107.379480,0.098209
107.398643,0.073887
107.419783,0.063051
107.439770,0.083965
107.459706,0.073286
107.479809,0.041990
107.499731,0.020062
107.519728,0.027511
107.539667,0.028627
107.559855,0.034868
107.579694,0.053304
107.598644,0.066740
107.619711,0.203789
107.639591,0.161112
107.659658,0.180437
107.679531,0.392049
107.699749,0.491853
107.719808,0.373700
107.739729,0.300729
107.759742,0.279822
107.778639,0.260657
107.799569,0.228396
107.819738,0.181381
107.839728,0.153239
107.859766,0.141789
107.879745,0.130736
107.899767,0.114832
107.919988,0.106255
107.938634,0.153429
107.959801,0.118472
107.978666,0.257345
107.999558,0.230914
108.019838,0.107100
108.039822,0.098516
108.059915,0.087385
108.079888,0.069620
108.099893,0.053990
108.119745,0.047489
108.139697,0.050463
108.159792,0.055251
108.178615,0.062773
108.198622,0.057850
108.219739,0.144730
108.239808,0.262599
108.259776,0.300256
108.279736,0.461464
108.299614,0.429941
108.319749,0.314981
108.340040,0.291231
108.359716,0.285706
108.378669,0.266421
108.399720,0.213565
108.418634,0.165525
108.438640,0.148526
108.459764,0.139379
108.479750,0.121688
108.499815,0.107299
108.519793,0.113075
108.539761,0.192288
108.558657,0.230647
108.578598,0.291149
108.599725,0.149469
108.619661,0.142400
108.639419,0.149303
108.658715,0.122962
108.679615,0.096521
108.698518,0.072049
108.719487,0.051880
108.739607,0.069216
108.759634,0.091446
108.779563,0.124235
108.799512,0.162364
108.819599,0.290567
108.838521,0.254930
108.858522,0.361303
108.879478,0.428832
108.898662,0.326075
108.919790,0.273857
108.939754,0.254648
108.959632,0.233946
108.979668,0.178502
108.998527,0.123320
109.018555,0.095507
109.038565,0.084830
109.058563,0.117545
109.079620,0.155201
109.098564,0.268270
109.119589,0.197847
109.138576,0.170478
109.158596,0.226536
109.178607,0.146373
109.198531,0.122269
109.218578,0.109817
109.238520,0.080073
109.258579,0.046569
109.278525,0.050953
109.298521,0.047514
109.318571,0.052481
109.338520,0.061851
109.358516,0.051353
109.378522,0.135439
109.398536,0.074063
109.418597,0.094545
109.438595,0.104844
109.458580,0.111553
109.478562,0.103825
109.498561,0.079906
109.518578,0.054492
109.538519,0.052198
109.558565,0.067340
109.578541,0.085581
109.598560,0.096233
109.619717,0.105873
109.638630,0.130759
109.658540,0.172313
109.678575,0.198765
109.698552,0.186399
109.718602,0.172235
109.738587,0.160973
109.758556,0.118393
109.778593,0.121707
109.798574,0.134872
109.818580,0.139407
109.838524,0.139033
109.858565,0.115834
109.879459,0.209175
109.898558,0.278695
109.919524,0.258294
109.938572,0.178650
109.958562,0.131451
109.978557,0.198128
109.998531,0.247545
110.018530,0.258194
110.038584,0.257694
110.058571,0.293176
110.078548,0.270394
110.098859,0.183015
110.118583,0.259355
110.138563,0.365104
110.158524,0.373122
110.178534,0.320647
110.198560,0.212171
110.218536,0.130203
110.238582,0.184288
110.258534,0.231721
110.278521,0.281479
110.298556,0.316869
110.318575,0.335191
110.339436,0.420269
110.358586,0.381509
110.378575,0.370019
110.398525,0.272127
110.419850,0.161733
110.439680,0.156632
110.458576,0.139673
110.478621,0.094613
110.498562,0.109448
110.518582,0.114231
110.539698,0.095480
110.558578,0.066160
110.578556,0.044851
110.598613,0.043913
110.619486,0.071195
110.638616,0.105531
110.658580,0.173761
110.678585,0.201002
110.699735,0.169856
110.718595,0.055249
110.738526,0.126596
110.758583,0.120498
110.778598,0.104648
110.798565,0.110571
110.818588,0.121395
110.838571,0.099670
110.858570,0.061879
110.878546,0.040340
110.898561,0.051204
110.918518,0.122959
110.938548,0.071982
110.958594,0.086777
110.978570,0.069404
110.998538,0.074762
111.018565,0.093960
111.039628,0.111487
111.058528,0.121161
111.078592,0.135607
111.098524,0.144282
111.118538,0.151463
111.139581,0.208457
111.158615,0.223752
111.178536,0.046692
111.198576,0.144824
111.218576,0.095845
111.238581,0.063747
111.258551,0.046798
111.278574,0.049311
111.298560,0.155105
111.318577,0.154998
111.338516,0.146816
111.358574,0.129215
111.378583,0.122606
111.399642,0.101385
111.418583,0.071074
111.438572,0.036307
111.458536,0.010201
111.478572,0.018739
111.498526,0.013262
111.518561,0.015239
111.538523,0.011902
111.559472,0.010582
111.578537,0.015358
111.598525,0.014467
111.619487,0.015158
111.639618,0.019702
111.658562,0.023514
111.678563,0.026087
111.698528,0.027903
111.718584,0.029335
111.738531,0.030404
111.758579,0.031054
111.778607,0.031291
111.798537,0.031239
111.818581,0.030964
111.838580,0.030495
111.858561,0.029864
111.878522,0.028938
111.898560,0.027945
111.918578,0.026858
111.938529,0.025621
111.958584,0.024258
111.978531,0.022626
111.998529,0.021112
112.019592,0.019723
112.038518,0.018354
112.058567,0.016970
112.078554,0.015554
112.098521,0.014166
112.118527,0.012794
112.138554,0.011432
112.158563,0.010083
112.178610,0.008758
112.198520,0.007483
112.218577,0.006269
112.238557,0.005204
112.258581,0.003998
112.278607,0.002800
112.298559,0.001463
112.318553,0.001561
112.338511,0.002543
112.358533,0.003445
112.378886,0.004152
112.398531,0.004811
112.418539,0.005567
112.438585,0.006287
112.458526,0.006943
112.478570,0.007567
112.498555,0.008128
112.518552,0.008606
112.538563,0.008990
112.559649,0.009262
112.578528,0.009499
112.598556,0.009687
112.618646,0.009725
112.638583,0.009639
112.658578,0.009482
112.679474,0.009255
112.699622,0.008961
112.718894,0.008604
112.738657,0.008186
112.758558,0.007708
112.778571,0.007177
112.798510,0.006706
112.818515,0.006312
112.838560,0.005804
112.858512,0.005231
112.878549,0.004636
112.898568,0.004039
112.918583,0.003453
112.938570,0.002890
112.958561,0.002348
112.978591,0.001829
112.999733,0.001319
113.018673,0.001567
113.039614,0.001823
113.058594,0.002059
113.078541,0.002275
113.098521,0.002473
113.118552,0.002651
113.138522,0.002808
113.158937,0.002944
113.178615,0.003093
113.198540,0.003294
113.218578,0.003462
113.238561,0.003593
113.258552,0.003688
113.279488,0.003770
113.298536,0.003817
113.318521,0.003830
113.338573,0.003809
113.358587,0.003755
113.378517,0.003672
113.398565,0.003560
113.418547,0.003424
113.439595,0.003265
113.459667,0.003086
113.478672,0.002889
113.498525,0.002677
113.518573,0.002452
113.539511,0.002217
113.558576,0.001973
113.578895,0.001726
113.599926,0.001476
113.618952,0.001225
113.638654,0.000977
113.659864,0.000726
113.679623,0.000443
113.699580,0.001358
113.718586,0.002729
113.738588,0.003820
113.758589,0.003770
113.778596,0.003671
113.798575,0.003660
113.818576,0.003734
113.838520,0.003833
113.858523,0.003930
113.878529,0.004015
113.898574,0.004087
113.918524,0.004145
113.938574,0.004190
113.958523,0.004224
113.978566,0.004247
113.998532,0.004256
114.018562,0.002190
114.038594,0.002375
114.058532,0.002005
114.078548,0.001917
114.098521,0.001794
114.118569,0.001680
114.138583,0.001547
114.159439,0.001419
114.179709,0.001297
114.198653,0.001176
114.218575,0.001052
114.238527,0.000924
114.258846,0.000795
114.278593,0.000664
114.298611,0.000535
114.318531,0.000406
114.339559,0.000280
114.358563,0.000269
114.378516,0.000340
114.398592,0.000406
114.418592,0.000465
114.438577,0.000517
114.458574,0.000578
114.479803,0.000643
114.499544,0.000702
114.518573,0.000753
114.538535,0.000797
114.558527,0.000833
114.578540,0.000862
114.598577,0.000883
114.619712,0.000896
114.639629,0.000903
114.659482,0.000901
114.679612,0.000893
114.698664,0.000878
114.718690,0.000857
114.739532,0.000829
114.758720,0.000797
114.778612,0.000759
114.798586,0.000716
114.818607,0.000672
114.839897,0.000624
114.858573,0.000573
114.878568,0.000519
114.898610,0.000463
114.918612,0.000405
114.938706,0.000345
114.958646,0.000285
114.978662,0.000224
114.998584,0.000163
115.018532,0.000115
115.038597,0.000155
115.058550,0.000197
115.078582,0.000248
115.098532,0.000296
115.118571,0.000340
115.138527,0.000380
115.158538,0.000417
115.179717,0.000450
115.198587,0.000477
115.218535,0.000500
115.238498,0.000519
115.258544,0.000534
115.278569,0.000544
115.298574,0.000549
115.318521,0.000550
115.338576,0.000547
115.358571,0.000539
115.378521,0.000528
115.398523,0.000513
115.418593,0.000495
115.438531,0.000473
115.458514,0.000449
115.478576,0.000422
115.498591,0.000393
115.518586,0.000362
115.538607,0.000330
115.558517,0.000297
115.578514,0.000263
115.598505,0.000228
115.619005,0.000193
115.638584,0.000159
115.658526,0.000125
115.678609,0.000142
115.698546,0.000162
115.718561,0.000181
115.738583,0.000199
115.759602,0.000214
115.778847,0.000228
115.798552,0.000242
115.818533,0.000258
115.838545,0.000275
115.858561,0.000288
115.879518,0.000300
115.898503,0.000310
115.918543,0.000317
115.938592,0.000322
115.958518,0.000325
115.978572,0.000324
115.998584,0.000322
116.018558,0.000318
116.038505,0.000312
116.058563,0.000304
116.078562,0.000294
116.098548,0.000282
116.118555,0.000269
116.138586,0.000256
116.159634,0.000240
116.178501,0.000224
116.198549,0.000206
116.218559,0.000189
116.238573,0.000171
116.259444,0.000152
116.278558,0.000134
116.298545,0.000116
116.318568,0.000098
116.338554,0.000080
116.358549,0.000086
116.378506,0.000103
116.398506,0.000120
116.418572,0.000135
116.438547,0.000149
116.458550,0.000162
116.478551,0.000174
116.498586,0.000184
116.518582,0.000194
116.538541,0.000202
116.559469,0.000208
116.578525,0.000213
116.598548,0.000216
116.619707,0.000218
116.638671,0.000219
116.659458,0.000218
116.678591,0.000216
116.698555,0.000213
116.718522,0.000208
116.738551,0.000202
116.758564,0.000196
116.778558,0.000189
116.798519,0.000180
116.818553,0.000171
116.838501,0.000161
116.858508,0.000151
116.878552,0.000140
116.899019,0.000130
116.918548,0.000119
116.938583,0.000108
116.959841,0.000097
116.979829,0.000089
116.998567,0.000096
117.018560,0.000102
117.038502,0.000108
117.058534,0.000114
117.078578,0.000118
117.098516,0.000123
117.118517,0.000128
117.138549,0.000134
117.158508,0.000140
117.178560,0.000145
117.199518,0.000149
117.218547,0.000152
117.238582,0.000154
117.258540,0.000156
117.278596,0.000158
117.299929,0.000157
117.318599,0.000157
117.338612,0.000156
117.358591,0.000155
117.378584,0.000152
117.398574,0.000150
117.418607,0.000146
117.438596,0.000142
117.458594,0.000138
117.478585,0.000133
117.498834,0.000128
117.518554,0.000123
117.538562,0.000117
117.558568,0.000112
117.578588,0.000106
117.599589,0.000100
117.618611,0.000094
117.640160,0.000089
117.658602,0.000083
117.678563,0.000078
117.698555,0.000079
117.718595,0.000083
117.738558,0.000087
117.759534,0.000091
117.778640,0.000095
117.798561,0.000099
117.818586,0.000102
117.838658,0.000106
117.858549,0.000108
117.878512,0.000110
117.898563,0.000112
117.918543,0.000114
117.938568,0.000114
117.958550,0.000115
117.978499,0.000114
117.998566,0.000113
118.018557,0.000112
118.038507,0.000112
118.058562,0.000110
118.078577,0.000108
118.099434,0.000105
118.119659,0.000103
118.138561,0.000100
118.158519,0.000097
118.178512,0.000094
118.198551,0.000091
118.219463,0.000087
118.238568,0.000084
118.258571,0.000080
118.278510,0.000077
118.298544,0.000080
118.319458,0.000082
118.338510,0.000085
118.358513,0.000088
118.378501,0.000092
118.398505,0.000094
118.418583,0.000097
118.438532,0.000099
118.458552,0.000101
118.478504,0.000103
118.498556,0.000105
118.518506,0.000106
118.538571,0.000107
118.558566,0.000108
118.578576,0.000109
118.598555,0.000110
118.619529,0.000110
118.639412,0.000110
118.658572,0.000109
118.678521,0.000109
118.698555,0.000108
118.718536,0.000107
118.738581,0.000106
118.759475,0.000105
118.778590,0.000104
118.798515,0.000102
118.818508,0.000101
118.838552,0.000100
118.859613,0.000098
118.879623,0.000096
118.898532,0.000094
118.918581,0.000092
118.938544,0.000091
118.958571,0.000089
118.978564,0.000087
118.998544,0.000085
119.018526,0.000083
119.038569,0.000083
119.058565,0.000084
119.078549,0.000085
119.098565,0.000086
119.118572,0.000087
119.139420,0.000088
119.159457,0.000089
119.178577,0.000090
119.198587,0.000090
119.219803,0.000091
119.238545,0.000091
119.258593,0.000091
119.278616,0.000157
119.298587,0.002772
119.318598,0.010224
119.338806,0.018165
119.358576,0.041409
119.378584,0.061386
119.398896,0.069545
119.418546,0.077732
119.438645,0.079567
119.458654,0.080357
119.478651,0.071150
119.498535,0.072504
119.518595,0.070143
119.539064,0.074662
119.559515,0.075356
119.579745,0.073834
119.598670,0.070873
119.619649,0.071321
119.639529,0.078558
119.660001,0.140611
119.678675,0.205017
119.698710,0.201468
119.718688,0.195603
119.738680,0.190307
119.760125,0.167518
119.779931,0.144279
119.798669,0.127538
119.819871,0.132199
119.839513,0.136370
119.859833,0.130843
119.878680,0.095036
119.900121,0.120022
119.918667,0.190907
119.938678,0.322387
119.958675,0.265221
119.978578,0.202528
119.998594,0.201542
120.018578,0.210531
120.038534,0.195073
120.058583,0.155200
120.078580,0.132139
120.098576,0.133999
120.118576,0.143791
120.139761,0.150937
120.158571,0.141445
120.178612,0.106294
120.198534,0.151020
120.219506,0.148970
120.238531,0.377241
120.258593,0.327134
120.279478,0.181594
120.298681,0.181846
120.318598,0.179110
120.338537,0.119720
120.358589,0.082523
120.378548,0.077318
120.398582,0.065192
120.418665,0.048192
120.438649,0.061900
120.459731,0.071796
120.478677,0.088730
120.498675,0.131653
120.518572,0.295934
120.538590,0.327895
120.558618,0.450018
120.578612,0.385037
120.598547,0.259201
120.619650,0.209848
120.638566,0.182247
120.658600,0.134774
120.678533,0.106403
120.698600,0.097297
120.718573,0.090518
120.738593,0.080138
120.758602,0.076218
120.779690,0.073087
120.798581,0.066592
120.818597,0.106358
120.838539,0.183054
120.858668,0.164280
120.878538,0.252704
120.898549,0.205003
120.919626,0.188466
120.938693,0.196301
120.959686,0.194119
120.978681,0.165252
120.999923,0.116457
121.018670,0.090148
121.038705,0.092105
121.058559,0.092762
121.078568,0.093698
121.098539,0.087509
121.119636,0.076165
121.138550,0.144901
121.158581,0.219144
121.178539,0.319712
121.199792,0.439649
121.219889,0.367708
121.239616,0.258537
121.258690,0.214270
121.278578,0.183626
121.299510,0.141055
121.318670,0.122792
121.339999,0.126590
121.358658,0.126039
121.378675,0.139691
121.398673,0.145927
121.418579,0.143890
121.438588,0.182623
121.458585,0.348010
121.478588,0.222220
121.498538,0.256444
121.518537,0.116892
121.538556,0.096108
121.558568,0.068199
121.578643,0.047768
121.598555,0.054810
121.618629,0.056726
121.638803,0.054268
121.658608,0.051269
121.678623,0.049529
121.698579,0.048429
121.718551,0.047158
121.738613,0.045065
121.758642,0.042874
121.778578,0.040371
121.798719,0.037616
121.818514,0.034417
121.838619,0.030895
121.858613,0.026704
121.878648,0.022956
121.898613,0.024059
121.918552,0.027103
121.938634,0.031175
121.958708,0.035905
121.978638,0.039308
121.998583,0.115647
122.018601,0.120189
122.038554,0.118177
122.058600,0.135166
122.078625,0.165288
122.098717,0.189526
122.118615,0.197578
122.138712,0.196874
122.158676,0.178706
122.178614,0.197916
122.198635,0.215829
122.218641,0.210388
122.238616,0.152703
122.258544,0.072097
122.278610,0.138885
122.298584,0.122283
122.318619,0.114591
122.338543,0.111962
122.358722,0.097507
122.378646,0.064072
122.398556,0.037374
122.418731,0.044953
122.438600,0.031390
122.458628,0.025518
122.478624,0.029500
122.498613,0.028214
122.518622,0.031251
122.538916,0.039401
122.558620,0.088593
122.578556,0.042203
122.598636,0.073729
122.618605,0.093984
122.638872,0.061368
122.658600,0.096170
122.678515,0.186576
122.698547,0.147928
122.718538,0.101215
122.738507,0.089173
122.758581,0.100471
122.778548,0.103673
122.798618,0.085328
122.818544,0.074771
122.838704,0.080180
122.858525,0.090524
122.878608,0.093246
122.898548,0.090470
122.918707,0.061887
122.938612,0.065190
122.958611,0.110587
122.978607,0.108275
122.998587,0.103698
123.018597,0.115292
123.038631,0.109200
123.058519,0.069879
123.078607,0.041332
123.098615,0.032933
123.118668,0.039888
123.138618,0.049083
123.158609,0.053218
123.178605,0.184797
123.198603,0.094887
123.218773,0.090028
123.238657,0.216395
123.258748,0.215703
123.278777,0.149290
123.298661,0.124080
123.318604,0.139077
123.338568,0.134288
123.358626,0.115472
123.378641,0.106335
123.398593,0.106416
123.418632,0.104243
123.438586,0.092778
123.458669,0.177046
123.478729,0.078526
123.498652,0.160545
123.518545,0.188564
123.538533,0.124781
123.558603,0.121399
123.578632,0.128770
123.598664,0.108176
123.618599,0.070318
123.638588,0.037407
123.658642,0.033065
123.678586,0.032706
123.698606,0.044431
123.718590,0.064271
123.738620,0.086178
123.758614,0.217705
123.778630,0.109566
123.798643,0.192342
123.818552,0.284075
123.838612,0.209120
123.858598,0.137461
123.878664,0.128582
123.898776,0.126374
123.918643,0.103486
123.938666,0.087943
123.958601,0.090065
123.978608,0.086135
123.998633,0.083333
124.018507,0.073519
124.038551,0.151007
124.058494,0.104913
124.078472,0.096344
124.098549,0.167766
124.118527,0.128987
124.138531,0.116772
124.158611,0.128591
124.178603,0.123851
124.198621,0.090844
124.218513,0.053039
124.238699,0.041837
124.258514,0.044693
124.278628,0.050991
124.298710,0.054426
124.318588,0.070812
124.338739,0.234619
124.358579,0.102884
124.378621,0.139149
124.398545,0.282497
124.418698,0.238084
124.438546,0.169864
124.458700,0.142764
124.478553,0.146043
124.498575,0.127595
124.518641,0.108970
124.538639,0.110390
124.558558,0.108197
124.578535,0.105092
124.598540,0.089191
124.618517,0.072857
124.638612,0.195264
124.658638,0.139073
124.678566,0.211508
124.698603,0.146288
124.718543,0.116443
124.738573,0.125756
124.758627,0.121807
124.778680,0.086775
124.798653,0.051640
124.818729,0.041435
124.838680,0.039740
124.858595,0.041429
124.878520,0.053604
124.898634,0.075616
124.918635,0.133854
124.938627,0.181904
124.958739,0.129269
124.978601,0.261190
124.998654,0.249264
125.018586,0.171950
125.038632,0.139076
125.058627,0.147339
125.078609,0.141227
125.098582,0.118926
125.118585,0.110180
125.138531,0.116435
125.158621,0.116794
125.178554,0.112112
125.198506,0.094564
125.218640,0.146161
125.238573,0.115985
125.258551,0.179345
125.278621,0.183618
125.298595,0.128804
125.318957,0.130642
125.338646,0.138678
125.358537,0.124124
125.378807,0.088785
125.398610,0.057447
125.418695,0.050773
125.438721,0.047596
125.458679,0.049133
125.478689,0.057598
125.498697,0.080552
125.518596,0.217416
125.538496,0.169395
125.558590,0.205210
125.578522,0.331077
125.598472,0.255590
125.618557,0.173063
125.638530,0.143081
125.658553,0.135972
125.678522,0.111353
125.698551,0.095712
125.718761,0.102502
125.738674,0.099652
125.758611,0.097778
125.778609,0.089166
125.798757,0.073325
125.818834,0.173414
125.838631,0.118528
125.858561,0.176308
125.878522,0.196781
125.898517,0.139451
125.918656,0.136459
125.938688,0.145369
125.958760,0.125372
125.978531,0.088603
125.998607,0.066188
126.018601,0.067776
126.038635,0.063364
126.058605,0.062962
126.078602,0.062561
126.098532,0.077790
126.118639,0.148162
126.138510,0.184509
126.158605,0.194442
126.178531,0.311953
126.198871,0.242833
126.218640,0.159799
126.238711,0.135896
126.258613,0.140017
126.278620,0.123178
126.298612,0.105164
126.318867,0.108840
126.338570,0.108553
126.358614,0.108457
126.378627,0.098129
126.398605,0.076956
126.418816,0.189534
126.438675,0.120884
126.458626,0.216436
126.478692,0.178287
126.498669,0.129484
126.518518,0.138597
126.538667,0.145036
126.558617,0.115425
126.578607,0.078824
126.598608,0.058142
126.618605,0.057039
126.638530,0.052267
126.658600,0.053434
126.678584,0.066028
126.698609,0.087228
126.718596,0.236100
126.738590,0.158356
126.758515,0.237533
126.778625,0.311638
126.798768,0.237647
126.818611,0.156954
126.838686,0.139225
126.858610,0.136381
126.878625,0.112757
126.898656,0.100651
126.918614,0.107339
126.938683,0.103102
126.958598,0.100042
126.978576,0.084580
126.998592,0.068063
127.018591,0.216863
127.038631,0.136176
127.058768,0.219521
127.078616,0.155991
127.098596,0.126634
127.118532,0.142338
127.138529,0.143863
127.158557,0.113401
127.178525,0.087839
127.198599,0.085332
127.218648,0.085387
127.238646,0.083145
127.258608,0.079409
127.278600,0.070270
127.298621,0.092165
127.318580,0.244501
127.338611,0.151789
127.358607,0.280687
127.378551,0.254378
127.398616,0.176510
127.418748,0.135941
127.438595,0.135727
127.458725,0.117316
127.478567,0.103623
127.498616,0.108978
127.518727,0.112526
127.538579,0.111430
127.558501,0.101223
127.578754,0.077500
127.598589,0.167480
127.618589,0.165673
127.638601,0.255289
127.658601,0.209568
127.678595,0.153010
127.698556,0.158312
127.718562,0.162989
127.738603,0.129096
127.758514,0.085405
127.778530,0.058626
127.798537,0.052972
127.818663,0.044808
127.838599,0.053607
127.858551,0.074979
127.878860,0.094463
127.898701,0.161423
127.918599,0.175054
127.938533,0.185780
127.958662,0.303524
127.978627,0.232145
127.998592,0.149395
128.018597,0.123680
128.038625,0.118153
128.058628,0.092733
128.078606,0.082217
128.098807,0.088787
128.118598,0.089635
128.138550,0.095185
128.158599,0.088468
128.178596,0.069447
128.198599,0.199803
128.218619,0.138527
128.238532,0.221205
128.258688,0.196246
128.278609,0.161862
128.298623,0.174032
128.318617,0.174893
128.338515,0.152690
128.358550,0.108620
128.378537,0.072455
128.398753,0.059133
128.418704,0.049770
128.438648,0.047891
128.458641,0.068826
128.478551,0.089758
128.498545,0.227675
128.518615,0.133596
128.538537,0.203708
128.558625,0.288186
128.578548,0.215090
128.598619,0.142238
128.618718,0.131201
128.638540,0.109079
128.658619,0.090195
128.678597,0.094223
128.698605,0.099061
128.718606,0.094209
128.738528,0.096006
128.758568,0.084906
128.778579,0.071493
128.798681,0.214865
128.818586,0.168603
128.838641,0.236407
128.858841,0.178391
128.878603,0.156397
128.898615,0.167713
128.918531,0.165542
128.938753,0.129643
128.958578,0.087752
128.978580,0.063897
128.998684,0.049543
129.018527,0.040004
129.038672,0.054541
129.058600,0.076516
129.078594,0.094448
129.098638,0.246376
129.118604,0.129407
129.138615,0.282434
129.158592,0.254973
129.178638,0.179122
129.198609,0.135238
129.218607,0.131404
129.238795,0.108491
129.258524,0.091308
129.278600,0.096268
129.298681,0.101659
129.318592,0.106163
129.338595,0.109286
129.358540,0.094948
129.378531,0.089316
129.398529,0.172627
129.418802,0.194238
129.438644,0.228347
129.458631,0.172565
129.478611,0.172336
129.498496,0.171639
129.518590,0.163677
129.538615,0.125114
129.558580,0.085687
129.578553,0.069217
129.598739,0.054398
129.618630,0.043727
129.638540,0.054556
129.658524,0.072124
129.678586,0.088546
129.698600,0.259426
129.718645,0.174583
129.738646,0.313095
129.758669,0.272281
129.778526,0.198281
129.798595,0.157268
129.818688,0.146109
129.838501,0.116869
129.858669,0.101967
129.878599,0.109375
129.898674,0.114360
129.918598,0.120044
129.938599,0.116193
129.958640,0.099910
129.978595,0.150234
129.998524,0.136178
130.018528,0.201264
130.038667,0.172305
130.058549,0.123505
130.078603,0.131657
130.098608,0.134631
130.118658,0.110355
130.138597,0.076387
130.158569,0.053798
130.178522,0.051855
130.198575,0.046566
130.218683,0.046552
130.238559,0.050798
130.258523,0.069640
130.278525,0.207917
130.298607,0.153993
130.318596,0.197606
130.338601,0.319857
130.358589,0.248196
130.378653,0.173482
130.398819,0.147132
130.418808,0.145700
130.438836,0.121663
130.458848,0.099761
130.478627,0.110382
130.498599,0.112783
130.518829,0.114719
130.538592,0.105430
130.558771,0.088921
130.578470,0.206107
130.598731,0.128273
130.618598,0.230791
130.638527,0.190586
130.658527,0.140528
130.678528,0.143201
130.698572,0.142289
130.718729,0.109920
130.738916,0.079530
130.758921,0.067579
130.778595,0.060845
130.798601,0.050260
130.818614,0.046127
130.838601,0.060418
130.858607,0.076107
130.878523,0.231343
130.898534,0.151220
130.918740,0.220809
130.938612,0.317021
130.958596,0.237319
130.978553,0.160430
130.998630,0.145848
131.018523,0.141873
131.038623,0.114370
131.058605,0.101756
131.078530,0.113602
131.098598,0.114460
131.118594,0.115212
131.138596,0.102215
131.158610,0.085452
131.178656,0.216138
131.198627,0.156304
131.218616,0.234219
131.238627,0.163881
131.258531,0.130819
131.278523,0.139450
131.298615,0.130964
131.318529,0.095999
131.338604,0.067687
131.358603,0.056026
131.378845,0.049008
131.398551,0.042637
131.418830,0.050441
131.438579,0.063817
131.458795,0.081689
131.478770,0.259491
131.498549,0.166250
131.518564,0.273152
131.538653,0.297564
131.558605,0.226644
131.578558,0.161597
131.598540,0.151730
131.618549,0.141779
131.638537,0.118960
131.658561,0.117505
131.678535,0.126012
131.698598,0.123407
131.718546,0.118215
131.738627,0.098731
131.758581,0.105957
131.778545,0.157042
131.798632,0.169662
131.818534,0.200386
131.838538,0.128588
131.858550,0.120946
131.878535,0.132281
131.898569,0.105645
131.918551,0.074231
131.938543,0.058330
131.958694,0.051533
131.978530,0.044809
131.998656,0.042774
132.018533,0.047543
132.038543,0.061268
132.058641,0.091302
132.078528,0.250940
132.098538,0.220856
132.118537,0.334238
132.138498,0.275691
132.158533,0.195202
132.178546,0.160369
132.198644,0.158249
132.218549,0.138531
132.238540,0.113653
132.258659,0.115299
132.278560,0.119503
132.298598,0.117156
132.318582,0.106738
132.338541,0.090595
132.358621,0.164446
132.378585,0.122424
132.398632,0.190500
132.418884,0.176150
132.438607,0.120028
132.458699,0.123793
132.478594,0.128897
132.498758,0.097266
132.518535,0.070984
132.538836,0.063590
132.558620,0.061578
132.578464,0.055382
132.598530,0.055767
132.618694,0.056618
132.638533,0.059631
132.658608,0.144537
132.678551,0.202039
132.698545,0.234265
132.718585,0.347255
132.738574,0.267229
132.759043,0.184306
132.778558,0.157742
132.798601,0.158573
132.818530,0.134234
132.838500,0.111721
132.858563,0.116622
132.878507,0.115981
132.898562,0.113003
132.918673,0.097140
132.938597,0.080551
132.958612,0.204777
132.978596,0.132053
132.998604,0.227635
133.018579,0.153548
133.038703,0.111292
133.058660,0.122638
133.078639,0.117373
133.098568,0.086732
133.118629,0.064850
133.138630,0.060369
133.158615,0.056137
133.178586,0.050246
133.198591,0.050524
133.218539,0.050808
133.238602,0.066188
133.258521,0.258435
133.278591,0.159954
133.298615,0.257567
133.318575,0.319532
133.338587,0.244219
133.358472,0.173394
133.378452,0.160823
133.398625,0.160276
133.418570,0.134024
133.438557,0.116523
133.458784,0.123389
133.478633,0.119366
133.498604,0.110848
133.518635,0.088789
133.538688,0.114330
133.558699,0.165304
133.578697,0.175859
133.598688,0.217766
133.618557,0.143787
133.638536,0.126567
133.658551,0.133065
133.678578,0.104056
133.698546,0.074262
133.718535,0.063659
133.738543,0.058526
133.758553,0.048832
133.778620,0.045365
133.798609,0.047193
133.818773,0.051731
133.838571,0.080401
133.858755,0.255364
133.878877,0.206964
133.898619,0.327916
133.918545,0.278257
133.938661,0.199512
133.958708,0.166225
133.978627,0.165234
133.998746,0.149009
134.018593,0.117882
134.038664,0.113419
134.058596,0.118628
134.078506,0.116269
134.098569,0.104393
134.118524,0.083429
134.138649,0.170069
134.158563,0.134308
134.178677,0.199665
134.198539,0.169429
134.218577,0.117947
134.238574,0.123807
134.258623,0.128203
134.278744,0.102493
134.298595,0.074633
134.318606,0.080060
134.338600,0.080968
134.358560,0.069555
134.378527,0.069376
134.398605,0.094730
134.418732,0.130089
134.438730,0.295615
134.458677,0.249737
134.478606,0.291068
134.498530,0.387529
134.518737,0.325545
134.538601,0.261566
134.558601,0.209854
134.578683,0.192277
134.598573,0.150690
134.618653,0.114672
134.638614,0.096091
134.658823,0.105787
134.678529,0.142253
134.698509,0.172427
134.718594,0.222713
134.738601,0.273911
134.758726,0.231512
134.778645,0.232163
134.798637,0.170723
134.818595,0.145902
134.838599,0.133551
134.858709,0.090895
134.878595,0.070616
134.898575,0.082270
134.918621,0.088443
134.938600,0.099553
134.958647,0.104326
134.978527,0.111442
134.998589,0.122982
135.018641,0.231928
135.038756,0.163751
135.058680,0.147777
135.078628,0.216144
135.098664,0.204697
135.118581,0.158969
135.138852,0.146288
135.158774,0.144085
135.178832,0.131265
135.198881,0.094127
135.218731,0.064732
135.239096,0.055785
135.259047,0.065547
135.278829,0.156852
135.298855,0.064241
135.319102,0.059727
135.339131,0.099005
135.358844,0.108876
135.379051,0.087374
135.399185,0.086993
135.419139,0.082558
135.438995,0.054799
135.458732,0.049356
135.478574,0.066084
135.498644,0.069069
135.518634,0.066717
135.538686,0.064471
135.558542,0.097092
135.579070,0.161046
135.598896,0.106380
135.618717,0.094936
135.638599,0.143524
135.658716,0.204231
135.678574,0.192487
135.698953,0.164550
135.719800,0.175200
135.739125,0.153848
135.759098,0.124571
135.779191,0.083665
135.799093,0.054545
135.818995,0.058344
135.838979,0.083998
135.858903,0.157852
135.878726,0.115957
135.898635,0.081079
135.919240,0.105716
135.938920,0.122494
135.958874,0.082965
135.978577,0.070422
135.998565,0.043315
136.018541,0.038595
136.038532,0.058463
136.058589,0.059313
136.078735,0.061193
136.098573,0.067507
136.118681,0.127365
136.138645,0.158294
136.158739,0.125510
136.179173,0.124577
136.198887,0.131666
136.218808,0.183021
136.238711,0.164421
136.258558,0.136368
136.278682,0.129894
136.298566,0.131094
136.318660,0.120272
136.338527,0.084992
136.358760,0.056279
136.378657,0.051594
136.398679,0.077426
136.418780,0.106793
136.438616,0.052954
136.458672,0.060603
136.478545,0.108768
136.498642,0.077121
136.519493,0.063613
136.538828,0.079186
136.558753,0.051267
136.578636,0.034310
136.598711,0.056877
136.618586,0.060297
136.638669,0.067086
136.658653,0.080123
136.678676,0.181714
136.698636,0.156968
136.718626,0.127742
136.738684,0.140019
136.758611,0.150413
136.778661,0.204934
136.798530,0.173309
136.818663,0.144974
136.838631,0.137494
136.858672,0.134630
136.878658,0.117008
136.898756,0.078541
136.918663,0.045981
136.938669,0.060343
136.958582,0.091987
136.978644,0.109943
136.998644,0.055362
137.018622,0.064745
137.038602,0.078537
137.058648,0.056966
137.078740,0.059273
137.098632,0.042205
137.118668,0.028088
137.138642,0.051710
137.158537,0.053717
137.178578,0.062081
137.198732,0.069701
137.218771,0.074597
137.238572,0.192949
137.258602,0.150297
137.278579,0.140273
137.298548,0.141969
137.318533,0.186075
137.338645,0.197302
137.358699,0.159990
137.378553,0.143619
137.398706,0.140187
137.418954,0.132057
137.438600,0.101149
137.458667,0.067047
137.478560,0.048217
137.498546,0.065409
137.518734,0.128555
137.538742,0.063050
137.558717,0.043612
137.578699,0.084649
137.598832,0.064240
137.618795,0.036978
137.638646,0.036351
137.658502,0.015019
137.678652,0.034141
137.698518,0.043463
137.718644,0.050727
137.738633,0.054093
137.758567,0.056675
137.778550,0.107848
137.798650,0.151371
137.818646,0.133796
137.838652,0.144361
137.858566,0.159456
137.878594,0.220427
137.898640,0.187620
137.918624,0.150033
137.938677,0.147408
137.958591,0.147062
137.978619,0.136722
137.998621,0.100577
138.018631,0.064083
138.038635,0.052680
138.058663,0.053608
138.078648,0.140388
138.098609,0.060502
138.118614,0.050801
138.138589,0.088847
138.158654,0.065116
138.178648,0.051221
138.198666,0.050182
138.218694,0.025282
138.238651,0.023414
138.258639,0.032493
138.278736,0.041633
138.298626,0.046867
138.318517,0.053381
138.338621,0.116838
138.358553,0.150799
138.378642,0.134216
138.398649,0.144048
138.418811,0.205812
138.438687,0.227185
138.458650,0.171452
138.478525,0.146885
138.498629,0.149227
138.518687,0.151338
138.538590,0.129760
138.558719,0.095513
138.578666,0.070429
138.598671,0.069553
138.618649,0.066706
138.638641,0.135455
138.658531,0.065095
138.678519,0.085802
138.698516,0.102720
138.718518,0.066565
138.738528,0.078186
138.758527,0.073691
138.778678,0.048353
138.798675,0.031511
138.818638,0.032133
138.838676,0.043442
138.858671,0.059878
138.878529,0.076215
138.898512,0.080443
138.918622,0.145254
138.938653,0.109760
138.958526,0.108344
138.978628,0.185237
138.998619,0.265975
139.018622,0.219640
139.038630,0.184785
139.058629,0.192921
139.078698,0.205000
139.098521,0.203830
139.118574,0.179426
139.138636,0.161521
139.158587,0.157786
139.178677,0.148457
139.198639,0.088652
139.218566,0.140159
139.238665,0.095203
139.258634,0.195278
139.278653,0.230843
139.298673,0.196280
139.318628,0.202549
139.338636,0.191272
139.358677,0.153492
139.378647,0.109872
139.398632,0.087837
139.418679,0.084424
139.438730,0.075736
139.458558,0.070595
139.478631,0.060117
139.498530,0.063864
139.518707,0.224508
139.538543,0.200747
139.558666,0.340360
139.578533,0.259762
139.598665,0.171347
139.618793,0.150627
139.638656,0.151557
139.658518,0.132633
139.678515,0.122449
139.698516,0.136703
139.718518,0.140971
139.738563,0.143403
139.758524,0.130947
139.778538,0.105916
139.798521,0.169825
139.818529,0.154421
139.838517,0.238646
139.858529,0.186123
139.878576,0.121500
139.898532,0.126346
139.918522,0.129755
139.938595,0.102644
139.958532,0.065812
139.978526,0.048738
139.998514,0.048910
140.018515,0.045836
140.038529,0.049306
140.058517,0.049686
140.078539,0.069271
140.098525,0.111943
140.118515,0.285994
140.138515,0.282287
140.158513,0.400554
140.178527,0.303030
140.198534,0.216735
140.218516,0.178221
140.238527,0.165400
140.258515,0.137367
140.278515,0.119693
140.298506,0.127282
140.318513,0.125742
140.338517,0.123800
140.358566,0.117033
140.378525,0.101695
140.398527,0.098362
140.418831,0.190900
140.438542,0.152675
140.458529,0.222613
140.478545,0.130185
140.498545,0.090672
140.518677,0.100805
140.538570,0.087502
140.558576,0.050854
140.578573,0.032074
140.598569,0.028840
140.618562,0.033906
140.638676,0.048418
140.658546,0.062279
140.678527,0.057761
140.698528,0.086394
140.718534,0.286090
140.738551,0.253679
140.758543,0.403402
140.778569,0.344000
140.798551,0.245065
140.818552,0.203260
140.838543,0.195000
140.858630,0.177047
140.878536,0.144758
140.898551,0.140872
140.918538,0.142255
140.938551,0.137122
140.958771,0.127665
140.978535,0.119412
140.998603,0.113990
141.018592,0.223791
141.038611,0.176783
141.058665,0.244786
141.078690,0.143879
141.098630,0.107513
141.118681,0.121539
141.138523,0.097972
141.158623,0.068110
141.178542,0.059646
141.198570,0.059414
141.218572,0.058496
141.238565,0.062343
141.258473,0.064559
141.278518,0.057193
141.298517,0.095300
141.318523,0.302920
141.338488,0.277569
141.358669,0.412180
141.378573,0.344012
141.398467,0.243394
141.418860,0.207699
141.438520,0.205173
141.458506,0.180065
141.478545,0.147501
141.498472,0.145546
141.518676,0.144193
141.538511,0.138570
141.558502,0.127008
141.578523,0.113343
141.598491,0.106061
141.618379,0.231800
141.638800,0.228272
141.658640,0.222700
141.679049,0.133741
141.699118,0.113990
141.718380,0.140732
141.738669,0.113999
141.759059,0.069459
141.779046,0.060836
141.799057,0.058105
141.818550,0.055920
141.838919,0.058007
141.858903,0.058968
141.878575,0.049633
141.898951,0.079407
141.919212,0.285322
141.939061,0.257335
141.959140,0.454412
141.979166,0.389824
141.999059,0.327031
142.018280,0.255385
142.038648,0.209445
142.059092,0.189562
142.078837,0.150727
142.099059,0.143723
142.119104,0.143660
142.139193,0.138548
142.158351,0.128034
142.178366,0.115311
142.198601,0.108506
142.218952,0.224786
142.239060,0.203712
142.259087,0.251405
142.279049,0.151232
142.299413,0.104102
142.318316,0.117054
142.338622,0.096622
142.358621,0.067835
142.378905,0.060575
142.399151,0.055060
142.418957,0.051270
142.439057,0.051104
142.458835,0.053442
142.478271,0.040711
142.498595,0.070184
142.519059,0.252361
142.538616,0.218054
142.558755,0.346477
142.578958,0.450803
142.599110,0.292604
142.618414,0.219221
142.638964,0.214122
142.658948,0.169768
142.679169,0.118956
142.699244,0.107302
142.718588,0.115540
142.738776,0.114917
142.758379,0.111903
142.778685,0.096912
142.798942,0.094039
142.819028,0.106317
142.839144,0.174029
142.858992,0.265371
142.879033,0.185192
142.898494,0.122948
142.918300,0.121034
142.938736,0.114638
142.958460,0.082984
142.978877,0.064290
142.999140,0.059616
143.019217,0.053790
143.038750,0.045397
143.058313,0.037088
143.078620,0.070608
143.098918,0.052524
143.119070,0.102190
143.139068,0.265985
143.159178,0.234016
143.179192,0.372612
143.198455,0.313869
143.218696,0.221674
143.238480,0.197141
143.259031,0.199460
143.279062,0.182625
143.299094,0.148251
143.319086,0.139267
143.338314,0.139551
143.358715,0.125003
143.378930,0.104344
143.399062,0.057119
143.418818,0.094636
143.438971,0.267159
143.458759,0.224834
143.478853,0.326586
143.498431,0.195457
143.518938,0.147703
143.539136,0.161945
143.559085,0.161851
143.578424,0.128051
143.598735,0.097321
143.619110,0.088645
143.638472,0.076608
143.658891,0.083887
143.678977,0.068635
143.699173,0.056529
143.719190,0.088129
143.739049,0.251166
143.758510,0.199152
143.778337,0.308127
143.798583,0.323670
143.818913,0.255366
143.839052,0.207489
143.859064,0.205570
143.879075,0.210863
143.899094,0.172392
143.918372,0.147134
143.938387,0.138722
143.958643,0.116046
143.979234,0.101150
143.999143,0.104887
144.019150,0.124749
144.038611,0.275578
144.058395,0.270411
144.078590,0.311740
144.098492,0.211405
144.119035,0.162198
144.139087,0.160491
144.159296,0.147663
144.179107,0.104280
144.198685,0.072652
144.218353,0.058773
144.238582,0.048927
144.258939,0.063610
144.278601,0.077638
144.298899,0.100516
144.319179,0.122329
144.339063,0.198750
144.358538,0.198286
144.378677,0.210642
144.398385,0.317805
144.419285,0.280056
144.439229,0.217665
144.458466,0.113167
144.479049,0.112214
144.498407,0.083838
144.518707,0.091812
144.539083,0.106100
